{"type":"FeatureCollection","metadata":{"fuente":"IGN, capa municipio","generado":"2026-10-06","tolerancia_grados":0.0005},"features":[{"type":"Feature","properties":{"nombre":"Aguaray"},"geometry":{"type":"MultiPolygon","coordinates":[[[[-63.15542,-21.99933],[-63.13219,-21.99933],[-63.13319,-22.32485],[-63.40009,-22.32453],[-63.42386,-22.30276],[-63.41271,-22.2928],[-63.44236,-22.2642],[-63.52875,-22.3446],[-63.52878,-22.34687],[-63.57099,-22.38468],[-63.60445,-22.343],[-63.61694,-22.33572],[-63.61912,-22.33764],[-63.60501,-22.36356],[-63.64299,-22.36388],[-63.69909,-22.37408],[-63.69905,-22.3605],[-63.83008,-22.35766],[-63.81709,-22.34357],[-63.81708,-22.34074],[-63.8207,-22.33527],[-63.81228,-22.33115],[-63.8172,-22.33101],[-63.81536,-22.27363],[-63.95856,-22.27275],[-63.96062,-22.27364],[-64.07464,-22.2726],[-64.07157,-22.26939],[-64.07086,-22.26627],[-64.0714,-22.26534],[-64.07386,-22.26532],[-64.07397,-22.26411],[-64.06928,-22.25736],[-64.06817,-22.25008],[-64.06481,-22.24494],[-64.06241,-22.23838],[-64.05994,-22.23811],[-64.05633,-22.24557],[-64.05361,-22.24724],[-64.0499,-22.2455],[-64.04317,-22.24734],[-64.04074,-22.24656],[-64.03966,-22.24582],[-64.0398,-22.24496],[-64.04317,-22.24373],[-64.04208,-22.24169],[-64.03601,-22.24354],[-64.03433,-22.24359],[-64.03352,-22.24278],[-64.03388,-22.23906],[-64.03926,-22.23777],[-64.0398,-22.23543],[-64.03906,-22.23437],[-64.03409,-22.23508],[-64.03093,-22.23401],[-64.03039,-22.23254],[-64.03117,-22.22896],[-64.03242,-22.22678],[-64.03829,-22.226],[-64.03916,-22.22317],[-64.02957,-22.21698],[-64.02664,-22.20876],[-64.0273,-22.20758],[-64.0325,-22.20444],[-64.0331,-22.19683],[-64.03059,-22.19258],[-64.02566,-22.18844],[-64.01703,-22.18717],[-64.01527,-22.18246],[-64.01638,-22.18198],[-64.02151,-22.18295],[-64.02406,-22.17746],[-64.0234,-22.1746],[-64.0216,-22.17162],[-64.01921,-22.17068],[-64.01607,-22.16758],[-64.00955,-22.16591],[-64.00667,-22.16074],[-64.00381,-22.16063],[-64.00103,-22.1584],[-64.00042,-22.15683],[-64.00388,-22.15499],[-64.00478,-22.15321],[-64.00071,-22.14578],[-63.99789,-22.14375],[-63.99708,-22.14219],[-63.99765,-22.14052],[-63.99928,-22.13937],[-63.99905,-22.13793],[-63.99631,-22.13363],[-63.9936,-22.1338],[-63.99265,-22.13314],[-63.99375,-22.13046],[-63.99661,-22.12973],[-63.99785,-22.12853],[-63.99814,-22.12377],[-63.99685,-22.12207],[-63.99421,-22.12104],[-63.99021,-22.118],[-63.98963,-22.11475],[-63.9933,-22.11388],[-63.99211,-22.11064],[-63.99259,-22.10862],[-63.99346,-22.10828],[-63.99744,-22.11009],[-63.99952,-22.10911],[-64.00004,-22.10768],[-63.9981,-22.10567],[-63.99254,-22.10528],[-63.98961,-22.10685],[-63.98893,-22.10936],[-63.98604,-22.10903],[-63.98634,-22.10517],[-63.99043,-22.10471],[-63.99062,-22.10286],[-63.98947,-22.09899],[-63.98621,-22.09367],[-63.98017,-22.09138],[-63.97813,-22.09296],[-63.97708,-22.09268],[-63.97636,-22.09021],[-63.9773,-22.08607],[-63.98268,-22.08649],[-63.98259,-22.08406],[-63.97961,-22.081],[-63.97532,-22.08035],[-63.97493,-22.08662],[-63.96955,-22.0889],[-63.96772,-22.0924],[-63.96647,-22.09316],[-63.96312,-22.09232],[-63.96093,-22.08739],[-63.95807,-22.08577],[-63.95839,-22.08403],[-63.96072,-22.08467],[-63.96179,-22.08406],[-63.95843,-22.08064],[-63.96018,-22.07706],[-63.95734,-22.06801],[-63.96216,-22.06609],[-63.96219,-22.06459],[-63.96032,-22.06292],[-63.95149,-22.05935],[-63.9499,-22.05791],[-63.94972,-22.05671],[-63.95102,-22.05557],[-63.9545,-22.05794],[-63.95676,-22.05699],[-63.95532,-22.05278],[-63.95159,-22.05188],[-63.95032,-22.05073],[-63.95054,-22.04948],[-63.95348,-22.04829],[-63.95547,-22.04622],[-63.95482,-22.04468],[-63.94972,-22.04335],[-63.95263,-22.03917],[-63.95333,-22.03662],[-63.94836,-22.03685],[-63.94638,-22.03605],[-63.94138,-22.02957],[-63.94157,-22.0287],[-63.94396,-22.02726],[-63.94495,-22.0245],[-63.93849,-22.01757],[-63.93781,-22.01591],[-63.93886,-22.01422],[-63.94318,-22.01247],[-63.9444,-22.0099],[-63.94361,-22.00888],[-63.94092,-22.00881],[-63.93917,-22.01116],[-63.9382,-22.01138],[-63.93772,-22.01041],[-63.93872,-22.00723],[-63.93246,-22.00183],[-63.93146,-21.99938],[-63.88729,-21.99944],[-63.88705,-22.05607],[-63.88578,-22.05522],[-63.88458,-22.05576],[-63.88246,-22.0538],[-63.88198,-22.05099],[-63.88142,-22.05038],[-63.88071,-22.0508],[-63.88065,-22.04818],[-63.87938,-22.04677],[-63.87699,-22.04493],[-63.87416,-22.04419],[-63.87381,-22.04315],[-63.87488,-22.04157],[-63.87355,-22.03948],[-63.86838,-22.04179],[-63.86269,-22.03989],[-63.86171,-22.04196],[-63.85901,-22.04353],[-63.85786,-22.04336],[-63.85883,-22.0417],[-63.85739,-22.0402],[-63.85392,-22.04128],[-63.85277,-22.04036],[-63.85229,-22.04136],[-63.8471,-22.04059],[-63.84642,-22.04101],[-63.84661,-22.04226],[-63.84872,-22.04301],[-63.84746,-22.044],[-63.8466,-22.043],[-63.84314,-22.04299],[-63.84325,-22.041],[-63.84162,-22.04],[-63.84084,-22.04191],[-63.83997,-22.04207],[-63.83969,-22.04016],[-63.8369,-22.04107],[-63.83527,-22.03948],[-63.83316,-22.03898],[-63.83287,-22.03748],[-63.83191,-22.03773],[-63.83132,-22.03964],[-63.8296,-22.03897],[-63.82795,-22.04112],[-63.8267,-22.04129],[-63.82727,-22.04262],[-63.82958,-22.04304],[-63.82831,-22.04561],[-63.82745,-22.04561],[-63.82697,-22.04453],[-63.82533,-22.04519],[-63.82274,-22.0436],[-63.82234,-22.04684],[-63.81936,-22.04608],[-63.81916,-22.04849],[-63.81686,-22.04691],[-63.81561,-22.04748],[-63.81415,-22.05006],[-63.81433,-22.05189],[-63.80944,-22.05012],[-63.80895,-22.0507],[-63.8097,-22.05387],[-63.80653,-22.05286],[-63.80585,-22.05568],[-63.80498,-22.05626],[-63.80507,-22.05324],[-63.80455,-22.05608],[-63.80127,-22.05587],[-63.79971,-22.05791],[-63.79697,-22.05864],[-63.79833,-22.06502],[-63.80077,-22.06822],[-63.79959,-22.0682],[-63.79828,-22.06696],[-63.79516,-22.06674],[-63.79473,-22.0654],[-63.79293,-22.06538],[-63.79203,-22.06721],[-63.79256,-22.06834],[-63.79008,-22.07007],[-63.79006,-22.07103],[-63.79211,-22.07324],[-63.79018,-22.07568],[-63.78617,-22.07643],[-63.78615,-22.07828],[-63.78837,-22.07966],[-63.78707,-22.08065],[-63.78705,-22.0823],[-63.78638,-22.08229],[-63.78635,-22.08464],[-63.78482,-22.08343],[-63.7813,-22.0855],[-63.78126,-22.08836],[-63.77776,-22.08832],[-63.7771,-22.08941],[-63.77738,-22.09303],[-63.77647,-22.09302],[-63.77648,-22.09201],[-63.77487,-22.09104],[-63.77304,-22.09103],[-63.77221,-22.09282],[-63.77511,-22.09458],[-63.77509,-22.09657],[-63.76508,-22.09956],[-63.76286,-22.09861],[-63.76182,-22.09894],[-63.76179,-22.10112],[-63.7595,-22.10281],[-63.75947,-22.10591],[-63.7614,-22.1083],[-63.76067,-22.11098],[-63.75964,-22.1114],[-63.75842,-22.11061],[-63.75895,-22.10762],[-63.75831,-22.10619],[-63.75579,-22.1048],[-63.75291,-22.10714],[-63.75171,-22.11128],[-63.75037,-22.11265],[-63.74101,-22.10241],[-63.74008,-22.1024],[-63.73913,-22.09986],[-63.73557,-22.10034],[-63.73334,-22.09968],[-63.73113,-22.10027],[-63.73163,-22.10314],[-63.73041,-22.10388],[-63.72961,-22.10273],[-63.72585,-22.10183],[-63.72232,-22.1042],[-63.72229,-22.10638],[-63.72359,-22.10862],[-63.72046,-22.11228],[-63.71692,-22.11403],[-63.70585,-22.11271],[-63.70203,-22.11069],[-63.70004,-22.11119],[-63.6994,-22.11297],[-63.69978,-22.11507],[-63.70225,-22.11691],[-63.70396,-22.12821],[-63.70126,-22.13559],[-63.70158,-22.13764],[-63.69914,-22.13972],[-63.6958,-22.14093],[-63.69579,-22.14203],[-63.69835,-22.14354],[-63.70199,-22.148],[-63.70307,-22.15058],[-63.69774,-22.15344],[-63.69512,-22.15602],[-63.69488,-22.15902],[-63.69613,-22.16042],[-63.70169,-22.16275],[-63.70109,-22.16579],[-63.69629,-22.17081],[-63.69371,-22.17078],[-63.69267,-22.17153],[-63.69322,-22.17516],[-63.691,-22.17911],[-63.68699,-22.18074],[-63.68668,-22.18177],[-63.68811,-22.18602],[-63.68724,-22.1885],[-63.68508,-22.19046],[-63.68275,-22.19116],[-63.6775,-22.18835],[-63.67626,-22.18598],[-63.67453,-22.18596],[-63.67342,-22.18701],[-63.67317,-22.18918],[-63.67373,-22.19126],[-63.67682,-22.19267],[-63.6768,-22.19468],[-63.67589,-22.1961],[-63.67115,-22.19659],[-63.66323,-22.1935],[-63.66111,-22.19379],[-63.6594,-22.1952],[-63.65783,-22.1975],[-63.65764,-22.20197],[-63.65884,-22.20668],[-63.65754,-22.20915],[-63.65327,-22.21192],[-63.64781,-22.21185],[-63.64328,-22.20986],[-63.64554,-22.19774],[-63.64499,-22.19572],[-63.64381,-22.19477],[-63.63531,-22.19405],[-63.62523,-22.20041],[-63.62133,-22.20108],[-63.61671,-22.19995],[-63.61544,-22.20301],[-63.56171,-22.20326],[-63.56285,-22.15413],[-63.54853,-22.15396],[-63.55104,-21.99938],[-63.15542,-21.99933]]]]}},{"type":"Feature","properties":{"nombre":"Aguas Blancas"},"geometry":{"type":"MultiPolygon","coordinates":[[[[-64.37697,-22.72027],[-64.37435,-22.71987],[-64.3728,-22.72065],[-64.37311,-22.72544],[-64.37247,-22.72721],[-64.36395,-22.72353],[-64.35958,-22.72541],[-64.35378,-22.73072],[-64.35078,-22.73248],[-64.34911,-22.73559],[-64.34433,-22.7394],[-64.34359,-22.74574],[-64.34171,-22.75114],[-64.33921,-22.75496],[-64.34007,-22.7599],[-64.34211,-22.76415],[-64.33964,-22.76759],[-64.33713,-22.77393],[-64.33972,-22.78578],[-64.34407,-22.79307],[-64.34404,-22.79574],[-64.34221,-22.80664],[-64.33759,-22.80708],[-64.34491,-22.80927],[-64.34933,-22.80624],[-64.35056,-22.80294],[-64.3588,-22.80455],[-64.3612,-22.80271],[-64.3657,-22.80115],[-64.36753,-22.80277],[-64.37231,-22.80231],[-64.37457,-22.80109],[-64.3765,-22.79761],[-64.38062,-22.79475],[-64.38077,-22.7936],[-64.38177,-22.79357],[-64.38204,-22.79261],[-64.38447,-22.79355],[-64.38552,-22.79301],[-64.38574,-22.79149],[-64.38789,-22.79167],[-64.39341,-22.78874],[-64.39396,-22.78769],[-64.39526,-22.78784],[-64.39439,-22.78598],[-64.39619,-22.78552],[-64.39586,-22.78372],[-64.39695,-22.78432],[-64.39749,-22.78261],[-64.39826,-22.78386],[-64.39962,-22.78296],[-64.39945,-22.78175],[-64.40103,-22.78075],[-64.40196,-22.7824],[-64.40359,-22.78115],[-64.40768,-22.78064],[-64.40779,-22.77913],[-64.40964,-22.77848],[-64.40925,-22.77637],[-64.41149,-22.77401],[-64.41312,-22.77586],[-64.41427,-22.77476],[-64.4153,-22.77551],[-64.41674,-22.77344],[-64.39466,-22.71855],[-64.38948,-22.72319],[-64.38815,-22.72307],[-64.38318,-22.71745],[-64.38017,-22.71765],[-64.37697,-22.72027]]]]}},{"type":"Feature","properties":{"nombre":"Angastaco"},"geometry":{"type":"MultiPolygon","coordinates":[[[[-66.34319,-25.82362],[-66.34518,-25.8159],[-66.34632,-25.80615],[-66.34662,-25.79677],[-66.3459,-25.79365],[-66.34803,-25.78583],[-66.34078,-25.77448],[-66.33431,-25.76083],[-66.32837,-25.75747],[-66.32951,-25.75418],[-66.32922,-25.7491],[-66.32585,-25.74113],[-66.32812,-25.73556],[-66.32687,-25.72767],[-66.32712,-25.72238],[-66.32596,-25.71717],[-66.32691,-25.70908],[-66.32513,-25.70452],[-66.32706,-25.6985],[-66.32667,-25.6925],[-66.32799,-25.68766],[-66.32797,-25.68282],[-66.32336,-25.67191],[-66.32125,-25.66469],[-66.3199,-25.65937],[-66.31989,-25.65453],[-66.32201,-25.6492],[-66.33865,-25.63846],[-66.3412,-25.63461],[-66.34207,-25.62956],[-66.34005,-25.60949],[-66.34138,-25.60343],[-66.34711,-25.59885],[-66.34807,-25.59589],[-66.34797,-25.58213],[-66.3458,-25.5737],[-66.34606,-25.57129],[-66.349,-25.5681],[-66.34579,-25.5652],[-66.33879,-25.56313],[-66.32625,-25.56388],[-66.31599,-25.5615],[-66.31217,-25.55947],[-66.30839,-25.55871],[-66.3013,-25.55],[-66.29637,-25.53604],[-66.29582,-25.52926],[-66.29734,-25.52051],[-66.30378,-25.51086],[-66.29977,-25.50772],[-66.29256,-25.50435],[-66.28376,-25.50195],[-66.27706,-25.49571],[-66.26428,-25.49352],[-66.2525,-25.49007],[-66.24347,-25.48388],[-66.23787,-25.48195],[-66.23371,-25.48227],[-66.2296,-25.48423],[-66.2198,-25.48548],[-66.1956,-25.48337],[-66.19088,-25.48213],[-66.17671,-25.47309],[-66.16456,-25.46878],[-66.15865,-25.46204],[-66.15518,-25.45959],[-66.14751,-25.45582],[-66.14039,-25.45441],[-66.12945,-25.45399],[-66.12249,-25.45265],[-66.12114,-25.45432],[-66.11371,-25.4552],[-66.11155,-25.45698],[-66.10876,-25.45676],[-66.1072,-25.45452],[-66.10208,-25.4551],[-66.10033,-25.45648],[-66.09294,-25.45634],[-66.08834,-25.45888],[-66.08551,-25.45932],[-66.08137,-25.45743],[-66.06682,-25.45546],[-66.06204,-25.45688],[-66.05716,-25.45509],[-66.03347,-25.45453],[-66.02644,-25.45215],[-66.02527,-25.44881],[-66.02497,-25.44036],[-66.02393,-25.43637],[-66.02427,-25.42858],[-66.01908,-25.41269],[-66.01306,-25.38719],[-66.00989,-25.37884],[-66.01019,-25.37688],[-65.9799,-25.38289],[-65.97095,-25.38173],[-65.97438,-25.38729],[-65.95225,-25.40159],[-65.95894,-25.42212],[-65.95427,-25.42655],[-65.95751,-25.42996],[-65.95447,-25.44669],[-65.94514,-25.47365],[-65.95663,-25.47349],[-65.95717,-25.48082],[-65.95512,-25.4936],[-65.95577,-25.49989],[-65.95297,-25.51653],[-65.94899,-25.52352],[-65.94658,-25.53553],[-65.94572,-25.54887],[-65.95385,-25.55413],[-65.96611,-25.56059],[-65.96914,-25.57661],[-65.97534,-25.58882],[-65.98342,-25.61091],[-65.99151,-25.63828],[-65.98617,-25.6419],[-65.98266,-25.64942],[-65.98111,-25.65594],[-65.98212,-25.66294],[-65.98005,-25.66624],[-65.97838,-25.67474],[-65.96614,-25.67638],[-65.95506,-25.68295],[-65.95857,-25.69139],[-65.95574,-25.6948],[-65.94439,-25.69723],[-65.93626,-25.72801],[-65.94049,-25.72847],[-65.98094,-25.72194],[-65.98526,-25.71951],[-65.99347,-25.70748],[-66.01116,-25.69732],[-66.02447,-25.69334],[-66.04012,-25.69391],[-66.04668,-25.69491],[-66.04439,-25.70472],[-66.06017,-25.70188],[-66.06493,-25.69845],[-66.14436,-25.69724],[-66.21704,-25.72604],[-66.21535,-25.73027],[-66.22687,-25.75482],[-66.23027,-25.77007],[-66.23247,-25.78797],[-66.21232,-25.82081],[-66.20479,-25.82884],[-66.17683,-25.85301],[-66.18125,-25.88064],[-66.20197,-25.92118],[-66.20891,-25.92765],[-66.20179,-25.9388],[-66.21097,-25.94996],[-66.20062,-25.95855],[-66.18659,-25.95548],[-66.17856,-25.96731],[-66.17399,-25.98368],[-66.16491,-25.99347],[-66.17477,-26.01389],[-66.17568,-26.02818],[-66.16352,-26.07827],[-66.16584,-26.10902],[-66.16652,-26.10949],[-66.16631,-26.11546],[-66.16827,-26.11864],[-66.17643,-26.1259],[-66.18139,-26.13311],[-66.18144,-26.13523],[-66.1862,-26.13619],[-66.18799,-26.1358],[-66.19095,-26.13244],[-66.19445,-26.13059],[-66.20535,-26.13257],[-66.20769,-26.13601],[-66.21258,-26.13919],[-66.21618,-26.13947],[-66.21808,-26.14257],[-66.21903,-26.14649],[-66.23039,-26.14968],[-66.23287,-26.15213],[-66.23521,-26.15768],[-66.24021,-26.16315],[-66.24306,-26.17702],[-66.24502,-26.18041],[-66.2502,-26.1848],[-66.25413,-26.18968],[-66.26008,-26.19289],[-66.26666,-26.19522],[-66.26732,-26.19605],[-66.26744,-26.20379],[-66.27059,-26.20521],[-66.27273,-26.20932],[-66.27654,-26.21152],[-66.27904,-26.21574],[-66.27975,-26.22009],[-66.28647,-26.22252],[-66.29296,-26.22931],[-66.29767,-26.24631],[-66.30085,-26.24871],[-66.30136,-26.2525],[-66.306,-26.26225],[-66.30196,-26.2707],[-66.3039,-26.27261],[-66.30628,-26.27779],[-66.31051,-26.28237],[-66.3186,-26.28576],[-66.32121,-26.28736],[-66.32264,-26.28933],[-66.32234,-26.29302],[-66.32002,-26.29566],[-66.3202,-26.29728],[-66.32742,-26.30185],[-66.32833,-26.30328],[-66.33073,-26.31038],[-66.33027,-26.31484],[-66.33206,-26.32138],[-66.33492,-26.32413],[-66.34114,-26.33382],[-66.33989,-26.33942],[-66.34305,-26.34322],[-66.35525,-26.35208],[-66.35966,-26.35696],[-66.36239,-26.36267],[-66.3618,-26.3698],[-66.36239,-26.37254],[-66.3643,-26.37528],[-66.37025,-26.38979],[-66.36989,-26.3961],[-66.37477,-26.41264],[-66.38202,-26.4168],[-66.41367,-26.39883],[-66.42033,-26.39098],[-66.42735,-26.3848],[-66.43116,-26.38503],[-66.4352,-26.38349],[-66.43984,-26.3798],[-66.44303,-26.37521],[-66.45626,-26.36969],[-66.46102,-26.36409],[-66.47363,-26.36112],[-66.4775,-26.35934],[-66.47964,-26.35984],[-66.48201,-26.36246],[-66.48915,-26.36626],[-66.50819,-26.36484],[-66.51247,-26.36151],[-66.51665,-26.35968],[-66.52441,-26.36002],[-66.52884,-26.35802],[-66.53169,-26.35483],[-66.53988,-26.35316],[-66.5395,-26.34403],[-66.54121,-26.34245],[-66.54478,-26.34155],[-66.54877,-26.33297],[-66.54901,-26.32526],[-66.5471,-26.32194],[-66.55057,-26.3186],[-66.55655,-26.31048],[-66.55673,-26.30737],[-66.55566,-26.30346],[-66.55637,-26.29982],[-66.55958,-26.29672],[-66.56025,-26.29477],[-66.55929,-26.29072],[-66.55703,-26.28681],[-66.55697,-26.28504],[-66.55946,-26.28097],[-66.55944,-26.27766],[-66.55905,-26.27588],[-66.55352,-26.26849],[-66.55352,-26.26002],[-66.55709,-26.25418],[-66.56148,-26.25273],[-66.56683,-26.2492],[-66.56683,-26.2432],[-66.56535,-26.23602],[-66.56863,-26.23052],[-66.5679,-26.22476],[-66.57016,-26.21839],[-66.57493,-26.21386],[-66.57598,-26.21067],[-66.57658,-26.19807],[-66.57372,-26.19351],[-66.57182,-26.18558],[-66.5717,-26.18183],[-66.57236,-26.17872],[-66.57479,-26.17437],[-66.57681,-26.17175],[-66.58163,-26.16885],[-66.58264,-26.16719],[-66.58276,-26.16167],[-66.58392,-26.16017],[-66.59315,-26.15121],[-66.59862,-26.14874],[-66.61835,-26.14472],[-66.62037,-26.14193],[-66.62059,-26.13691],[-66.62227,-26.13169],[-66.6259,-26.12715],[-66.63671,-26.11855],[-66.63888,-26.11525],[-66.64628,-26.11061],[-66.65935,-26.10721],[-66.65982,-26.10562],[-66.65507,-26.10149],[-66.6537,-26.09907],[-66.65257,-26.0929],[-66.65382,-26.09022],[-66.65739,-26.08684],[-66.65798,-26.08341],[-66.66087,-26.07666],[-66.6622,-26.07573],[-66.66598,-26.07521],[-66.66933,-26.07611],[-66.67575,-26.07949],[-66.67949,-26.08003],[-66.68888,-26.07734],[-66.69191,-26.07862],[-66.69316,-26.08185],[-66.69488,-26.08196],[-66.69684,-26.07981],[-66.69779,-26.07976],[-66.70237,-26.08201],[-66.70439,-26.08169],[-66.70457,-26.07745],[-66.70546,-26.07573],[-66.70688,-26.07493],[-66.71467,-26.07396],[-66.71996,-26.07858],[-66.72222,-26.07949],[-66.72893,-26.07482],[-66.73059,-26.07004],[-66.73,-26.06645],[-66.73107,-26.06532],[-66.74343,-26.06409],[-66.75125,-26.06016],[-66.75276,-26.05808],[-66.75501,-26.05142],[-66.75727,-26.05013],[-66.76856,-26.05045],[-66.76975,-26.04965],[-66.77641,-26.0489],[-66.78039,-26.04691],[-66.78169,-26.04407],[-66.78015,-26.03526],[-66.78104,-26.03395],[-66.78764,-26.02839],[-66.79257,-26.02174],[-66.80137,-26.01649],[-66.5954,-25.90443],[-66.37165,-25.98806],[-66.37358,-25.98188],[-66.37517,-25.98036],[-66.37262,-25.97516],[-66.37284,-25.97115],[-66.37811,-25.95527],[-66.38067,-25.95206],[-66.38237,-25.93526],[-66.37484,-25.93156],[-66.37225,-25.92628],[-66.37229,-25.92056],[-66.36892,-25.91291],[-66.36214,-25.88348],[-66.35567,-25.88128],[-66.35103,-25.8821],[-66.34585,-25.87989],[-66.33378,-25.86943],[-66.33244,-25.86661],[-66.33217,-25.85794],[-66.33056,-25.84721],[-66.33145,-25.84641],[-66.33155,-25.84447],[-66.33604,-25.83914],[-66.33709,-25.83662],[-66.3417,-25.83363],[-66.34184,-25.82563],[-66.34319,-25.82362]]]]}},{"type":"Feature","properties":{"nombre":"Animaná"},"geometry":{"type":"MultiPolygon","coordinates":[[[[-65.81242,-25.95696],[-65.84102,-25.9787],[-65.86586,-25.98226],[-65.865,-25.99098],[-65.8664,-25.99283],[-65.86927,-26.0009],[-65.86516,-26.00812],[-65.86098,-26.01208],[-65.85925,-26.01498],[-65.85957,-26.0167],[-65.85852,-26.01855],[-65.85819,-26.02301],[-65.8565,-26.02506],[-65.85462,-26.02531],[-65.85721,-26.02725],[-65.86068,-26.0255],[-65.85974,-26.02436],[-65.86386,-26.02371],[-65.86392,-26.02225],[-65.86457,-26.022],[-65.86788,-26.02373],[-65.86825,-26.02495],[-65.8696,-26.02454],[-65.86949,-26.0258],[-65.87005,-26.02702],[-65.87092,-26.0271],[-65.871,-26.02843],[-65.87202,-26.02809],[-65.8725,-26.02873],[-65.87185,-26.0313],[-65.95839,-26.02325],[-66.00149,-26.02306],[-66.00522,-26.02095],[-66.01176,-26.01948],[-66.0176,-26.01969],[-66.0204,-26.01884],[-66.02437,-26.02053],[-66.03138,-26.01863],[-66.03955,-26.01863],[-66.04422,-26.01673],[-66.04749,-26.01631],[-66.0587,-26.01968],[-66.0622,-26.01968],[-66.07038,-26.02305],[-66.08415,-26.02367],[-66.08673,-26.02705],[-66.0928,-26.02852],[-66.0977,-26.02662],[-66.10354,-26.02957],[-66.10985,-26.02999],[-66.12316,-26.03335],[-66.13415,-26.04136],[-66.13953,-26.04979],[-66.14443,-26.04894],[-66.15984,-26.04365],[-66.16242,-26.04977],[-66.16546,-26.05293],[-66.16768,-26.06113],[-66.17568,-26.02818],[-66.17477,-26.01389],[-66.16491,-25.99347],[-66.17399,-25.98368],[-66.17856,-25.96731],[-66.18659,-25.95548],[-66.20062,-25.95855],[-66.21097,-25.94996],[-66.20179,-25.9388],[-66.20891,-25.92765],[-66.20197,-25.92118],[-66.02581,-25.92487],[-65.96386,-25.93446],[-65.96081,-25.92259],[-65.94843,-25.92495],[-65.94841,-25.92814],[-65.94632,-25.92968],[-65.94047,-25.92994],[-65.94142,-25.93365],[-65.90668,-25.93237],[-65.90076,-25.93516],[-65.8978,-25.93872],[-65.89779,-25.94406],[-65.89454,-25.94602],[-65.89471,-25.95206],[-65.89352,-25.95325],[-65.89318,-25.9575],[-65.80503,-25.91668],[-65.80157,-25.92271],[-65.79792,-25.92633],[-65.79427,-25.9363],[-65.81242,-25.95696]]]]}},{"type":"Feature","properties":{"nombre":"Apolinario Saravia"},"geometry":{"type":"MultiPolygon","coordinates":[[[[-63.7937,-24.38833],[-63.8025,-24.43517],[-63.8085,-24.43913],[-63.80897,-24.44176],[-63.81994,-24.44522],[-63.82771,-24.45094],[-63.83179,-24.45655],[-63.84341,-24.46055],[-63.84874,-24.46402],[-63.85947,-24.46666],[-63.86591,-24.47236],[-63.87801,-24.4782],[-63.88144,-24.47679],[-63.8868,-24.4835],[-63.88997,-24.48474],[-63.8941,-24.48884],[-63.89759,-24.49053],[-63.90055,-24.49336],[-63.90726,-24.49414],[-63.91556,-24.49711],[-63.91907,-24.49673],[-63.91802,-24.50431],[-63.92446,-24.50738],[-63.92947,-24.52163],[-63.93308,-24.52354],[-63.94418,-24.52514],[-63.95038,-24.52758],[-63.95845,-24.53563],[-63.96125,-24.53652],[-63.95981,-24.53968],[-63.96888,-24.5406],[-63.97084,-24.54305],[-63.97336,-24.55201],[-63.97903,-24.55582],[-63.98445,-24.56962],[-63.99123,-24.57456],[-64.0064,-24.58095],[-64.00816,-24.59018],[-64.00986,-24.59266],[-64.01573,-24.59504],[-64.02061,-24.59892],[-64.02255,-24.60267],[-64.02288,-24.60911],[-64.02464,-24.61857],[-64.03113,-24.62596],[-64.03492,-24.62768],[-64.0359,-24.6265],[-64.05527,-24.63656],[-64.04976,-24.64336],[-64.05609,-24.6443],[-64.05503,-24.65224],[-64.05829,-24.654],[-64.05977,-24.65662],[-64.06591,-24.66071],[-64.06889,-24.66167],[-64.0702,-24.66801],[-64.07188,-24.66826],[-64.07373,-24.66444],[-64.07641,-24.66375],[-64.08279,-24.66458],[-64.08221,-24.67044],[-64.0855,-24.67336],[-64.09606,-24.67511],[-64.10326,-24.68122],[-64.1203,-24.68939],[-64.12774,-24.69528],[-64.13442,-24.7046],[-64.14177,-24.70434],[-64.13638,-24.7034],[-64.13612,-24.69775],[-64.13366,-24.69071],[-64.13058,-24.68885],[-64.12598,-24.68856],[-64.12358,-24.67433],[-64.13935,-24.67304],[-64.13839,-24.66734],[-64.12262,-24.66863],[-64.11293,-24.61105],[-64.1315,-24.62692],[-64.16567,-24.63036],[-64.16995,-24.62895],[-64.16662,-24.62003],[-64.17384,-24.61364],[-64.17514,-24.61396],[-64.17715,-24.61805],[-64.1804,-24.61758],[-64.16564,-24.55138],[-64.16953,-24.55293],[-64.17591,-24.5496],[-64.18146,-24.54912],[-64.18577,-24.55171],[-64.18846,-24.55581],[-64.18956,-24.5608],[-64.18782,-24.56668],[-64.19202,-24.56925],[-64.19868,-24.56587],[-64.20252,-24.56493],[-64.20216,-24.56197],[-64.20394,-24.56087],[-64.20606,-24.56103],[-64.20792,-24.55436],[-64.21421,-24.55011],[-64.21654,-24.55137],[-64.22222,-24.55689],[-64.22597,-24.55407],[-64.23207,-24.55881],[-64.24462,-24.55478],[-64.24577,-24.55725],[-64.24547,-24.56022],[-64.25008,-24.56399],[-64.25162,-24.55932],[-64.25347,-24.55833],[-64.25023,-24.56593],[-64.25033,-24.56914],[-64.259,-24.56791],[-64.2629,-24.56661],[-64.2623,-24.56044],[-64.26434,-24.55824],[-64.2675,-24.56053],[-64.26618,-24.5629],[-64.26823,-24.56494],[-64.26798,-24.56656],[-64.27197,-24.5693],[-64.27578,-24.56948],[-64.27771,-24.57581],[-64.2798,-24.5779],[-64.28394,-24.57888],[-64.28836,-24.57608],[-64.29015,-24.57948],[-64.29239,-24.58171],[-64.29668,-24.58102],[-64.2996,-24.58732],[-64.30521,-24.58364],[-64.30676,-24.58784],[-64.31219,-24.59025],[-64.31799,-24.58991],[-64.32551,-24.58672],[-64.32766,-24.58708],[-64.32928,-24.58953],[-64.33128,-24.59089],[-64.33382,-24.59102],[-64.33596,-24.59013],[-64.33654,-24.58422],[-64.33807,-24.58316],[-64.34131,-24.583],[-64.34322,-24.57733],[-64.34319,-24.57502],[-64.34466,-24.57404],[-64.34649,-24.57423],[-64.34841,-24.57569],[-64.35366,-24.57378],[-64.35741,-24.57568],[-64.35968,-24.575],[-64.36135,-24.57325],[-64.365,-24.57283],[-64.36726,-24.56696],[-64.36941,-24.56367],[-64.37148,-24.56648],[-64.37344,-24.56549],[-64.37413,-24.5642],[-64.37831,-24.56693],[-64.38296,-24.56843],[-64.38464,-24.56719],[-64.38575,-24.56189],[-64.38678,-24.56056],[-64.38842,-24.56127],[-64.38815,-24.56331],[-64.38941,-24.56575],[-64.39135,-24.56637],[-64.39189,-24.56518],[-64.39105,-24.56166],[-64.39165,-24.56174],[-64.39247,-24.56454],[-64.39435,-24.56344],[-64.39663,-24.56387],[-64.39928,-24.56113],[-64.39857,-24.55941],[-64.39963,-24.55714],[-64.40132,-24.55685],[-64.40207,-24.55811],[-64.40461,-24.55927],[-64.40366,-24.56272],[-64.40407,-24.56349],[-64.40506,-24.56352],[-64.40692,-24.56165],[-64.40945,-24.56158],[-64.41008,-24.56515],[-64.41083,-24.56551],[-64.41372,-24.56199],[-64.41569,-24.56292],[-64.41601,-24.56038],[-64.41885,-24.56162],[-64.41947,-24.55994],[-64.4252,-24.56206],[-64.42508,-24.55997],[-64.42648,-24.55912],[-64.4264,-24.55763],[-64.42794,-24.55717],[-64.42811,-24.55917],[-64.42971,-24.55754],[-64.43064,-24.55817],[-64.43232,-24.55713],[-64.43409,-24.5575],[-64.4342,-24.55511],[-64.43602,-24.55367],[-64.4373,-24.55386],[-64.43547,-24.55022],[-64.43347,-24.49999],[-64.44024,-24.45106],[-64.44252,-24.44789],[-64.4406,-24.44418],[-64.43682,-24.44309],[-64.43595,-24.44214],[-64.43617,-24.43757],[-64.43748,-24.43293],[-64.437,-24.42675],[-64.43208,-24.41972],[-64.42782,-24.41037],[-64.42469,-24.40894],[-64.42422,-24.4049],[-64.42165,-24.40221],[-64.41335,-24.40251],[-64.40888,-24.4042],[-64.39015,-24.40573],[-64.38389,-24.40872],[-64.37608,-24.41603],[-64.37352,-24.41505],[-64.369,-24.41499],[-64.36671,-24.41957],[-64.358,-24.42288],[-64.35358,-24.42252],[-64.34796,-24.42531],[-64.34601,-24.42535],[-64.33928,-24.42164],[-64.33659,-24.42259],[-64.33357,-24.42523],[-64.32805,-24.42433],[-64.32555,-24.42316],[-64.32374,-24.42681],[-64.31834,-24.42716],[-64.31462,-24.42538],[-64.3129,-24.42238],[-64.31126,-24.42117],[-64.30779,-24.42045],[-64.30629,-24.41684],[-64.30513,-24.41586],[-64.30427,-24.41179],[-64.29779,-24.40525],[-64.29456,-24.40742],[-64.29104,-24.40659],[-64.28986,-24.40733],[-64.28695,-24.40687],[-64.28315,-24.40968],[-64.2776,-24.40881],[-64.27428,-24.41045],[-64.27121,-24.41041],[-64.26715,-24.41289],[-64.26502,-24.41534],[-64.25332,-24.419],[-64.24914,-24.42367],[-64.24946,-24.42451],[-64.24765,-24.42605],[-64.24389,-24.42748],[-64.24352,-24.43018],[-64.2402,-24.43259],[-64.22725,-24.43052],[-64.22627,-24.42953],[-64.22176,-24.42822],[-64.21992,-24.42861],[-64.21686,-24.42751],[-64.21452,-24.42828],[-64.20678,-24.42639],[-64.1992,-24.42094],[-64.19491,-24.42084],[-64.1938,-24.42196],[-64.18781,-24.41871],[-64.18542,-24.41844],[-64.17585,-24.4214],[-64.17508,-24.42424],[-64.17319,-24.42443],[-64.17218,-24.42309],[-64.17078,-24.42458],[-64.1689,-24.42272],[-64.16734,-24.42283],[-64.16793,-24.42164],[-64.16769,-24.41742],[-64.16513,-24.41825],[-64.15963,-24.42224],[-64.15796,-24.42189],[-64.1582,-24.41972],[-64.15671,-24.41795],[-64.15458,-24.42036],[-64.15495,-24.42248],[-64.15001,-24.4219],[-64.14776,-24.42537],[-64.14363,-24.42399],[-64.14282,-24.42195],[-64.14139,-24.4225],[-64.14067,-24.42498],[-64.13843,-24.42513],[-64.13694,-24.4264],[-64.13483,-24.42449],[-64.13534,-24.42301],[-64.13164,-24.42314],[-64.13051,-24.4214],[-64.12891,-24.42408],[-64.1295,-24.42573],[-64.13404,-24.42777],[-64.13358,-24.42964],[-64.12973,-24.4282],[-64.12478,-24.43211],[-64.12024,-24.42978],[-64.11904,-24.43018],[-64.11863,-24.43134],[-64.117,-24.43086],[-64.11505,-24.43244],[-64.11334,-24.43213],[-64.11102,-24.43393],[-64.11158,-24.43689],[-64.10886,-24.43902],[-64.1066,-24.43722],[-64.10419,-24.44185],[-64.10128,-24.43932],[-64.09988,-24.44244],[-64.09379,-24.44334],[-64.09368,-24.44058],[-64.09249,-24.4377],[-64.09049,-24.43912],[-64.09158,-24.44059],[-64.08983,-24.44341],[-64.08779,-24.44406],[-64.08396,-24.44269],[-64.08208,-24.44356],[-64.08267,-24.44501],[-64.08754,-24.44627],[-64.08644,-24.44898],[-64.08776,-24.45109],[-64.0862,-24.45221],[-64.08179,-24.44656],[-64.07963,-24.44642],[-64.07765,-24.45031],[-64.07714,-24.4486],[-64.07574,-24.44803],[-64.07383,-24.45092],[-64.07552,-24.45274],[-64.07398,-24.45534],[-64.07146,-24.45741],[-64.06779,-24.45721],[-64.06895,-24.45306],[-64.06116,-24.45249],[-64.05781,-24.4497],[-64.05536,-24.44964],[-64.05441,-24.45084],[-64.05768,-24.45238],[-64.05482,-24.45317],[-64.05441,-24.45633],[-64.05143,-24.45695],[-64.05053,-24.45664],[-64.05165,-24.4539],[-64.05309,-24.45377],[-64.05318,-24.45291],[-64.05184,-24.45224],[-64.04889,-24.45405],[-64.04281,-24.45369],[-64.03501,-24.45283],[-64.02779,-24.45],[-64.02459,-24.44698],[-64.02377,-24.44041],[-64.01941,-24.44135],[-64.01791,-24.43959],[-64.01256,-24.43742],[-64.01079,-24.43544],[-64.00676,-24.41956],[-63.9987,-24.41605],[-63.99079,-24.41765],[-63.98311,-24.41809],[-63.97755,-24.41658],[-63.97476,-24.41259],[-63.9787,-24.40756],[-63.97801,-24.39814],[-63.97736,-24.39765],[-63.97631,-24.39858],[-63.97391,-24.40511],[-63.96967,-24.40668],[-63.9649,-24.39906],[-63.96015,-24.39625],[-63.95622,-24.39724],[-63.95677,-24.39998],[-63.92861,-24.40879],[-63.90802,-24.41151],[-63.89334,-24.40688],[-63.88467,-24.40225],[-63.88094,-24.39683],[-63.87382,-24.39266],[-63.86792,-24.386],[-63.86211,-24.3832],[-63.84543,-24.38618],[-63.83675,-24.38976],[-63.83118,-24.38619],[-63.82692,-24.3803],[-63.82259,-24.37858],[-63.81637,-24.38082],[-63.80964,-24.38172],[-63.80831,-24.38486],[-63.80246,-24.38694],[-63.7937,-24.38833]]]]}},{"type":"Feature","properties":{"nombre":"Cachi"},"geometry":{"type":"MultiPolygon","coordinates":[[[[-66.39315,-24.83824],[-66.38899,-24.84488],[-66.38481,-24.8467],[-66.36676,-24.84654],[-66.36236,-24.84716],[-66.35819,-24.84917],[-66.35092,-24.84899],[-66.33664,-24.85826],[-66.33357,-24.86168],[-66.32983,-24.86269],[-66.32301,-24.86251],[-66.32059,-24.86352],[-66.30937,-24.86434],[-66.29703,-24.85935],[-66.29438,-24.85694],[-66.28624,-24.85716],[-66.27456,-24.85538],[-66.26071,-24.85701],[-66.2517,-24.86666],[-66.24819,-24.86848],[-66.2471,-24.8743],[-66.2416,-24.87853],[-66.23657,-24.88467],[-66.2344,-24.8855],[-66.23332,-24.88881],[-66.2297,-24.89112],[-66.22536,-24.89229],[-66.22156,-24.89444],[-66.2212,-24.89593],[-66.21849,-24.89857],[-66.21597,-24.91063],[-66.20928,-24.91477],[-66.20331,-24.91973],[-66.2006,-24.92452],[-66.19898,-24.92998],[-66.19536,-24.93097],[-66.18911,-24.93728],[-66.18543,-24.93431],[-66.18006,-24.93427],[-66.17791,-24.93231],[-66.17558,-24.93286],[-66.17103,-24.93194],[-66.16698,-24.93259],[-66.16244,-24.93042],[-66.16178,-24.92868],[-66.15993,-24.92759],[-66.15617,-24.92732],[-66.15115,-24.92951],[-66.1468,-24.92853],[-66.14163,-24.92892],[-66.14114,-24.93424],[-66.13927,-24.93603],[-66.13437,-24.94694],[-66.13398,-24.95326],[-66.13242,-24.95766],[-66.13021,-24.96171],[-66.12851,-24.96325],[-66.12735,-24.97111],[-66.12292,-24.97611],[-66.12227,-24.98074],[-66.1194,-24.98336],[-66.11614,-24.98456],[-66.11771,-24.99122],[-66.11132,-24.99967],[-66.11172,-25.00419],[-66.11068,-25.00704],[-66.10729,-25.01192],[-66.10638,-25.01501],[-66.10651,-25.02215],[-66.1056,-25.02584],[-66.1026,-25.03036],[-66.10352,-25.03202],[-66.10585,-25.04329],[-66.10579,-25.04699],[-66.1074,-25.05181],[-66.11102,-25.05792],[-66.11496,-25.06239],[-66.11348,-25.06492],[-66.11639,-25.0685],[-66.1222,-25.07314],[-66.13338,-25.08725],[-66.12394,-25.09358],[-66.11809,-25.0941],[-66.11296,-25.09682],[-66.10983,-25.09675],[-66.10687,-25.0953],[-65.85843,-25.18139],[-65.85741,-25.18361],[-65.85906,-25.18876],[-65.86046,-25.20803],[-65.8637,-25.22212],[-65.86268,-25.22712],[-65.86329,-25.22916],[-65.86471,-25.23009],[-65.86593,-25.23268],[-65.86552,-25.23639],[-65.86715,-25.24195],[-65.87775,-25.24492],[-65.89974,-25.24438],[-65.9352,-25.24051],[-65.946,-25.24367],[-65.94701,-25.24552],[-65.94599,-25.25664],[-65.9464,-25.2596],[-65.94701,-25.26238],[-65.95047,-25.26887],[-65.95393,-25.28314],[-65.95943,-25.28778],[-65.96208,-25.2887],[-65.96473,-25.29204],[-65.97152,-25.29607],[-65.97979,-25.30317],[-66.00156,-25.31137],[-66.00829,-25.30658],[-66.01314,-25.30054],[-66.01661,-25.29337],[-66.01983,-25.29168],[-66.02248,-25.29168],[-66.02715,-25.29376],[-66.03165,-25.29312],[-66.03646,-25.29392],[-66.03931,-25.29239],[-66.04161,-25.29296],[-66.04381,-25.29207],[-66.0446,-25.29063],[-66.09188,-25.27705],[-66.11181,-25.27664],[-66.20923,-25.25763],[-66.21645,-25.25761],[-66.23046,-25.25476],[-66.23238,-25.25289],[-66.23277,-25.25113],[-66.23495,-25.24926],[-66.23572,-25.24654],[-66.23532,-25.24317],[-66.23622,-25.24106],[-66.24406,-25.23578],[-66.24701,-25.22969],[-66.24815,-25.22115],[-66.24401,-25.21109],[-66.25133,-25.20745],[-66.25352,-25.20534],[-66.25416,-25.20335],[-66.2557,-25.20277],[-66.25839,-25.19925],[-66.27086,-25.19443],[-66.27779,-25.18974],[-66.27804,-25.18564],[-66.28086,-25.18107],[-66.28663,-25.17802],[-66.29847,-25.1801],[-66.30554,-25.17622],[-66.30875,-25.17563],[-66.30887,-25.17282],[-66.31144,-25.17036],[-66.32042,-25.16461],[-66.32822,-25.14645],[-66.35651,-25.14849],[-66.35536,-25.15131],[-66.35487,-25.15938],[-66.34848,-25.17543],[-66.35016,-25.1787],[-66.35083,-25.18502],[-66.35572,-25.18583],[-66.36073,-25.18417],[-66.36999,-25.18721],[-66.37964,-25.18635],[-66.38284,-25.18084],[-66.38579,-25.17978],[-66.39361,-25.17192],[-66.39527,-25.16887],[-66.40041,-25.16652],[-66.40488,-25.16076],[-66.40663,-25.15634],[-66.40792,-25.1428],[-66.3999,-25.12775],[-66.40427,-25.12958],[-66.40679,-25.12973],[-66.40969,-25.13241],[-66.41272,-25.13282],[-66.41427,-25.13463],[-66.4218,-25.13469],[-66.43289,-25.12753],[-66.43567,-25.12416],[-66.44153,-25.1194],[-66.44302,-25.12055],[-66.46047,-25.11882],[-66.46246,-25.11967],[-66.46665,-25.11883],[-66.46843,-25.12012],[-66.47321,-25.11962],[-66.47592,-25.12121],[-66.48069,-25.12064],[-66.48558,-25.12388],[-66.487,-25.12374],[-66.49047,-25.12574],[-66.49127,-25.12419],[-66.49392,-25.12318],[-66.49758,-25.12304],[-66.50842,-25.12786],[-66.50953,-25.12672],[-66.51908,-25.12537],[-66.52675,-25.12175],[-66.53469,-25.11972],[-66.53548,-25.11867],[-66.53844,-25.11855],[-66.54655,-25.11476],[-66.54925,-25.11424],[-66.5523,-25.11011],[-66.55592,-25.1088],[-66.55665,-25.10739],[-66.55932,-25.10747],[-66.56092,-25.10622],[-66.56431,-25.10571],[-66.57001,-25.10646],[-66.57532,-25.1024],[-66.57842,-25.10136],[-66.58401,-25.10077],[-66.58675,-25.10147],[-66.59517,-25.10048],[-66.59987,-25.10205],[-66.60313,-25.10166],[-66.6257,-25.106],[-66.61441,-25.09618],[-66.61355,-25.08622],[-66.61469,-25.07061],[-66.60901,-25.0632],[-66.62363,-25.05022],[-66.61858,-25.04044],[-66.61498,-25.01935],[-66.59333,-24.99694],[-66.58861,-24.96372],[-66.59635,-24.93681],[-66.56737,-24.89854],[-66.55599,-24.87101],[-66.53577,-24.85516],[-66.53692,-24.85054],[-66.52497,-24.84466],[-66.49789,-24.84026],[-66.4943,-24.8405],[-66.48842,-24.83731],[-66.48233,-24.83828],[-66.47811,-24.83595],[-66.4599,-24.83051],[-66.42048,-24.81493],[-66.41176,-24.81258],[-66.40411,-24.82309],[-66.40162,-24.83385],[-66.39578,-24.83583],[-66.39315,-24.83824]]]]}},{"type":"Feature","properties":{"nombre":"Cafayate"},"geometry":{"type":"MultiPolygon","coordinates":[[[[-65.74001,-25.87104],[-65.7365,-25.87126],[-65.73049,-25.86932],[-65.72786,-25.86943],[-65.72622,-25.87079],[-65.72609,-25.87521],[-65.72395,-25.87758],[-65.72294,-25.8811],[-65.72406,-25.88779],[-65.72341,-25.89538],[-65.72203,-25.8973],[-65.71588,-25.90081],[-65.71511,-25.90692],[-65.71574,-25.90829],[-65.71961,-25.91147],[-65.71998,-25.91396],[-65.72311,-25.91714],[-65.72347,-25.92338],[-65.7261,-25.9261],[-65.72659,-25.92837],[-65.72307,-25.93505],[-65.72557,-25.938],[-65.73646,-25.94471],[-65.73733,-25.9463],[-65.74009,-25.94733],[-65.74611,-25.94734],[-65.75387,-25.95222],[-65.75486,-25.95561],[-65.74806,-25.95691],[-65.6415,-25.96706],[-65.63651,-25.9658],[-65.62928,-25.96718],[-65.61981,-25.97105],[-65.62203,-25.97618],[-65.62201,-25.98069],[-65.62442,-25.9821],[-65.62441,-25.98614],[-65.61777,-25.99475],[-65.6166,-25.998],[-65.61733,-26.00211],[-65.62037,-26.00842],[-65.62548,-26.01466],[-65.63139,-26.02649],[-65.63335,-26.03402],[-65.63656,-26.03846],[-65.64512,-26.03953],[-65.65076,-26.04732],[-65.65709,-26.05163],[-65.66183,-26.05773],[-65.66419,-26.06634],[-65.66924,-26.07331],[-65.67145,-26.0799],[-65.6786,-26.09272],[-65.6847,-26.1065],[-65.68628,-26.1126],[-65.68694,-26.11281],[-65.68852,-26.11726],[-65.68935,-26.12575],[-65.6943,-26.13486],[-65.69539,-26.13926],[-65.69688,-26.14143],[-65.69787,-26.14921],[-65.69995,-26.15635],[-65.6996,-26.15785],[-65.69683,-26.16084],[-65.69206,-26.1647],[-65.69209,-26.166],[-65.6962,-26.16936],[-65.69417,-26.17447],[-65.69605,-26.17899],[-65.69587,-26.18071],[-65.69464,-26.18225],[-65.69495,-26.18485],[-65.69647,-26.18754],[-65.69955,-26.18771],[-65.70308,-26.18925],[-65.70278,-26.19903],[-65.70355,-26.20197],[-65.70757,-26.20654],[-65.7119,-26.20836],[-65.71005,-26.21032],[-65.71166,-26.21338],[-65.7099,-26.21597],[-65.70987,-26.21895],[-65.70338,-26.22531],[-65.70228,-26.22875],[-65.70283,-26.24164],[-65.70917,-26.2479],[-65.71169,-26.253],[-65.70836,-26.25716],[-65.70812,-26.26068],[-65.71683,-26.26651],[-65.71981,-26.27103],[-65.71915,-26.27515],[-65.72078,-26.27839],[-65.72275,-26.2798],[-65.71157,-26.28917],[-65.70728,-26.29591],[-65.7075,-26.29898],[-65.71231,-26.30319],[-65.72158,-26.30891],[-65.72303,-26.31271],[-65.71976,-26.31633],[-65.7158,-26.32389],[-65.71145,-26.3287],[-65.71205,-26.33816],[-65.71075,-26.33904],[-65.71075,-26.33998],[-65.71239,-26.34421],[-65.71564,-26.34783],[-65.71685,-26.352],[-65.7194,-26.35278],[-66.0,-26.26399],[-66.03305,-26.24988],[-66.03773,-26.25116],[-66.04011,-26.2509],[-66.04192,-26.2493],[-66.04443,-26.24334],[-66.04697,-26.24122],[-66.07138,-26.23873],[-66.09976,-26.22049],[-66.09922,-26.21657],[-66.1041,-26.20943],[-66.11126,-26.20625],[-66.12159,-26.18825],[-66.13313,-26.18135],[-66.13612,-26.17658],[-66.13824,-26.17506],[-66.14229,-26.15934],[-66.15383,-26.1484],[-66.15598,-26.14459],[-66.16062,-26.14126],[-66.16573,-26.13971],[-66.16743,-26.13655],[-66.17052,-26.13399],[-66.17585,-26.13373],[-66.18144,-26.13523],[-66.18139,-26.13311],[-66.17643,-26.1259],[-66.16827,-26.11864],[-66.16631,-26.11546],[-66.16652,-26.10949],[-66.16584,-26.10902],[-66.16352,-26.07827],[-66.16768,-26.06113],[-66.16546,-26.05293],[-66.16242,-26.04977],[-66.15984,-26.04365],[-66.14443,-26.04894],[-66.13953,-26.04979],[-66.13415,-26.04136],[-66.12316,-26.03335],[-66.10985,-26.02999],[-66.10354,-26.02957],[-66.0977,-26.02662],[-66.0928,-26.02852],[-66.08673,-26.02705],[-66.08415,-26.02367],[-66.07038,-26.02305],[-66.0622,-26.01968],[-66.0587,-26.01968],[-66.04749,-26.01631],[-66.04422,-26.01673],[-66.03955,-26.01863],[-66.03138,-26.01863],[-66.02437,-26.02053],[-66.0204,-26.01884],[-66.0176,-26.01969],[-66.01176,-26.01948],[-66.00522,-26.02095],[-66.00149,-26.02306],[-65.95839,-26.02325],[-65.87185,-26.0313],[-65.8725,-26.02873],[-65.87202,-26.02809],[-65.871,-26.02843],[-65.87092,-26.0271],[-65.87005,-26.02702],[-65.86949,-26.0258],[-65.8696,-26.02454],[-65.86825,-26.02495],[-65.86788,-26.02373],[-65.86457,-26.022],[-65.86392,-26.02225],[-65.86386,-26.02371],[-65.85974,-26.02436],[-65.86068,-26.0255],[-65.85721,-26.02725],[-65.85462,-26.02531],[-65.8565,-26.02506],[-65.85819,-26.02301],[-65.85852,-26.01855],[-65.85957,-26.0167],[-65.85925,-26.01498],[-65.86098,-26.01208],[-65.86516,-26.00812],[-65.86927,-26.0009],[-65.8664,-25.99283],[-65.865,-25.99098],[-65.86586,-25.98226],[-65.84102,-25.9787],[-65.81242,-25.95696],[-65.79427,-25.9363],[-65.79792,-25.92633],[-65.80157,-25.92271],[-65.80685,-25.91331],[-65.80573,-25.90719],[-65.79922,-25.90174],[-65.79684,-25.89856],[-65.79661,-25.88972],[-65.79799,-25.88575],[-65.79737,-25.88201],[-65.79173,-25.882],[-65.77533,-25.87495],[-65.76894,-25.8763],[-65.7588,-25.87152],[-65.75418,-25.86838],[-65.74954,-25.86686],[-65.74465,-25.86821],[-65.74001,-25.87104]]]]}},{"type":"Feature","properties":{"nombre":"Campo Quijano"},"geometry":{"type":"MultiPolygon","coordinates":[[[[-65.94391,-23.9884],[-65.9482,-23.99411],[-65.95004,-24.00181],[-65.94992,-24.00478],[-65.94665,-24.00752],[-65.94308,-24.00815],[-65.92908,-24.00497],[-65.91712,-24.00335],[-65.89667,-24.00457],[-65.88871,-24.00395],[-65.88219,-24.00229],[-65.87293,-24.00242],[-65.86737,-24.00333],[-65.85948,-24.00892],[-65.85729,-24.00957],[-65.85047,-24.01561],[-65.84314,-24.01898],[-65.83684,-24.01767],[-65.82732,-24.01898],[-65.8123,-24.02887],[-65.81082,-24.03061],[-65.80738,-24.03127],[-65.80452,-24.03302],[-65.79294,-24.04587],[-65.78949,-24.05134],[-65.78734,-24.05336],[-65.78663,-24.05538],[-65.78063,-24.05607],[-65.76586,-24.05526],[-65.75829,-24.05589],[-65.75362,-24.05753],[-65.74627,-24.06244],[-65.74712,-24.06403],[-65.75094,-24.06578],[-65.75186,-24.06703],[-65.75295,-24.0696],[-65.75173,-24.07381],[-65.74947,-24.07593],[-65.74457,-24.07706],[-65.73747,-24.08011],[-65.73335,-24.08401],[-65.73449,-24.09061],[-65.73348,-24.09308],[-65.73109,-24.09653],[-65.72694,-24.09931],[-65.72086,-24.10934],[-65.72106,-24.11384],[-65.72239,-24.11826],[-65.72663,-24.12622],[-65.73077,-24.14421],[-65.72682,-24.14694],[-65.72311,-24.15191],[-65.7228,-24.15414],[-65.72074,-24.15815],[-65.71608,-24.16302],[-65.71543,-24.16694],[-65.71585,-24.16986],[-65.71822,-24.17497],[-65.72126,-24.17735],[-65.72281,-24.18271],[-65.72471,-24.18431],[-65.72502,-24.186],[-65.72023,-24.19156],[-65.71877,-24.19472],[-65.71548,-24.19674],[-65.71013,-24.19693],[-65.70865,-24.19975],[-65.70684,-24.20054],[-65.7054,-24.20245],[-65.70312,-24.20735],[-65.69765,-24.21021],[-65.69447,-24.21481],[-65.69719,-24.2297],[-65.69169,-24.2323],[-65.68721,-24.2369],[-65.68464,-24.23814],[-65.68021,-24.24584],[-65.67884,-24.24683],[-65.67539,-24.24665],[-65.67247,-24.2487],[-65.67084,-24.25293],[-65.6705,-24.25682],[-65.67225,-24.26631],[-65.67183,-24.27134],[-65.67362,-24.27718],[-65.67337,-24.27953],[-65.67722,-24.28421],[-65.67839,-24.28861],[-65.67824,-24.29386],[-65.68229,-24.30396],[-65.68269,-24.30772],[-65.67815,-24.31955],[-65.67646,-24.32029],[-65.66958,-24.34106],[-65.66658,-24.3423],[-65.66539,-24.3439],[-65.66259,-24.34533],[-65.65591,-24.3551],[-65.65545,-24.35706],[-65.65586,-24.36376],[-65.65873,-24.36774],[-65.65958,-24.37178],[-65.65925,-24.38168],[-65.66063,-24.3915],[-65.66025,-24.40543],[-65.65971,-24.41161],[-65.65814,-24.41746],[-65.65587,-24.42347],[-65.65223,-24.42837],[-65.65273,-24.43645],[-65.65824,-24.44343],[-65.66063,-24.45547],[-65.65956,-24.4686],[-65.65746,-24.47509],[-65.65395,-24.49598],[-65.65411,-24.5012],[-65.66077,-24.52891],[-65.634,-24.5347],[-65.6345,-24.54337],[-65.63179,-24.54742],[-65.63209,-24.55293],[-65.63076,-24.55327],[-65.62979,-24.55635],[-65.62843,-24.55631],[-65.62714,-24.55835],[-65.62361,-24.55988],[-65.62077,-24.55896],[-65.61893,-24.55958],[-65.60894,-24.56728],[-65.6061,-24.56745],[-65.60173,-24.56931],[-65.60073,-24.5678],[-65.59885,-24.56809],[-65.5929,-24.57107],[-65.58234,-24.57375],[-65.5825,-24.58053],[-65.58119,-24.58374],[-65.5834,-24.58968],[-65.58375,-24.59391],[-65.58336,-24.60136],[-65.58168,-24.60373],[-65.58185,-24.60881],[-65.58313,-24.61373],[-65.58053,-24.6189],[-65.58117,-24.62312],[-65.57862,-24.63218],[-65.58083,-24.63778],[-65.58176,-24.6562],[-65.5811,-24.65775],[-65.58148,-24.66109],[-65.58265,-24.66241],[-65.58185,-24.66635],[-65.58275,-24.67232],[-65.57986,-24.67673],[-65.57919,-24.6796],[-65.57945,-24.68187],[-65.58441,-24.68379],[-65.58545,-24.68487],[-65.58439,-24.68929],[-65.58268,-24.69239],[-65.58424,-24.6955],[-65.58764,-24.69586],[-65.58985,-24.69814],[-65.59284,-24.70245],[-65.59479,-24.70818],[-65.59398,-24.71368],[-65.59449,-24.71965],[-65.5937,-24.72156],[-65.59924,-24.73684],[-65.59931,-24.76061],[-65.59841,-24.7656],[-65.59313,-24.78105],[-65.59458,-24.79606],[-65.59612,-24.79813],[-65.59654,-24.80226],[-65.59804,-24.80535],[-65.59944,-24.80646],[-65.59677,-24.80639],[-65.59212,-24.80835],[-65.58893,-24.80837],[-65.58594,-24.8115],[-65.58222,-24.81217],[-65.57862,-24.81376],[-65.57811,-24.81467],[-65.57365,-24.81424],[-65.57267,-24.81542],[-65.57011,-24.81584],[-65.56771,-24.81478],[-65.56424,-24.81856],[-65.56115,-24.81961],[-65.5608,-24.82134],[-65.55815,-24.82043],[-65.5538,-24.82213],[-65.5451,-24.81491],[-65.53608,-24.8445],[-65.52061,-24.84548],[-65.51977,-24.85787],[-65.51499,-24.85755],[-65.51716,-24.87601],[-65.5143,-24.87632],[-65.51389,-24.87955],[-65.53456,-24.87834],[-65.53456,-24.87899],[-65.54187,-24.87923],[-65.54439,-24.89528],[-65.55911,-24.8931],[-65.58999,-24.89679],[-65.5898,-24.91391],[-65.59095,-24.91806],[-65.59584,-24.91714],[-65.59635,-24.92001],[-65.59099,-24.92117],[-65.5922,-24.92675],[-65.59564,-24.93501],[-65.59059,-24.9373],[-65.59643,-24.94082],[-65.59884,-24.94881],[-65.60374,-24.95375],[-65.59896,-24.95915],[-65.59953,-24.96045],[-65.59913,-24.96545],[-65.59171,-24.97392],[-65.59336,-24.97491],[-65.59174,-24.97753],[-65.59529,-24.97906],[-65.59958,-24.97759],[-65.60909,-24.97682],[-65.60842,-24.98061],[-65.6148,-24.97946],[-65.62262,-24.97934],[-65.62257,-24.97696],[-65.62778,-24.97688],[-65.62774,-24.9745],[-65.63556,-24.97438],[-65.63551,-24.97201],[-65.64854,-24.9718],[-65.64859,-24.97418],[-65.65641,-24.97406],[-65.65645,-24.97643],[-65.65906,-24.97639],[-65.6591,-24.97877],[-65.66171,-24.97872],[-65.66436,-24.98106],[-65.6826,-24.98077],[-65.68265,-24.98314],[-65.69047,-24.98302],[-65.69051,-24.9854],[-65.69573,-24.98531],[-65.69568,-24.98294],[-65.71392,-24.98264],[-65.71388,-24.98027],[-65.7243,-24.9801],[-65.72421,-24.97535],[-65.73985,-24.97509],[-65.7398,-24.97272],[-65.7424,-24.97267],[-65.74231,-24.96792],[-65.74492,-24.96788],[-65.74496,-24.97025],[-65.75018,-24.97017],[-65.75273,-24.96775],[-65.75795,-24.96767],[-65.7579,-24.96529],[-65.76832,-24.96512],[-65.77098,-24.96745],[-65.77093,-24.96507],[-65.77614,-24.96499],[-65.77609,-24.96261],[-65.7813,-24.96253],[-65.78135,-24.9649],[-65.78396,-24.96486],[-65.78391,-24.96248],[-65.79173,-24.96235],[-65.79168,-24.95998],[-65.79689,-24.95989],[-65.79684,-24.95751],[-65.80206,-24.95743],[-65.8021,-24.9598],[-65.80727,-24.95734],[-65.81248,-24.95725],[-65.81243,-24.95488],[-65.81499,-24.95246],[-65.81759,-24.95241],[-65.82015,-24.94999],[-65.8201,-24.94762],[-65.82599,-24.94636],[-65.826,-24.9432],[-65.82925,-24.94171],[-65.82772,-24.93798],[-65.83033,-24.93794],[-65.83298,-24.94027],[-65.83554,-24.93785],[-65.83559,-24.94022],[-65.83819,-24.94018],[-65.83829,-24.94493],[-65.85132,-24.94471],[-65.85137,-24.94709],[-65.85658,-24.947],[-65.85668,-24.95175],[-65.85928,-24.9517],[-65.85933,-24.95408],[-65.86194,-24.95403],[-65.86203,-24.95879],[-65.86464,-24.95874],[-65.8672,-24.95632],[-65.87241,-24.95623],[-65.87237,-24.95381],[-65.8889,-24.95218],[-65.88949,-24.94451],[-65.88736,-24.9392],[-65.89067,-24.93813],[-65.90155,-24.93619],[-65.90758,-24.93566],[-65.91264,-24.9362],[-65.91983,-24.93514],[-65.92623,-24.94028],[-65.93608,-24.94025],[-65.93912,-24.93882],[-65.9414,-24.9309],[-65.94405,-24.93003],[-65.94772,-24.92669],[-65.94981,-24.92602],[-65.94992,-24.9243],[-65.9554,-24.91849],[-65.95754,-24.91531],[-65.95735,-24.91176],[-65.9589,-24.90839],[-65.95862,-24.90539],[-65.96145,-24.90443],[-65.9626,-24.90255],[-65.96742,-24.89947],[-65.96629,-24.89758],[-65.967,-24.89498],[-65.96837,-24.89326],[-65.97046,-24.8924],[-65.9696,-24.88695],[-65.9734,-24.88265],[-65.97368,-24.87827],[-65.9731,-24.87561],[-65.97368,-24.87189],[-65.97174,-24.8632],[-65.97874,-24.85274],[-65.98418,-24.84087],[-65.9844,-24.8346],[-65.98712,-24.83182],[-65.98786,-24.82791],[-65.9902,-24.82332],[-65.99613,-24.81587],[-65.99583,-24.81092],[-66.00049,-24.80223],[-66.00166,-24.79851],[-66.00185,-24.78291],[-66.00429,-24.78052],[-66.00576,-24.7766],[-66.00617,-24.77345],[-66.00457,-24.76554],[-66.00612,-24.76413],[-66.00899,-24.76342],[-66.01117,-24.76377],[-66.01602,-24.76218],[-66.01685,-24.76093],[-66.02218,-24.76007],[-66.02322,-24.75653],[-66.02475,-24.75543],[-66.02552,-24.75313],[-66.04105,-24.75277],[-66.0511,-24.74886],[-66.05361,-24.749],[-66.06159,-24.75207],[-66.06609,-24.75064],[-66.07019,-24.75085],[-66.07997,-24.74642],[-66.09073,-24.74424],[-66.0971,-24.74019],[-66.10102,-24.73909],[-66.10529,-24.73927],[-66.11169,-24.74139],[-66.11589,-24.74152],[-66.11815,-24.73774],[-66.12004,-24.72956],[-66.12423,-24.71894],[-66.12671,-24.70807],[-66.12363,-24.6943],[-66.12448,-24.68973],[-66.12721,-24.68419],[-66.12824,-24.67523],[-66.12483,-24.65899],[-66.12478,-24.6452],[-66.12274,-24.63836],[-66.12399,-24.63379],[-66.12166,-24.6283],[-66.124,-24.61743],[-66.12355,-24.61403],[-66.12199,-24.61057],[-66.12164,-24.59735],[-66.12404,-24.59295],[-66.12895,-24.58942],[-66.12965,-24.58713],[-66.12902,-24.58303],[-66.12695,-24.57972],[-66.12422,-24.57228],[-66.12539,-24.56679],[-66.12899,-24.56077],[-66.12711,-24.55184],[-66.12899,-24.54824],[-66.13273,-24.5439],[-66.13311,-24.53869],[-66.13173,-24.53644],[-66.13732,-24.52746],[-66.13498,-24.5218],[-66.1336,-24.51377],[-66.13325,-24.51078],[-66.13456,-24.5061],[-66.13393,-24.50417],[-66.1298,-24.50103],[-66.12792,-24.49768],[-66.12799,-24.49561],[-66.1308,-24.49303],[-66.13117,-24.4908],[-66.13787,-24.48465],[-66.14233,-24.47694],[-66.14438,-24.46922],[-66.14957,-24.4555],[-66.14902,-24.45014],[-66.15096,-24.44457],[-66.15123,-24.4412],[-66.15002,-24.43444],[-66.15087,-24.43082],[-66.16101,-24.42923],[-66.17155,-24.43119],[-66.176,-24.43018],[-66.18506,-24.4336],[-66.19356,-24.43323],[-66.18214,-24.41772],[-66.17473,-24.4012],[-66.16956,-24.39538],[-66.16475,-24.39161],[-66.16165,-24.38737],[-66.14992,-24.35401],[-66.15163,-24.3474],[-66.15093,-24.33764],[-66.15453,-24.32536],[-66.15521,-24.32017],[-66.15554,-24.30915],[-66.15484,-24.30427],[-66.15174,-24.29704],[-66.14641,-24.2887],[-66.14263,-24.28493],[-66.14158,-24.27123],[-66.13059,-24.26259],[-66.12492,-24.2607],[-66.11255,-24.25332],[-66.11083,-24.24891],[-66.11169,-24.2456],[-66.11014,-24.24214],[-66.10791,-24.23963],[-66.10722,-24.23695],[-66.09983,-24.23066],[-66.09931,-24.22295],[-66.10034,-24.21917],[-66.10084,-24.20815],[-66.10324,-24.19776],[-66.10718,-24.19068],[-66.107,-24.17762],[-66.10871,-24.17525],[-66.10922,-24.17195],[-66.10716,-24.16912],[-66.10784,-24.16062],[-66.10887,-24.15747],[-66.10594,-24.14771],[-66.09324,-24.13576],[-66.08277,-24.12726],[-66.07471,-24.12302],[-66.06905,-24.12239],[-66.06047,-24.10996],[-66.04984,-24.10005],[-66.04229,-24.08919],[-66.03509,-24.08321],[-66.03303,-24.07755],[-66.032,-24.07031],[-66.02599,-24.05126],[-66.02342,-24.04591],[-66.02308,-24.04214],[-66.0241,-24.03741],[-66.0241,-24.02341],[-66.0253,-24.01837],[-66.03044,-24.01648],[-66.03301,-24.01239],[-66.03558,-24.00656],[-66.03575,-23.99557],[-66.01759,-24.00106],[-66.00782,-24.00216],[-65.9996,-23.99807],[-65.99155,-23.99697],[-65.97339,-23.9913],[-65.96002,-23.99129],[-65.95112,-23.9883],[-65.94164,-23.9795],[-65.94224,-23.9859],[-65.94391,-23.9884]]]]}},{"type":"Feature","properties":{"nombre":"Campo Santo"},"geometry":{"type":"MultiPolygon","coordinates":[[[[-65.05224,-24.58992],[-65.04087,-24.59263],[-65.03413,-24.59039],[-65.03123,-24.59158],[-65.02964,-24.59449],[-65.02736,-24.59321],[-65.02234,-24.5956],[-65.01686,-24.59546],[-65.0145,-24.59616],[-65.01346,-24.59775],[-65.01305,-24.59671],[-65.01157,-24.59731],[-65.0113,-24.59858],[-65.0096,-24.59835],[-65.00949,-24.59726],[-65.00698,-24.59689],[-64.99533,-24.601],[-64.99387,-24.60487],[-64.98334,-24.61026],[-64.97926,-24.61176],[-64.97142,-24.61057],[-64.971,-24.61531],[-64.97178,-24.61612],[-64.97035,-24.6163],[-64.97288,-24.62948],[-64.97351,-24.62932],[-64.9738,-24.64813],[-65.00355,-24.6519],[-65.01962,-24.6555],[-65.03934,-24.66448],[-65.04543,-24.66551],[-65.04781,-24.66657],[-65.04824,-24.66764],[-65.05101,-24.66723],[-65.06863,-24.67124],[-65.06799,-24.67347],[-65.0291,-24.73119],[-65.02276,-24.80153],[-65.03491,-24.79117],[-65.03637,-24.78845],[-65.03663,-24.78512],[-65.04044,-24.77984],[-65.06023,-24.75804],[-65.08102,-24.74771],[-65.08464,-24.7366],[-65.08682,-24.73268],[-65.09416,-24.72511],[-65.09344,-24.7183],[-65.0942,-24.71551],[-65.11974,-24.70657],[-65.13864,-24.70668],[-65.1492,-24.70492],[-65.20449,-24.71213],[-65.22013,-24.71598],[-65.22248,-24.7054],[-65.24799,-24.69757],[-65.24944,-24.69379],[-65.251,-24.69308],[-65.25349,-24.68812],[-65.25674,-24.68707],[-65.25766,-24.68565],[-65.26091,-24.68436],[-65.26144,-24.68341],[-65.26429,-24.68283],[-65.2747,-24.67743],[-65.27513,-24.67151],[-65.27425,-24.66569],[-65.27753,-24.66037],[-65.28015,-24.65054],[-65.24643,-24.6525],[-65.14285,-24.6057],[-65.14424,-24.66017],[-65.14166,-24.65895],[-65.13514,-24.65967],[-65.13447,-24.6617],[-65.13179,-24.66224],[-65.12974,-24.66033],[-65.12902,-24.67852],[-65.10601,-24.66734],[-65.10375,-24.66874],[-65.09505,-24.6644],[-65.10511,-24.65806],[-65.1049,-24.65365],[-65.10324,-24.64896],[-65.10032,-24.64552],[-65.09856,-24.64176],[-65.0879,-24.64276],[-65.08691,-24.64056],[-65.08694,-24.63798],[-65.08826,-24.63233],[-65.08401,-24.63247],[-65.08201,-24.62734],[-65.07505,-24.61739],[-65.07888,-24.60977],[-65.0791,-24.59532],[-65.07582,-24.59643],[-65.0704,-24.5941],[-65.06357,-24.59463],[-65.05711,-24.59368],[-65.05224,-24.58992]]]]}},{"type":"Feature","properties":{"nombre":"Chicoana"},"geometry":{"type":"MultiPolygon","coordinates":[[[[-65.56055,-25.02113],[-65.56068,-25.02644],[-65.56278,-25.03406],[-65.56615,-25.03931],[-65.57259,-25.05246],[-65.57313,-25.05466],[-65.57199,-25.05542],[-65.57327,-25.06507],[-65.57318,-25.07361],[-65.57622,-25.07996],[-65.57366,-25.0799],[-65.57307,-25.08151],[-65.568,-25.08058],[-65.55667,-25.07663],[-65.55693,-25.07606],[-65.54865,-25.07344],[-65.54089,-25.06819],[-65.53411,-25.06611],[-65.53159,-25.06361],[-65.53214,-25.06099],[-65.52456,-25.05842],[-65.52463,-25.05652],[-65.51974,-25.05622],[-65.51971,-25.05843],[-65.51674,-25.05696],[-65.51818,-25.07137],[-65.52363,-25.07252],[-65.52309,-25.07645],[-65.52555,-25.07678],[-65.522,-25.08905],[-65.5315,-25.09301],[-65.53232,-25.09824],[-65.52586,-25.10128],[-65.5039,-25.10697],[-65.48893,-25.11238],[-65.4746,-25.11949],[-65.47186,-25.12236],[-65.46333,-25.12769],[-65.45306,-25.12974],[-65.44146,-25.13576],[-65.42745,-25.14485],[-65.42155,-25.15835],[-65.42953,-25.1695],[-65.42963,-25.18085],[-65.42804,-25.18853],[-65.43448,-25.18997],[-65.44097,-25.18899],[-65.44325,-25.19071],[-65.45145,-25.19043],[-65.45655,-25.19253],[-65.4597,-25.19297],[-65.46717,-25.19159],[-65.47583,-25.19352],[-65.47873,-25.19182],[-65.4827,-25.19152],[-65.48847,-25.19466],[-65.49183,-25.19492],[-65.49813,-25.19733],[-65.50168,-25.20021],[-65.50631,-25.20225],[-65.51234,-25.20753],[-65.51436,-25.20766],[-65.51813,-25.20522],[-65.52473,-25.20335],[-65.53386,-25.20576],[-65.53911,-25.20425],[-65.54045,-25.20541],[-65.54051,-25.20798],[-65.54636,-25.20757],[-65.5487,-25.21045],[-65.55018,-25.2107],[-65.5518,-25.20924],[-65.55913,-25.20792],[-65.56977,-25.20171],[-65.5727,-25.19114],[-65.5724,-25.18172],[-65.57466,-25.16943],[-65.57683,-25.1707],[-65.58219,-25.17807],[-65.58539,-25.17977],[-65.58756,-25.18251],[-65.59324,-25.18573],[-65.59396,-25.18894],[-65.59654,-25.19158],[-65.59528,-25.19563],[-65.59921,-25.19828],[-65.60385,-25.20347],[-65.60555,-25.20745],[-65.60461,-25.21379],[-65.60245,-25.21496],[-65.60005,-25.22164],[-65.60757,-25.23444],[-65.61578,-25.23662],[-65.61685,-25.2382],[-65.63046,-25.2404],[-65.63716,-25.24238],[-65.64688,-25.24299],[-65.6499,-25.24497],[-65.65507,-25.25265],[-65.65982,-25.25619],[-65.66908,-25.2684],[-65.67146,-25.2692],[-65.67881,-25.26744],[-65.68681,-25.26667],[-65.69028,-25.26314],[-65.70023,-25.26198],[-65.70175,-25.25963],[-65.70284,-25.25491],[-65.70587,-25.25433],[-65.71409,-25.25061],[-65.71961,-25.25129],[-65.72323,-25.2532],[-65.72935,-25.26096],[-65.72977,-25.26286],[-65.72878,-25.26641],[-65.72444,-25.27249],[-65.72806,-25.27808],[-65.73055,-25.28596],[-65.73334,-25.28812],[-65.73682,-25.29409],[-65.73833,-25.30399],[-65.74042,-25.30463],[-65.74517,-25.30425],[-65.74628,-25.30565],[-65.75033,-25.30667],[-65.74821,-25.31784],[-65.75045,-25.31809],[-65.75436,-25.31671],[-65.75981,-25.31765],[-65.76929,-25.31774],[-65.78076,-25.30482],[-65.78684,-25.30613],[-65.78984,-25.30521],[-65.79179,-25.30547],[-65.79487,-25.30129],[-65.80464,-25.30155],[-65.81023,-25.29928],[-65.81232,-25.30042],[-65.8172,-25.30119],[-65.82165,-25.29127],[-65.8281,-25.28612],[-65.82939,-25.28354],[-65.82914,-25.27698],[-65.82477,-25.2683],[-65.82272,-25.2615],[-65.8235,-25.25704],[-65.82479,-25.2547],[-65.82918,-25.2526],[-65.83099,-25.25025],[-65.83099,-25.24627],[-65.82996,-25.24369],[-65.831,-25.2397],[-65.83824,-25.22564],[-65.83928,-25.21861],[-65.83803,-25.19739],[-65.84314,-25.19244],[-65.84841,-25.19021],[-65.85,-25.18829],[-65.85334,-25.18797],[-65.85457,-25.18653],[-65.85457,-25.18446],[-65.8558,-25.18334],[-65.85741,-25.18361],[-65.85843,-25.18139],[-65.86903,-25.17566],[-65.8786,-25.17325],[-65.88186,-25.16974],[-65.88635,-25.1614],[-65.8892,-25.15936],[-65.88839,-25.15695],[-65.8886,-25.15418],[-65.88656,-25.15121],[-65.87985,-25.14935],[-65.87191,-25.14378],[-65.86886,-25.14378],[-65.86418,-25.14563],[-65.86234,-25.14544],[-65.86052,-25.13414],[-65.85666,-25.13043],[-65.84954,-25.12709],[-65.84241,-25.12652],[-65.83773,-25.12726],[-65.83407,-25.12651],[-65.83286,-25.11976],[-65.83423,-25.11426],[-65.83989,-25.10753],[-65.8434,-25.09974],[-65.84847,-25.09283],[-65.85023,-25.08752],[-65.85102,-25.07777],[-65.85395,-25.07104],[-65.85175,-25.07215],[-65.8441,-25.06852],[-65.84187,-25.06866],[-65.839,-25.07011],[-65.83749,-25.07232],[-65.83214,-25.07403],[-65.82815,-25.07833],[-65.82468,-25.07976],[-65.82196,-25.07995],[-65.81762,-25.07575],[-65.81411,-25.07415],[-65.8063,-25.07268],[-65.80162,-25.07017],[-65.79763,-25.07141],[-65.79195,-25.07136],[-65.78913,-25.07274],[-65.7862,-25.07302],[-65.78142,-25.07105],[-65.77807,-25.07105],[-65.7621,-25.08075],[-65.76002,-25.08351],[-65.7592,-25.08989],[-65.75459,-25.09091],[-65.75251,-25.09221],[-65.74755,-25.09874],[-65.7467,-25.10114],[-65.74005,-25.10207],[-65.73176,-25.09755],[-65.72667,-25.09042],[-65.72412,-25.09042],[-65.71912,-25.09249],[-65.71566,-25.09244],[-65.71327,-25.09127],[-65.71248,-25.08938],[-65.71281,-25.08561],[-65.70867,-25.08037],[-65.70614,-25.07325],[-65.69866,-25.06582],[-65.69755,-25.06335],[-65.69548,-25.06131],[-65.69485,-25.05753],[-65.69167,-25.05477],[-65.6872,-25.05549],[-65.68194,-25.05431],[-65.66705,-25.05472],[-65.66699,-25.05312],[-65.664,-25.05057],[-65.66409,-25.04885],[-65.65762,-25.04562],[-65.65555,-25.04363],[-65.65391,-25.04368],[-65.6534,-25.04235],[-65.65089,-25.04117],[-65.64937,-25.03901],[-65.64513,-25.03594],[-65.63928,-25.03345],[-65.63341,-25.02981],[-65.62645,-25.02814],[-65.61788,-25.02734],[-65.61566,-25.02483],[-65.61344,-25.02035],[-65.6097,-25.01956],[-65.60439,-25.02061],[-65.59664,-25.01946],[-65.59148,-25.02191],[-65.58547,-25.02189],[-65.57761,-25.02028],[-65.57032,-25.02162],[-65.56754,-25.02126],[-65.56535,-25.01943],[-65.56055,-25.02113]]]]}},{"type":"Feature","properties":{"nombre":"Colonia Santa Rosa"},"geometry":{"type":"MultiPolygon","coordinates":[[[[-64.45174,-23.26162],[-64.4501,-23.26273],[-64.44694,-23.26197],[-64.44411,-23.26271],[-64.43711,-23.26932],[-64.42647,-23.26711],[-64.40875,-23.27192],[-64.40299,-23.27568],[-64.39946,-23.27551],[-64.3961,-23.27434],[-64.39087,-23.27599],[-64.38261,-23.27406],[-64.38075,-23.2756],[-64.38025,-23.27913],[-64.37519,-23.27908],[-64.37106,-23.27805],[-64.36725,-23.27602],[-64.3624,-23.27541],[-64.36645,-23.30748],[-64.37183,-23.30711],[-64.37646,-23.3433],[-64.36978,-23.33877],[-64.36882,-23.32988],[-64.36645,-23.32689],[-64.36298,-23.32686],[-64.35783,-23.33272],[-64.3511,-23.33685],[-64.34526,-23.33382],[-64.34106,-23.32811],[-64.33281,-23.3258],[-64.32824,-23.32797],[-64.32843,-23.33389],[-64.3268,-23.33634],[-64.32294,-23.33504],[-64.32048,-23.32693],[-64.31602,-23.3249],[-64.31079,-23.33254],[-64.30522,-23.33367],[-64.30414,-23.33553],[-64.31413,-23.3946],[-64.31612,-23.41179],[-64.28185,-23.416],[-64.27732,-23.42042],[-64.2833,-23.43023],[-64.28918,-23.43112],[-64.30428,-23.43622],[-64.30796,-23.44104],[-64.30982,-23.44929],[-64.30677,-23.45074],[-64.30793,-23.4575],[-64.30362,-23.45992],[-64.30547,-23.46883],[-64.31162,-23.47631],[-64.31448,-23.47841],[-64.47362,-23.45292],[-64.47371,-23.43109],[-64.47621,-23.38471],[-64.47846,-23.38445],[-64.47823,-23.37667],[-64.47931,-23.37681],[-64.47922,-23.37429],[-64.47786,-23.37332],[-64.45451,-23.26916],[-64.45174,-23.26162]]]]}},{"type":"Feature","properties":{"nombre":"Coronel Moldes"},"geometry":{"type":"MultiPolygon","coordinates":[[[[-65.39313,-25.18578],[-65.38867,-25.20123],[-65.38633,-25.20631],[-65.37055,-25.21632],[-65.36223,-25.21955],[-65.3523,-25.21831],[-65.34308,-25.21825],[-65.32635,-25.2213],[-65.29661,-25.22398],[-65.28117,-25.22449],[-65.27118,-25.22177],[-65.27421,-25.22423],[-65.27559,-25.23097],[-65.27983,-25.23357],[-65.28059,-25.23773],[-65.28549,-25.24016],[-65.28769,-25.24025],[-65.28795,-25.24508],[-65.28715,-25.24737],[-65.28413,-25.25222],[-65.2797,-25.25579],[-65.27842,-25.25807],[-65.28409,-25.26903],[-65.28839,-25.27288],[-65.2917,-25.27907],[-65.29296,-25.28369],[-65.29693,-25.28832],[-65.29906,-25.29324],[-65.29926,-25.29697],[-65.2986,-25.29883],[-65.29257,-25.29527],[-65.28688,-25.29004],[-65.27643,-25.28754],[-65.2706,-25.2879],[-65.26996,-25.28643],[-65.27105,-25.28565],[-65.2704,-25.28476],[-65.26491,-25.28395],[-65.26242,-25.28433],[-65.26265,-25.28286],[-65.26115,-25.28099],[-65.25824,-25.28038],[-65.2563,-25.2788],[-65.25264,-25.27839],[-65.23945,-25.28255],[-65.23554,-25.28502],[-65.23159,-25.28509],[-65.23003,-25.28604],[-65.22759,-25.28539],[-65.22413,-25.2866],[-65.22169,-25.286],[-65.21903,-25.28789],[-65.20787,-25.29051],[-65.20557,-25.29041],[-65.20271,-25.29203],[-65.202,-25.29452],[-65.20045,-25.29474],[-65.2,-25.29365],[-65.19861,-25.29341],[-65.18857,-25.29963],[-65.18268,-25.29919],[-65.17617,-25.30079],[-65.17471,-25.3039],[-65.17646,-25.30827],[-65.17621,-25.31143],[-65.17314,-25.31942],[-65.17241,-25.32321],[-65.17286,-25.32659],[-65.17145,-25.32932],[-65.16997,-25.34238],[-65.16807,-25.34848],[-65.16872,-25.35502],[-65.16404,-25.36089],[-65.16285,-25.36468],[-65.16283,-25.36869],[-65.16141,-25.37247],[-65.15925,-25.37528],[-65.16288,-25.37907],[-65.17211,-25.38466],[-65.18086,-25.3887],[-65.1825,-25.39779],[-65.18657,-25.40955],[-65.20038,-25.40843],[-65.20314,-25.40914],[-65.21939,-25.40923],[-65.2365,-25.41837],[-65.24185,-25.42007],[-65.2483,-25.41801],[-65.2613,-25.42309],[-65.27081,-25.42244],[-65.27789,-25.41886],[-65.28464,-25.41819],[-65.29918,-25.42244],[-65.30177,-25.42412],[-65.3108,-25.42695],[-65.33226,-25.42775],[-65.33564,-25.42693],[-65.33872,-25.42388],[-65.34395,-25.42056],[-65.34396,-25.41833],[-65.34674,-25.41542],[-65.34432,-25.40831],[-65.34435,-25.40441],[-65.34058,-25.39312],[-65.34074,-25.39186],[-65.34428,-25.38756],[-65.34449,-25.37726],[-65.34791,-25.36851],[-65.34566,-25.35959],[-65.34583,-25.35666],[-65.34785,-25.35138],[-65.34725,-25.34845],[-65.34803,-25.34609],[-65.34822,-25.33871],[-65.34582,-25.33035],[-65.34539,-25.3245],[-65.34342,-25.32045],[-65.3433,-25.31391],[-65.34042,-25.30847],[-65.34112,-25.30281],[-65.34012,-25.29746],[-65.39507,-25.28475],[-65.3988,-25.2889],[-65.4132,-25.29992],[-65.42626,-25.31482],[-65.43554,-25.33433],[-65.43994,-25.3464],[-65.46909,-25.33966],[-65.47074,-25.34073],[-65.47288,-25.3399],[-65.47855,-25.34091],[-65.48652,-25.3389],[-65.49011,-25.33914],[-65.49117,-25.34001],[-65.49455,-25.33892],[-65.50917,-25.34402],[-65.51666,-25.3453],[-65.51909,-25.34871],[-65.52713,-25.34908],[-65.52971,-25.35016],[-65.53281,-25.34947],[-65.53573,-25.35087],[-65.54424,-25.34637],[-65.54685,-25.3464],[-65.54852,-25.34452],[-65.55455,-25.34284],[-65.5562,-25.3406],[-65.56978,-25.33126],[-65.5785,-25.33029],[-65.58817,-25.33129],[-65.59003,-25.3325],[-65.59804,-25.32744],[-65.60951,-25.32408],[-65.61597,-25.32715],[-65.62494,-25.33477],[-65.63132,-25.33531],[-65.63535,-25.33242],[-65.64298,-25.33218],[-65.63707,-25.32794],[-65.63594,-25.32883],[-65.63002,-25.32003],[-65.63063,-25.319],[-65.62955,-25.31544],[-65.63713,-25.30593],[-65.64941,-25.30005],[-65.65429,-25.29554],[-65.66617,-25.29235],[-65.68129,-25.29546],[-65.68955,-25.29111],[-65.69178,-25.28697],[-65.69474,-25.28682],[-65.70073,-25.28947],[-65.709,-25.2903],[-65.7106,-25.28874],[-65.72972,-25.28443],[-65.72806,-25.27808],[-65.72444,-25.27249],[-65.72934,-25.26514],[-65.72935,-25.26096],[-65.72421,-25.25409],[-65.71961,-25.25129],[-65.71409,-25.25061],[-65.70587,-25.25433],[-65.70284,-25.25491],[-65.70175,-25.25963],[-65.70023,-25.26198],[-65.69028,-25.26314],[-65.68681,-25.26667],[-65.67881,-25.26744],[-65.67146,-25.2692],[-65.66908,-25.2684],[-65.65982,-25.25619],[-65.65507,-25.25265],[-65.6499,-25.24497],[-65.64688,-25.24299],[-65.63716,-25.24238],[-65.63046,-25.2404],[-65.61685,-25.2382],[-65.61578,-25.23662],[-65.60757,-25.23444],[-65.60005,-25.22164],[-65.60245,-25.21496],[-65.60461,-25.21379],[-65.60555,-25.20745],[-65.60385,-25.20347],[-65.59921,-25.19828],[-65.59528,-25.19563],[-65.59654,-25.19158],[-65.59396,-25.18894],[-65.59324,-25.18573],[-65.58756,-25.18251],[-65.58539,-25.17977],[-65.58219,-25.17807],[-65.57683,-25.1707],[-65.57466,-25.16943],[-65.5724,-25.18172],[-65.5727,-25.19114],[-65.56977,-25.20171],[-65.55913,-25.20792],[-65.5518,-25.20924],[-65.55018,-25.2107],[-65.5487,-25.21045],[-65.54636,-25.20757],[-65.54051,-25.20798],[-65.54045,-25.20541],[-65.53911,-25.20425],[-65.53386,-25.20576],[-65.52473,-25.20335],[-65.51813,-25.20522],[-65.51436,-25.20766],[-65.51234,-25.20753],[-65.50631,-25.20225],[-65.50168,-25.20021],[-65.49813,-25.19733],[-65.49183,-25.19492],[-65.48847,-25.19466],[-65.4827,-25.19152],[-65.47873,-25.19182],[-65.47583,-25.19352],[-65.46717,-25.19159],[-65.4597,-25.19297],[-65.45655,-25.19253],[-65.45145,-25.19043],[-65.44325,-25.19071],[-65.44097,-25.18899],[-65.43448,-25.18997],[-65.42804,-25.18853],[-65.42963,-25.18085],[-65.42953,-25.1695],[-65.42155,-25.15835],[-65.4177,-25.16097],[-65.39313,-25.18578]]]]}},{"type":"Feature","properties":{"nombre":"El Bordo"},"geometry":{"type":"MultiPolygon","coordinates":[[[[-65.15405,-24.48923],[-65.15302,-24.48915],[-65.14657,-24.49335],[-65.14223,-24.49907],[-65.14094,-24.50392],[-65.13922,-24.50444],[-65.13612,-24.5078],[-65.13461,-24.50799],[-65.13232,-24.50998],[-65.13109,-24.51001],[-65.1309,-24.51083],[-65.12713,-24.51241],[-65.12191,-24.51325],[-65.12062,-24.51458],[-65.11555,-24.51617],[-65.11362,-24.51797],[-65.11316,-24.51977],[-65.10824,-24.52235],[-65.10516,-24.52304],[-65.10475,-24.52526],[-65.09673,-24.53245],[-65.09697,-24.53536],[-65.0961,-24.53868],[-65.09126,-24.54342],[-65.09002,-24.5521],[-65.08664,-24.55636],[-65.08319,-24.55851],[-65.08266,-24.56023],[-65.08101,-24.56047],[-65.07894,-24.56228],[-65.07903,-24.60895],[-65.07505,-24.61739],[-65.08201,-24.62734],[-65.08401,-24.63247],[-65.08826,-24.63233],[-65.08694,-24.63798],[-65.08691,-24.64056],[-65.0879,-24.64276],[-65.09856,-24.64176],[-65.10373,-24.65006],[-65.1049,-24.65365],[-65.10511,-24.65806],[-65.09505,-24.6644],[-65.10375,-24.66874],[-65.10601,-24.66734],[-65.12902,-24.67852],[-65.12974,-24.66033],[-65.13179,-24.66224],[-65.13447,-24.6617],[-65.13514,-24.65967],[-65.14166,-24.65895],[-65.14424,-24.66017],[-65.14285,-24.6057],[-65.24643,-24.6525],[-65.28015,-24.65054],[-65.27905,-24.63727],[-65.27664,-24.63318],[-65.27726,-24.63115],[-65.27667,-24.62874],[-65.27386,-24.62428],[-65.27051,-24.60796],[-65.26362,-24.60793],[-65.26386,-24.60107],[-65.26145,-24.59828],[-65.25599,-24.59622],[-65.24564,-24.59913],[-65.23816,-24.59687],[-65.22743,-24.59552],[-65.21835,-24.58973],[-65.206,-24.58726],[-65.20276,-24.58743],[-65.19974,-24.58537],[-65.21018,-24.54364],[-65.1761,-24.51069],[-65.15481,-24.48814],[-65.15405,-24.48923]]]]}},{"type":"Feature","properties":{"nombre":"El Carril"},"geometry":{"type":"MultiPolygon","coordinates":[[[[-65.55307,-25.02307],[-65.53769,-25.02497],[-65.5317,-25.02695],[-65.52631,-25.02691],[-65.50468,-25.03526],[-65.49675,-25.03977],[-65.49293,-25.03943],[-65.48871,-25.04177],[-65.48323,-25.04232],[-65.47627,-25.04804],[-65.47313,-25.05621],[-65.46786,-25.06121],[-65.46135,-25.06491],[-65.45201,-25.06682],[-65.44916,-25.06819],[-65.44275,-25.06881],[-65.43599,-25.07122],[-65.42089,-25.08557],[-65.41635,-25.08758],[-65.40603,-25.08924],[-65.39639,-25.09608],[-65.39372,-25.09921],[-65.39236,-25.09577],[-65.38706,-25.09319],[-65.38673,-25.0906],[-65.38801,-25.08967],[-65.38832,-25.08836],[-65.38702,-25.08347],[-65.3871,-25.07874],[-65.37904,-25.07422],[-65.37298,-25.07375],[-65.36937,-25.07448],[-65.36229,-25.08057],[-65.35799,-25.08831],[-65.35633,-25.09338],[-65.35696,-25.09831],[-65.35318,-25.09859],[-65.34595,-25.10169],[-65.33655,-25.1124],[-65.32964,-25.1173],[-65.32568,-25.12161],[-65.29771,-25.13805],[-65.29454,-25.14758],[-65.28728,-25.15486],[-65.28597,-25.15471],[-65.2835,-25.15634],[-65.2794,-25.15662],[-65.27134,-25.16046],[-65.26954,-25.1597],[-65.26396,-25.16027],[-65.26134,-25.15921],[-65.25806,-25.16157],[-65.2656,-25.16357],[-65.26524,-25.17117],[-65.26711,-25.17419],[-65.27446,-25.18182],[-65.2754,-25.18368],[-65.27495,-25.18552],[-65.27664,-25.18713],[-65.27694,-25.18957],[-65.27882,-25.19158],[-65.27879,-25.19559],[-65.27699,-25.19886],[-65.27751,-25.19989],[-65.28069,-25.20072],[-65.27862,-25.20673],[-65.27868,-25.21163],[-65.27742,-25.2145],[-65.27265,-25.21856],[-65.27118,-25.22177],[-65.28117,-25.22449],[-65.29661,-25.22398],[-65.32635,-25.2213],[-65.34308,-25.21825],[-65.3523,-25.21831],[-65.36223,-25.21955],[-65.37055,-25.21632],[-65.38633,-25.20631],[-65.38867,-25.20123],[-65.39313,-25.18578],[-65.4177,-25.16097],[-65.42155,-25.15835],[-65.42745,-25.14485],[-65.44146,-25.13576],[-65.45306,-25.12974],[-65.46333,-25.12769],[-65.47186,-25.12236],[-65.4746,-25.11949],[-65.48893,-25.11238],[-65.5039,-25.10697],[-65.52586,-25.10128],[-65.53232,-25.09824],[-65.5315,-25.09301],[-65.522,-25.08905],[-65.52555,-25.07678],[-65.52309,-25.07645],[-65.52363,-25.07252],[-65.51818,-25.07137],[-65.51674,-25.05696],[-65.51971,-25.05843],[-65.51974,-25.05622],[-65.52463,-25.05652],[-65.52456,-25.05842],[-65.53214,-25.06099],[-65.53159,-25.06361],[-65.53411,-25.06611],[-65.54089,-25.06819],[-65.54865,-25.07344],[-65.55693,-25.07606],[-65.55667,-25.07663],[-65.568,-25.08058],[-65.57307,-25.08151],[-65.57366,-25.0799],[-65.57622,-25.07996],[-65.57318,-25.07361],[-65.57327,-25.06507],[-65.57199,-25.05542],[-65.57313,-25.05466],[-65.57259,-25.05246],[-65.56615,-25.03931],[-65.56278,-25.03406],[-65.56068,-25.02644],[-65.56055,-25.02113],[-65.55307,-25.02307]]]]}},{"type":"Feature","properties":{"nombre":"El Galpón"},"geometry":{"type":"MultiPolygon","coordinates":[[[[-64.15894,-25.11017],[-64.15865,-25.11252],[-64.15988,-25.11751],[-64.15907,-25.11884],[-64.15592,-25.11852],[-64.15473,-25.12013],[-64.1559,-25.1239],[-64.15504,-25.12611],[-64.15652,-25.12797],[-64.1545,-25.1295],[-64.15415,-25.13066],[-64.15553,-25.1329],[-64.15529,-25.13688],[-64.15416,-25.13866],[-64.15326,-25.14373],[-64.15085,-25.1472],[-64.14025,-25.15126],[-64.13903,-25.153],[-64.13673,-25.15345],[-64.13585,-25.15488],[-64.13404,-25.1553],[-64.13308,-25.15699],[-64.12978,-25.15678],[-64.12743,-25.16027],[-64.12286,-25.1598],[-64.12278,-25.15803],[-64.12446,-25.15579],[-64.12444,-25.15453],[-64.12069,-25.1537],[-64.11834,-25.15505],[-64.11546,-25.15997],[-64.11315,-25.16195],[-64.11159,-25.16193],[-64.10929,-25.15993],[-64.10717,-25.16009],[-64.10483,-25.16614],[-64.10064,-25.16795],[-64.09867,-25.1711],[-64.09627,-25.17226],[-64.09654,-25.17761],[-64.09538,-25.17923],[-64.09421,-25.18403],[-64.0911,-25.1878],[-64.09088,-25.18887],[-64.09188,-25.19041],[-64.09617,-25.19172],[-64.09665,-25.19347],[-64.09448,-25.19448],[-64.09286,-25.19249],[-64.09083,-25.19218],[-64.08933,-25.19295],[-64.08984,-25.19527],[-64.08681,-25.19406],[-64.0851,-25.19535],[-64.08564,-25.19839],[-64.08869,-25.19925],[-64.09023,-25.20091],[-64.08988,-25.20329],[-64.08712,-25.20664],[-64.08114,-25.20795],[-64.08212,-25.21053],[-64.08328,-25.2114],[-64.0833,-25.21276],[-64.08266,-25.21354],[-64.07905,-25.21431],[-64.07902,-25.21623],[-64.07668,-25.21998],[-64.07632,-25.22432],[-64.07373,-25.22711],[-64.0739,-25.22896],[-64.07643,-25.22949],[-64.07714,-25.23186],[-64.07626,-25.23313],[-64.07139,-25.23406],[-64.06989,-25.23679],[-64.07023,-25.23786],[-64.0731,-25.23957],[-64.07146,-25.24415],[-64.0731,-25.24738],[-64.07079,-25.24945],[-64.06634,-25.24857],[-64.06432,-25.24962],[-64.06306,-25.25235],[-64.06288,-25.2589],[-64.06018,-25.26824],[-64.06034,-25.27067],[-64.06153,-25.27236],[-64.05786,-25.27398],[-64.05808,-25.27737],[-64.06001,-25.27897],[-64.06154,-25.27885],[-64.06413,-25.27656],[-64.06541,-25.27733],[-64.06556,-25.28011],[-64.06661,-25.28094],[-64.0683,-25.28075],[-64.07067,-25.27914],[-64.07298,-25.27957],[-64.07315,-25.28124],[-64.06968,-25.28719],[-64.07001,-25.28865],[-64.07237,-25.29064],[-64.07165,-25.29167],[-64.06822,-25.29319],[-64.06565,-25.29198],[-64.06423,-25.29243],[-64.0632,-25.29569],[-64.05932,-25.30052],[-64.0587,-25.30255],[-64.05586,-25.30575],[-64.0525,-25.30746],[-64.05158,-25.30876],[-64.05306,-25.31188],[-64.0528,-25.31345],[-64.05126,-25.31382],[-64.04767,-25.31284],[-64.04608,-25.31386],[-64.04672,-25.31572],[-64.04855,-25.31685],[-64.05123,-25.31553],[-64.05295,-25.31594],[-64.05309,-25.31712],[-64.05086,-25.3192],[-64.05055,-25.32137],[-64.05199,-25.32228],[-64.05502,-25.3215],[-64.05563,-25.32272],[-64.05363,-25.32536],[-64.05456,-25.33065],[-64.05387,-25.33239],[-64.05166,-25.33279],[-64.04687,-25.33119],[-64.04447,-25.33383],[-64.04452,-25.33533],[-64.04733,-25.33886],[-64.04627,-25.34366],[-64.04922,-25.34573],[-64.05348,-25.35145],[-64.06231,-25.35856],[-64.06298,-25.36117],[-64.05983,-25.36433],[-64.05865,-25.37162],[-64.05766,-25.3724],[-64.05495,-25.37232],[-64.05361,-25.3732],[-64.0483,-25.37395],[-64.04777,-25.37722],[-64.0465,-25.37845],[-64.04482,-25.38248],[-64.04075,-25.38355],[-64.0394,-25.38844],[-64.0367,-25.39007],[-64.03646,-25.39133],[-64.03754,-25.39243],[-64.04508,-25.39181],[-64.0478,-25.3927],[-64.04994,-25.39837],[-64.04812,-25.40021],[-64.04431,-25.39856],[-64.04068,-25.39931],[-64.03883,-25.40778],[-64.03388,-25.4113],[-64.03432,-25.41293],[-64.03698,-25.41585],[-64.03624,-25.41866],[-64.03532,-25.41925],[-64.03339,-25.41892],[-64.0336,-25.42145],[-64.03077,-25.42473],[-64.02931,-25.42467],[-64.02813,-25.42316],[-64.02619,-25.42337],[-64.02495,-25.42524],[-64.0249,-25.4284],[-64.02393,-25.42948],[-64.01857,-25.42931],[-64.01958,-25.43211],[-64.0182,-25.43401],[-64.01846,-25.43577],[-64.01973,-25.43629],[-64.02213,-25.43499],[-64.02441,-25.43625],[-64.02424,-25.43741],[-64.02206,-25.43911],[-64.02365,-25.44228],[-64.02368,-25.44487],[-64.02188,-25.44547],[-64.01598,-25.44251],[-64.01443,-25.44342],[-64.0158,-25.44665],[-64.01843,-25.44904],[-64.01846,-25.45157],[-64.01938,-25.45311],[-64.0212,-25.45346],[-64.02333,-25.451],[-64.02524,-25.45023],[-64.02789,-25.45133],[-64.02857,-25.45452],[-64.02583,-25.45651],[-64.02494,-25.45978],[-64.0291,-25.46547],[-64.02944,-25.46816],[-64.02725,-25.4688],[-64.02466,-25.46545],[-64.02037,-25.46542],[-64.01595,-25.46878],[-64.0133,-25.47341],[-64.01137,-25.47348],[-64.01023,-25.47212],[-64.00582,-25.47269],[-64.0051,-25.47395],[-64.00564,-25.47612],[-64.01033,-25.47674],[-64.00987,-25.47829],[-64.00605,-25.48064],[-64.00229,-25.48694],[-63.99862,-25.48792],[-63.99671,-25.48926],[-63.996,-25.49204],[-63.99631,-25.49732],[-63.99468,-25.50017],[-63.99042,-25.5047],[-63.99001,-25.51344],[-63.98793,-25.51665],[-63.98333,-25.51826],[-63.97987,-25.52229],[-63.97046,-25.52444],[-63.96832,-25.52628],[-63.96726,-25.53154],[-63.9657,-25.53312],[-63.962,-25.5333],[-63.9577,-25.52965],[-63.95274,-25.53154],[-63.95191,-25.53356],[-63.95319,-25.53594],[-63.94903,-25.54243],[-63.94985,-25.54627],[-63.94855,-25.54985],[-63.94704,-25.5509],[-63.94309,-25.55033],[-63.94127,-25.5511],[-63.942,-25.55459],[-63.94108,-25.55949],[-63.94297,-25.56219],[-63.94448,-25.56688],[-63.94397,-25.57322],[-63.94152,-25.58014],[-63.94199,-25.5835],[-63.94517,-25.58967],[-63.94452,-25.59575],[-63.94512,-25.5993],[-63.94405,-25.60078],[-63.9436,-25.60422],[-63.94532,-25.60659],[-63.94891,-25.60589],[-63.95065,-25.60712],[-63.94989,-25.6134],[-63.95195,-25.61827],[-63.95034,-25.62548],[-63.95118,-25.62789],[-63.95361,-25.63097],[-63.95331,-25.63551],[-63.95426,-25.63762],[-63.95238,-25.64158],[-63.95421,-25.64396],[-63.95417,-25.64974],[-63.95571,-25.65301],[-63.95859,-25.6552],[-63.95922,-25.65685],[-63.95869,-25.65859],[-63.9558,-25.66075],[-63.95227,-25.66759],[-63.94902,-25.67044],[-63.9446,-25.67137],[-63.93988,-25.6736],[-63.93442,-25.67378],[-63.93081,-25.67577],[-63.92916,-25.67859],[-63.926,-25.6768],[-63.9228,-25.67686],[-63.91908,-25.68208],[-64.00784,-25.67377],[-64.02555,-25.75394],[-64.19628,-25.728],[-64.20848,-25.557],[-64.30874,-25.52342],[-64.40233,-25.53525],[-64.45263,-25.52501],[-64.4542,-25.53473],[-64.4541,-25.54247],[-64.45548,-25.54563],[-64.45602,-25.55266],[-64.45927,-25.55814],[-64.45842,-25.56243],[-64.45902,-25.56515],[-64.46164,-25.57077],[-64.46161,-25.57278],[-64.46409,-25.5761],[-64.46146,-25.58423],[-64.46445,-25.59788],[-64.46598,-25.60162],[-64.47096,-25.60797],[-64.47389,-25.61316],[-64.47683,-25.62185],[-64.62126,-25.59716],[-64.65989,-25.6091],[-64.65922,-25.61078],[-64.68673,-25.62023],[-64.68632,-25.61776],[-64.73267,-25.63182],[-64.74171,-25.62339],[-64.75647,-25.63247],[-64.76435,-25.63222],[-64.79439,-25.64393],[-64.77839,-25.5699],[-64.77938,-25.56687],[-64.77242,-25.53065],[-64.77096,-25.5305],[-64.76941,-25.52006],[-64.76912,-25.51334],[-64.77003,-25.51183],[-64.77356,-25.51016],[-64.77761,-25.51247],[-64.7792,-25.51114],[-64.78008,-25.51437],[-64.78821,-25.51475],[-64.79325,-25.51687],[-64.79958,-25.51617],[-64.7921,-25.46274],[-64.78007,-25.36152],[-64.77659,-25.36422],[-64.77759,-25.36833],[-64.77649,-25.36901],[-64.77266,-25.36734],[-64.76813,-25.36924],[-64.76447,-25.36839],[-64.76256,-25.36933],[-64.75958,-25.36775],[-64.7578,-25.37015],[-64.75496,-25.36935],[-64.75218,-25.37148],[-64.74722,-25.36794],[-64.7401,-25.36767],[-64.73847,-25.36869],[-64.73548,-25.37272],[-64.7333,-25.3727],[-64.7316,-25.37152],[-64.72888,-25.3721],[-64.72765,-25.37637],[-64.72417,-25.37664],[-64.72182,-25.37463],[-64.71835,-25.37491],[-64.71632,-25.37351],[-64.71093,-25.37903],[-64.70936,-25.37971],[-64.70475,-25.37971],[-64.70281,-25.3787],[-64.70086,-25.37873],[-64.69652,-25.37579],[-64.6941,-25.37534],[-64.69322,-25.37326],[-64.68602,-25.37069],[-64.6834,-25.37119],[-64.6833,-25.37585],[-64.67803,-25.37554],[-64.67656,-25.37484],[-64.67598,-25.37159],[-64.67382,-25.36972],[-64.66968,-25.36951],[-64.66686,-25.37156],[-64.66576,-25.37155],[-64.6636,-25.36976],[-64.66074,-25.36995],[-64.65915,-25.36725],[-64.65594,-25.36524],[-64.65474,-25.36635],[-64.6518,-25.36567],[-64.65055,-25.36748],[-64.64866,-25.3672],[-64.6412,-25.36155],[-64.63985,-25.36397],[-64.63624,-25.36397],[-64.63224,-25.36238],[-64.63147,-25.36298],[-64.62928,-25.36267],[-64.62843,-25.36475],[-64.62598,-25.36346],[-64.62416,-25.36508],[-64.6228,-25.36239],[-64.62051,-25.36256],[-64.61652,-25.35937],[-64.61653,-25.3548],[-64.61375,-25.35518],[-64.61224,-25.35378],[-64.60895,-25.35347],[-64.60766,-25.35084],[-64.6081,-25.3493],[-64.6063,-25.34603],[-64.60046,-25.34326],[-64.60094,-25.34122],[-64.60001,-25.3379],[-64.5979,-25.33671],[-64.59512,-25.33776],[-64.59418,-25.3374],[-64.59378,-25.33633],[-64.59446,-25.33488],[-64.59315,-25.3338],[-64.59455,-25.33287],[-64.59468,-25.33057],[-64.59186,-25.33111],[-64.59045,-25.3299],[-64.59204,-25.3248],[-64.59111,-25.32423],[-64.58885,-25.32499],[-64.58668,-25.32296],[-64.58604,-25.32453],[-64.58448,-25.32457],[-64.5809,-25.31946],[-64.57811,-25.31761],[-64.57784,-25.31514],[-64.57585,-25.315],[-64.57275,-25.3162],[-64.57089,-25.31489],[-64.56937,-25.31141],[-64.5711,-25.30931],[-64.57125,-25.30774],[-64.56968,-25.30634],[-64.5663,-25.30715],[-64.56632,-25.3052],[-64.56469,-25.30438],[-64.56468,-25.30243],[-64.56245,-25.30029],[-64.56372,-25.29901],[-64.56501,-25.29557],[-64.56435,-25.29433],[-64.56188,-25.2947],[-64.56092,-25.29371],[-64.56293,-25.28993],[-64.56141,-25.28875],[-64.56054,-25.28676],[-64.55707,-25.28666],[-64.55641,-25.28535],[-64.55687,-25.28285],[-64.55412,-25.28247],[-64.55299,-25.28129],[-64.55317,-25.27791],[-64.55529,-25.27744],[-64.5558,-25.27618],[-64.55518,-25.27488],[-64.55262,-25.27358],[-64.55253,-25.26887],[-64.55024,-25.26589],[-64.55019,-25.26407],[-64.55194,-25.26159],[-64.54542,-25.2563],[-64.5411,-25.25435],[-64.5188,-25.24842],[-64.49786,-25.2365],[-64.48185,-25.23033],[-64.47542,-25.22691],[-64.47273,-25.22731],[-64.47138,-25.22588],[-64.46877,-25.22613],[-64.46429,-25.22258],[-64.44416,-25.22786],[-64.44101,-25.2268],[-64.43119,-25.22691],[-64.42753,-25.2296],[-64.42417,-25.23382],[-64.42031,-25.23388],[-64.4168,-25.23665],[-64.41353,-25.23658],[-64.41172,-25.24084],[-64.40763,-25.24378],[-64.40857,-25.24666],[-64.40808,-25.24789],[-64.40439,-25.25005],[-64.40023,-25.24923],[-64.39743,-25.25186],[-64.39505,-25.25183],[-64.39164,-25.25038],[-64.38775,-25.24732],[-64.38431,-25.24796],[-64.37964,-25.24744],[-64.37767,-25.24629],[-64.37425,-25.24217],[-64.37129,-25.24225],[-64.36925,-25.24318],[-64.36451,-25.24196],[-64.36221,-25.24236],[-64.35861,-25.24019],[-64.35638,-25.23528],[-64.352,-25.2336],[-64.34568,-25.228],[-64.3474,-25.21916],[-64.34637,-25.21776],[-64.34481,-25.21767],[-64.3436,-25.21504],[-64.34141,-25.21285],[-64.34219,-25.20694],[-64.34108,-25.20547],[-64.34061,-25.20249],[-64.33941,-25.20188],[-64.3359,-25.20251],[-64.33517,-25.19874],[-64.33623,-25.19525],[-64.33579,-25.19333],[-64.33187,-25.19233],[-64.33066,-25.18976],[-64.3308,-25.18796],[-64.32149,-25.18197],[-64.32136,-25.18016],[-64.31819,-25.1787],[-64.31549,-25.17382],[-64.30701,-25.17049],[-64.30672,-25.16872],[-64.30759,-25.16759],[-64.30928,-25.16676],[-64.31099,-25.16717],[-64.31312,-25.16525],[-64.31125,-25.1648],[-64.30956,-25.16294],[-64.31015,-25.16015],[-64.30821,-25.15693],[-64.30956,-25.15475],[-64.30629,-25.15464],[-64.30582,-25.15237],[-64.30323,-25.15096],[-64.3045,-25.14608],[-64.3026,-25.1456],[-64.30184,-25.14438],[-64.29513,-25.14544],[-64.29358,-25.14425],[-64.29028,-25.14368],[-64.28513,-25.14462],[-64.28022,-25.14729],[-64.27953,-25.14657],[-64.28064,-25.14542],[-64.2791,-25.14398],[-64.27865,-25.14603],[-64.27704,-25.14665],[-64.27555,-25.1449],[-64.27792,-25.14244],[-64.27754,-25.13868],[-64.27658,-25.13803],[-64.27252,-25.1383],[-64.27123,-25.13648],[-64.27304,-25.13459],[-64.27139,-25.13326],[-64.26967,-25.13352],[-64.26847,-25.13602],[-64.26711,-25.13551],[-64.26535,-25.13211],[-64.26604,-25.13077],[-64.26837,-25.13055],[-64.26784,-25.12766],[-64.26671,-25.12654],[-64.26569,-25.12699],[-64.26583,-25.12914],[-64.26518,-25.12983],[-64.26152,-25.12823],[-64.26134,-25.12647],[-64.26342,-25.12509],[-64.26274,-25.12096],[-64.25988,-25.12159],[-64.25846,-25.11932],[-64.25592,-25.1204],[-64.25339,-25.11833],[-64.25005,-25.11927],[-64.24958,-25.11844],[-64.2502,-25.11674],[-64.24833,-25.11641],[-64.24676,-25.11494],[-64.24405,-25.11584],[-64.2438,-25.11897],[-64.24202,-25.12032],[-64.24084,-25.11973],[-64.24138,-25.11772],[-64.23911,-25.11687],[-64.23907,-25.11433],[-64.23762,-25.11429],[-64.23674,-25.11583],[-64.23679,-25.12077],[-64.23267,-25.12274],[-64.23191,-25.12586],[-64.23062,-25.1267],[-64.22549,-25.12356],[-64.22412,-25.12005],[-64.22155,-25.12095],[-64.21872,-25.11864],[-64.21459,-25.11895],[-64.215,-25.11645],[-64.21427,-25.11592],[-64.21046,-25.11608],[-64.21084,-25.11896],[-64.2102,-25.12024],[-64.20579,-25.12198],[-64.20349,-25.12203],[-64.2024,-25.121],[-64.20235,-25.1186],[-64.20089,-25.11545],[-64.19962,-25.11494],[-64.19678,-25.11628],[-64.19486,-25.11607],[-64.19368,-25.11479],[-64.19289,-25.11051],[-64.19188,-25.10954],[-64.1882,-25.11069],[-64.18678,-25.11463],[-64.18566,-25.11563],[-64.18127,-25.11619],[-64.17963,-25.11547],[-64.17847,-25.11373],[-64.17631,-25.11386],[-64.17307,-25.11175],[-64.16778,-25.11197],[-64.16593,-25.11011],[-64.16067,-25.10877],[-64.1591,-25.10922],[-64.15894,-25.11017]]]]}},{"type":"Feature","properties":{"nombre":"El Jardín"},"geometry":{"type":"MultiPolygon","coordinates":[[[[-65.41189,-26.01162],[-65.40707,-26.01593],[-65.40002,-26.01764],[-65.39268,-26.01743],[-65.38594,-26.02072],[-65.38256,-26.02031],[-65.38063,-26.02147],[-65.37754,-26.02599],[-65.37529,-26.02635],[-65.38093,-26.03654],[-65.37941,-26.03878],[-65.35136,-26.03898],[-65.35186,-26.04034],[-65.35375,-26.03968],[-65.35687,-26.04177],[-65.36293,-26.04165],[-65.36319,-26.04409],[-65.35864,-26.04573],[-65.35864,-26.05059],[-65.36084,-26.05342],[-65.35687,-26.05512],[-65.35375,-26.05222],[-65.35176,-26.0548],[-65.3516,-26.05837],[-65.34751,-26.0604],[-65.35045,-26.06067],[-65.35328,-26.05928],[-65.35868,-26.05955],[-65.36108,-26.05829],[-65.36734,-26.06091],[-65.36977,-26.06573],[-65.37446,-26.06541],[-65.38007,-26.07126],[-65.38357,-26.07836],[-65.38881,-26.08465],[-65.39465,-26.08873],[-65.39949,-26.08973],[-65.40928,-26.0948],[-65.41067,-26.09692],[-65.41406,-26.09924],[-65.41609,-26.10404],[-65.42254,-26.10851],[-65.43145,-26.10995],[-65.43703,-26.10991],[-65.4406,-26.10769],[-65.43996,-26.10508],[-65.44121,-26.1042],[-65.44714,-26.10574],[-65.45467,-26.10457],[-65.45879,-26.10257],[-65.45716,-26.09854],[-65.45984,-26.09485],[-65.46093,-26.09426],[-65.46292,-26.09478],[-65.46476,-26.09152],[-65.46923,-26.09066],[-65.47339,-26.09454],[-65.47731,-26.0954],[-65.4793,-26.09493],[-65.48046,-26.09293],[-65.48231,-26.09373],[-65.48554,-26.09289],[-65.48825,-26.09348],[-65.48958,-26.09103],[-65.49123,-26.09187],[-65.49405,-26.09046],[-65.5007,-26.09003],[-65.50266,-26.09064],[-65.50529,-26.09019],[-65.50727,-26.09184],[-65.5124,-26.09354],[-65.51637,-26.09329],[-65.52161,-26.09534],[-65.52241,-26.09367],[-65.52478,-26.09515],[-65.52824,-26.09325],[-65.53164,-26.09336],[-65.53212,-26.09125],[-65.53448,-26.0924],[-65.5384,-26.0904],[-65.54194,-26.09086],[-65.54263,-26.08977],[-65.54815,-26.08753],[-65.54977,-26.08857],[-65.55159,-26.08779],[-65.55338,-26.08789],[-65.55467,-26.08894],[-65.55769,-26.08849],[-65.56057,-26.0898],[-65.56338,-26.0889],[-65.56331,-26.08766],[-65.5618,-26.08597],[-65.56211,-26.08032],[-65.56327,-26.07838],[-65.56256,-26.07701],[-65.56307,-26.07526],[-65.56122,-26.07032],[-65.55801,-26.06396],[-65.55409,-26.05849],[-65.55116,-26.05149],[-65.55177,-26.04121],[-65.55095,-26.03881],[-65.54922,-26.03715],[-65.54675,-26.03755],[-65.54462,-26.03591],[-65.54067,-26.03955],[-65.54131,-26.04038],[-65.5407,-26.04382],[-65.53808,-26.04309],[-65.53573,-26.04524],[-65.53534,-26.04437],[-65.53347,-26.0443],[-65.53054,-26.04525],[-65.53111,-26.04269],[-65.52801,-26.04181],[-65.52745,-26.04066],[-65.53225,-26.04139],[-65.53256,-26.04037],[-65.53029,-26.03996],[-65.53017,-26.03933],[-65.53139,-26.0391],[-65.53529,-26.03552],[-65.53364,-26.0339],[-65.53136,-26.03464],[-65.53089,-26.03408],[-65.5347,-26.0296],[-65.53401,-26.02786],[-65.53147,-26.03042],[-65.53046,-26.03018],[-65.53056,-26.02927],[-65.53205,-26.02659],[-65.53463,-26.02585],[-65.53516,-26.02486],[-65.53446,-26.02415],[-65.53058,-26.0237],[-65.53172,-26.02205],[-65.53063,-26.0207],[-65.52971,-26.02082],[-65.52883,-26.02311],[-65.52778,-26.02326],[-65.52674,-26.02235],[-65.52814,-26.02093],[-65.52784,-26.01943],[-65.52035,-26.01873],[-65.51728,-26.01954],[-65.4994,-26.01882],[-65.49778,-26.01751],[-65.49545,-26.01342],[-65.49292,-26.0126],[-65.48804,-26.01291],[-65.48677,-26.01617],[-65.48297,-26.01648],[-65.47033,-26.01497],[-65.46781,-26.01316],[-65.46332,-26.00858],[-65.46027,-26.00318],[-65.45921,-25.99926],[-65.45578,-25.9981],[-65.45273,-25.9945],[-65.45061,-25.98388],[-65.44793,-25.97718],[-65.44814,-25.97261],[-65.44671,-25.96853],[-65.44474,-25.96624],[-65.44457,-25.9633],[-65.4406,-25.9582],[-65.43018,-25.9804],[-65.42273,-25.99185],[-65.41848,-26.0008],[-65.4129,-26.00199],[-65.41335,-26.00517],[-65.41189,-26.01162]]]]}},{"type":"Feature","properties":{"nombre":"El Potrero"},"geometry":{"type":"MultiPolygon","coordinates":[[[[-64.30874,-25.52342],[-64.20848,-25.557],[-64.19713,-25.70948],[-64.26797,-25.70057],[-64.41301,-26.04048],[-64.40362,-26.04841],[-64.41668,-26.1143],[-64.42552,-26.11588],[-64.49492,-26.2195],[-64.49709,-26.21869],[-64.49714,-26.21679],[-64.49809,-26.2161],[-64.50032,-26.21732],[-64.50283,-26.21702],[-64.50797,-26.21845],[-64.50923,-26.21574],[-64.51092,-26.21447],[-64.51152,-26.21522],[-64.51067,-26.21677],[-64.51117,-26.21793],[-64.51334,-26.21911],[-64.51478,-26.22178],[-64.51857,-26.22408],[-64.52131,-26.22437],[-64.52204,-26.22368],[-64.52364,-26.22406],[-64.52752,-26.22317],[-64.53043,-26.22474],[-64.53303,-26.22215],[-64.5354,-26.22292],[-64.53612,-26.22104],[-64.54067,-26.2221],[-64.54123,-26.22133],[-64.54075,-26.21978],[-64.54157,-26.21942],[-64.54292,-26.22011],[-64.54339,-26.2217],[-64.54869,-26.22087],[-64.54853,-26.22298],[-64.54994,-26.22446],[-64.54954,-26.22637],[-64.55281,-26.2258],[-64.55308,-26.22343],[-64.55531,-26.22241],[-64.5613,-26.22446],[-64.5642,-26.22692],[-64.56484,-26.22677],[-64.56478,-26.22442],[-64.56733,-26.22336],[-64.57195,-26.22347],[-64.57238,-26.22079],[-64.57562,-26.22166],[-64.57958,-26.21818],[-64.5828,-26.22363],[-64.58459,-26.22381],[-64.58967,-26.22007],[-64.59196,-26.22544],[-64.59405,-26.22599],[-64.59309,-26.22335],[-64.59364,-26.22252],[-64.59667,-26.2244],[-64.59763,-26.22425],[-64.59829,-26.225],[-64.59682,-26.22825],[-64.59908,-26.22965],[-64.5993,-26.23069],[-64.60384,-26.2284],[-64.60693,-26.22778],[-64.60671,-26.22604],[-64.60798,-26.22585],[-64.60879,-26.22946],[-64.61018,-26.23159],[-64.61284,-26.232],[-64.61321,-26.23308],[-64.6143,-26.23334],[-64.61548,-26.23],[-64.61721,-26.23126],[-64.61862,-26.23034],[-64.61748,-26.22949],[-64.61678,-26.22688],[-64.61889,-26.2253],[-64.61967,-26.22732],[-64.62043,-26.22734],[-64.62171,-26.22637],[-64.62142,-26.22458],[-64.62205,-26.22452],[-64.62424,-26.22538],[-64.62338,-26.22698],[-64.62376,-26.22803],[-64.62671,-26.22884],[-64.62765,-26.23065],[-64.63343,-26.23482],[-64.6377,-26.23311],[-64.64293,-26.23242],[-64.64402,-26.23373],[-64.6418,-26.23706],[-64.64215,-26.2377],[-64.64692,-26.23809],[-64.64887,-26.23743],[-64.6502,-26.23889],[-64.65905,-26.24177],[-64.66406,-26.24161],[-64.66779,-26.24272],[-64.66926,-26.24171],[-64.66905,-26.24059],[-64.67411,-26.23882],[-64.67463,-26.23754],[-64.67562,-26.23724],[-64.68255,-26.23967],[-64.68662,-26.23862],[-64.69041,-26.23996],[-64.69315,-26.23758],[-64.70204,-26.23859],[-64.70769,-26.23768],[-64.71228,-26.23556],[-64.71474,-26.23728],[-64.71913,-26.23772],[-64.72037,-26.24018],[-64.72243,-26.24044],[-64.72362,-26.23968],[-64.72682,-26.24093],[-64.72882,-26.24013],[-64.73215,-26.24156],[-64.7317,-26.24017],[-64.73282,-26.23956],[-64.73493,-26.23929],[-64.73689,-26.2406],[-64.73977,-26.23809],[-64.74584,-26.23877],[-64.74816,-26.23786],[-64.74917,-26.23566],[-64.75579,-26.22882],[-64.75907,-26.22399],[-64.76783,-26.22366],[-64.77251,-26.22606],[-64.77561,-26.22576],[-64.78221,-26.22339],[-64.78894,-26.22491],[-64.79041,-26.22372],[-64.79289,-26.225],[-64.79536,-26.22791],[-64.79656,-26.22771],[-64.79794,-26.22903],[-64.80197,-26.22972],[-64.80494,-26.23164],[-64.80926,-26.23281],[-64.81162,-26.23116],[-64.81593,-26.23134],[-64.81896,-26.23625],[-64.81831,-26.23658],[-64.81895,-26.23977],[-64.82026,-26.2401],[-64.82092,-26.24186],[-64.82277,-26.24269],[-64.82607,-26.23967],[-64.83049,-26.23927],[-64.83248,-26.23681],[-64.84011,-26.23679],[-64.84552,-26.2387],[-64.84693,-26.23979],[-64.84825,-26.2425],[-64.84832,-26.2457],[-64.8471,-26.24793],[-64.85162,-26.24889],[-64.85317,-26.25007],[-64.85122,-26.25376],[-64.85563,-26.25214],[-64.85812,-26.25269],[-64.85965,-26.25941],[-64.86125,-26.25889],[-64.86281,-26.26022],[-64.8654,-26.26084],[-64.86633,-26.26252],[-64.86678,-26.26657],[-64.8682,-26.26766],[-64.86939,-26.27029],[-64.87248,-26.27281],[-64.87344,-26.27492],[-64.87776,-26.27563],[-64.87866,-26.27703],[-64.88142,-26.27808],[-64.88245,-26.28],[-64.885,-26.28025],[-64.8873,-26.28248],[-64.89294,-26.28022],[-64.89425,-26.27877],[-64.89695,-26.27885],[-64.89815,-26.28161],[-64.90204,-26.28479],[-64.90397,-26.28762],[-64.90749,-26.28896],[-64.90879,-26.29036],[-64.91018,-26.29027],[-64.91234,-26.29175],[-64.91779,-26.29112],[-64.91836,-26.29283],[-64.9203,-26.29289],[-64.92151,-26.29408],[-64.92381,-26.29217],[-64.92565,-26.29199],[-64.92553,-26.29368],[-64.92652,-26.2949],[-64.93043,-26.29686],[-64.93269,-26.29465],[-64.9343,-26.29734],[-64.93364,-26.2984],[-64.934,-26.29944],[-64.93888,-26.29753],[-64.94108,-26.2985],[-64.94146,-26.29949],[-64.9398,-26.30147],[-64.94163,-26.30225],[-64.94354,-26.30022],[-64.94605,-26.28895],[-64.94192,-26.28496],[-64.94221,-26.27724],[-64.94115,-26.27228],[-64.9377,-26.26533],[-64.93552,-26.26333],[-64.93403,-26.25837],[-64.93012,-26.25398],[-64.92883,-26.25081],[-64.92804,-26.2411],[-64.92213,-26.22033],[-64.91848,-26.21132],[-64.91734,-26.19951],[-64.91153,-26.18908],[-64.9081,-26.18877],[-64.90438,-26.18734],[-64.89169,-26.17966],[-64.88897,-26.17178],[-64.88629,-26.15912],[-64.88385,-26.15405],[-64.87933,-26.13857],[-64.87292,-26.12532],[-64.87144,-26.11801],[-64.87494,-26.10961],[-64.8753,-26.10484],[-64.88123,-26.10208],[-64.88589,-26.10239],[-64.88875,-26.0968],[-64.8944,-26.09095],[-64.89293,-26.07628],[-64.89014,-26.07012],[-64.8873,-26.06851],[-64.88314,-26.06769],[-64.88512,-26.05268],[-64.88518,-26.04651],[-64.88433,-26.04482],[-64.89051,-26.04366],[-64.89598,-26.03866],[-64.89994,-26.03629],[-64.90688,-26.03607],[-64.91415,-26.03177],[-64.91836,-26.0308],[-64.92408,-26.0322],[-64.92617,-26.0344],[-64.93344,-26.03259],[-64.96235,-26.03398],[-64.96976,-26.03035],[-64.97518,-26.03135],[-64.9829,-26.02786],[-64.99284,-26.02779],[-64.98056,-25.981],[-64.97554,-25.98331],[-64.97197,-25.97004],[-64.96537,-25.96962],[-64.96565,-25.96508],[-64.93251,-25.97325],[-64.92091,-25.96327],[-64.88381,-25.9798],[-64.88262,-25.97459],[-64.88506,-25.96985],[-64.88679,-25.96808],[-64.79566,-25.92263],[-64.79833,-25.91844],[-64.74914,-25.89261],[-64.7551,-25.8867],[-64.75863,-25.87354],[-64.74333,-25.86831],[-64.6869,-25.83416],[-64.68373,-25.83513],[-64.69285,-25.79991],[-64.69308,-25.79201],[-64.69472,-25.78414],[-64.69667,-25.78388],[-64.7002,-25.78506],[-64.70199,-25.7844],[-64.70183,-25.78152],[-64.70499,-25.77965],[-64.71109,-25.77413],[-64.71468,-25.77697],[-64.71477,-25.7793],[-64.71603,-25.7794],[-64.71622,-25.77858],[-64.69699,-25.6825],[-64.69791,-25.68229],[-64.69146,-25.65397],[-64.69355,-25.65357],[-64.68673,-25.62023],[-64.65922,-25.61078],[-64.65989,-25.6091],[-64.62126,-25.59716],[-64.47683,-25.62185],[-64.47389,-25.61316],[-64.47096,-25.60797],[-64.46598,-25.60162],[-64.46445,-25.59788],[-64.46146,-25.58423],[-64.46409,-25.5761],[-64.46161,-25.57278],[-64.46164,-25.57077],[-64.45902,-25.56515],[-64.45842,-25.56243],[-64.45927,-25.55814],[-64.45602,-25.55266],[-64.45548,-25.54563],[-64.4541,-25.54247],[-64.4542,-25.53473],[-64.45263,-25.52501],[-64.40233,-25.53525],[-64.30874,-25.52342]]]]}},{"type":"Feature","properties":{"nombre":"El Quebrachal"},"geometry":{"type":"MultiPolygon","coordinates":[[[[-63.07429,-25.09488],[-63.0743,-25.12908],[-63.07134,-25.24455],[-63.23554,-25.43468],[-63.47552,-25.70995],[-63.56633,-25.70995],[-63.66046,-25.68537],[-63.87502,-25.68479],[-63.91908,-25.68208],[-63.9228,-25.67686],[-63.926,-25.6768],[-63.92916,-25.67859],[-63.93081,-25.67577],[-63.93442,-25.67378],[-63.93988,-25.6736],[-63.9446,-25.67137],[-63.94902,-25.67044],[-63.95384,-25.66541],[-63.9558,-25.66075],[-63.95869,-25.65859],[-63.95907,-25.6559],[-63.95571,-25.65301],[-63.95417,-25.64974],[-63.95421,-25.64396],[-63.95238,-25.64158],[-63.95426,-25.63762],[-63.95331,-25.63551],[-63.95361,-25.63097],[-63.95118,-25.62789],[-63.95034,-25.62548],[-63.95195,-25.61827],[-63.94989,-25.6134],[-63.95065,-25.60712],[-63.94891,-25.60589],[-63.94532,-25.60659],[-63.9436,-25.60422],[-63.94405,-25.60078],[-63.94512,-25.5993],[-63.94452,-25.59575],[-63.94517,-25.58967],[-63.94199,-25.5835],[-63.94152,-25.58014],[-63.94397,-25.57322],[-63.94448,-25.56688],[-63.94297,-25.56219],[-63.94108,-25.55949],[-63.942,-25.55459],[-63.94113,-25.55154],[-63.9422,-25.55052],[-63.94704,-25.5509],[-63.94855,-25.54985],[-63.94985,-25.54627],[-63.94903,-25.54243],[-63.95319,-25.53594],[-63.95191,-25.53356],[-63.95274,-25.53154],[-63.9577,-25.52965],[-63.962,-25.5333],[-63.9657,-25.53312],[-63.96726,-25.53154],[-63.96832,-25.52628],[-63.97046,-25.52444],[-63.97987,-25.52229],[-63.98333,-25.51826],[-63.98793,-25.51665],[-63.99001,-25.51344],[-63.99042,-25.5047],[-63.99468,-25.50017],[-63.99631,-25.49732],[-63.996,-25.49204],[-63.99671,-25.48926],[-63.99862,-25.48792],[-64.00229,-25.48694],[-64.00605,-25.48064],[-64.00987,-25.47829],[-64.01033,-25.47674],[-64.00564,-25.47612],[-64.0051,-25.47395],[-64.00582,-25.47269],[-64.01023,-25.47212],[-64.01137,-25.47348],[-64.0133,-25.47341],[-64.01595,-25.46878],[-64.02037,-25.46542],[-64.02466,-25.46545],[-64.02725,-25.4688],[-64.02944,-25.46816],[-64.0291,-25.46547],[-64.02494,-25.45978],[-64.02583,-25.45651],[-64.02857,-25.45452],[-64.02789,-25.45133],[-64.02524,-25.45023],[-64.02333,-25.451],[-64.0212,-25.45346],[-64.01938,-25.45311],[-64.01846,-25.45157],[-64.01843,-25.44904],[-64.0158,-25.44665],[-64.01443,-25.44342],[-64.01598,-25.44251],[-64.02188,-25.44547],[-64.02368,-25.44487],[-64.02365,-25.44228],[-64.02206,-25.43911],[-64.02424,-25.43741],[-64.02441,-25.43625],[-64.02213,-25.43499],[-64.01973,-25.43629],[-64.01846,-25.43577],[-64.0182,-25.43401],[-64.01958,-25.43211],[-64.01857,-25.42931],[-64.02393,-25.42948],[-64.0249,-25.4284],[-64.02495,-25.42524],[-64.02619,-25.42337],[-64.02813,-25.42316],[-64.02931,-25.42467],[-64.03077,-25.42473],[-64.0336,-25.42145],[-64.03339,-25.41892],[-64.03532,-25.41925],[-64.03624,-25.41866],[-64.03698,-25.41585],[-64.03432,-25.41293],[-64.03388,-25.4113],[-64.03883,-25.40778],[-64.04068,-25.39931],[-64.04431,-25.39856],[-64.04812,-25.40021],[-64.04994,-25.39837],[-64.0478,-25.3927],[-64.04508,-25.39181],[-64.03754,-25.39243],[-64.03646,-25.39133],[-64.0367,-25.39007],[-64.0394,-25.38844],[-64.04075,-25.38355],[-64.04482,-25.38248],[-64.0465,-25.37845],[-64.04777,-25.37722],[-64.0483,-25.37395],[-64.05361,-25.3732],[-64.05495,-25.37232],[-64.05766,-25.3724],[-64.05865,-25.37162],[-64.05983,-25.36433],[-64.06298,-25.36117],[-64.06231,-25.35856],[-64.05348,-25.35145],[-64.04922,-25.34573],[-64.04627,-25.34366],[-64.04733,-25.33886],[-64.04452,-25.33533],[-64.04447,-25.33383],[-64.04687,-25.33119],[-64.05166,-25.33279],[-64.05387,-25.33239],[-64.05456,-25.33065],[-64.05363,-25.32536],[-64.05563,-25.32272],[-64.05502,-25.3215],[-64.05199,-25.32228],[-64.05055,-25.32137],[-64.05086,-25.3192],[-64.05309,-25.31712],[-64.05295,-25.31594],[-64.05123,-25.31553],[-64.04855,-25.31685],[-64.04722,-25.31626],[-64.04604,-25.31421],[-64.04767,-25.31284],[-64.05126,-25.31382],[-64.0528,-25.31345],[-64.05306,-25.31188],[-64.05158,-25.30876],[-64.0525,-25.30746],[-64.05586,-25.30575],[-64.0587,-25.30255],[-64.05932,-25.30052],[-64.0632,-25.29569],[-64.06334,-25.29384],[-64.06455,-25.29211],[-64.06822,-25.29319],[-64.07165,-25.29167],[-64.07237,-25.29064],[-64.07001,-25.28865],[-64.06968,-25.28719],[-64.07315,-25.28124],[-64.07298,-25.27957],[-64.07067,-25.27914],[-64.0683,-25.28075],[-64.06661,-25.28094],[-64.06556,-25.28011],[-64.06541,-25.27733],[-64.06413,-25.27656],[-64.06154,-25.27885],[-64.06001,-25.27897],[-64.05808,-25.27737],[-64.05786,-25.27398],[-64.06153,-25.27236],[-64.06034,-25.27067],[-64.06018,-25.26824],[-64.06288,-25.2589],[-64.06306,-25.25235],[-64.06432,-25.24962],[-64.06634,-25.24857],[-64.07079,-25.24945],[-64.0731,-25.24738],[-64.07146,-25.24415],[-64.0731,-25.23957],[-64.07023,-25.23786],[-64.06989,-25.23679],[-64.07139,-25.23406],[-64.07682,-25.23253],[-64.07723,-25.23146],[-64.07643,-25.22949],[-64.0744,-25.22929],[-64.07367,-25.22832],[-64.07405,-25.22633],[-64.07635,-25.22397],[-63.97236,-25.24094],[-63.88424,-25.24542],[-63.88328,-25.24132],[-63.73153,-25.26348],[-63.68502,-25.26437],[-63.67912,-25.24156],[-63.63843,-25.242],[-63.6376,-25.19961],[-63.59986,-25.19952],[-63.59988,-25.22801],[-63.51977,-25.22721],[-63.51985,-25.09874],[-63.44595,-25.09702],[-63.33366,-25.09575],[-63.07429,-25.09488]]]]}},{"type":"Feature","properties":{"nombre":"El Tala"},"geometry":{"type":"MultiPolygon","coordinates":[[[[-65.29624,-25.86],[-65.29045,-25.8634],[-65.28593,-25.86403],[-65.28537,-25.86713],[-65.28319,-25.87022],[-65.28281,-25.87283],[-65.27991,-25.87493],[-65.28044,-25.87771],[-65.27772,-25.88015],[-65.27734,-25.88227],[-65.2748,-25.88519],[-65.27082,-25.88713],[-65.25656,-25.88804],[-65.25432,-25.88939],[-65.25409,-25.89319],[-65.25005,-25.89896],[-65.24954,-25.91652],[-65.25031,-25.92105],[-65.24789,-25.9243],[-65.24764,-25.93209],[-65.2446,-25.93732],[-65.24555,-25.94674],[-65.24947,-25.95998],[-65.24744,-25.96341],[-65.24682,-25.9663],[-65.2476,-25.96957],[-65.24679,-25.9721],[-65.24115,-25.97659],[-65.21325,-26.01149],[-65.20427,-26.01715],[-65.20273,-26.0195],[-65.19463,-26.02517],[-65.15705,-26.04016],[-65.17513,-26.12952],[-65.19573,-26.13553],[-65.22312,-26.18433],[-65.27207,-26.17315],[-65.27181,-26.17181],[-65.27252,-26.17106],[-65.27576,-26.17094],[-65.27633,-26.16971],[-65.2752,-26.16758],[-65.28059,-26.16463],[-65.28059,-26.16342],[-65.27545,-26.15992],[-65.27491,-26.15682],[-65.27707,-26.15473],[-65.28059,-26.15412],[-65.28201,-26.15211],[-65.2798,-26.14907],[-65.2803,-26.14757],[-65.28608,-26.14144],[-65.28412,-26.13505],[-65.28656,-26.13449],[-65.28877,-26.13222],[-65.28805,-26.1283],[-65.28858,-26.12762],[-65.29383,-26.12684],[-65.29306,-26.12358],[-65.2934,-26.11681],[-65.28969,-26.11385],[-65.28969,-26.1107],[-65.29162,-26.10371],[-65.29485,-26.0966],[-65.2963,-26.09415],[-65.30086,-26.09075],[-65.29678,-26.08477],[-65.29791,-26.08174],[-65.29989,-26.08056],[-65.30181,-26.0809],[-65.30751,-26.08454],[-65.31128,-26.08141],[-65.31542,-26.08256],[-65.31712,-26.08124],[-65.32094,-26.07498],[-65.32197,-26.07187],[-65.32475,-26.06925],[-65.33225,-26.06582],[-65.33455,-26.06609],[-65.335,-26.06808],[-65.33619,-26.06828],[-65.34142,-26.06493],[-65.34491,-26.06373],[-65.34706,-26.06044],[-65.3516,-26.05837],[-65.35176,-26.0548],[-65.35375,-26.05222],[-65.35687,-26.05512],[-65.36084,-26.05342],[-65.35864,-26.05059],[-65.35864,-26.04573],[-65.36319,-26.04409],[-65.36293,-26.04165],[-65.35687,-26.04177],[-65.35375,-26.03968],[-65.35186,-26.04034],[-65.35136,-26.03898],[-65.37941,-26.03878],[-65.38093,-26.03654],[-65.37529,-26.02635],[-65.37754,-26.02599],[-65.38063,-26.02147],[-65.38256,-26.02031],[-65.38594,-26.02072],[-65.39268,-26.01743],[-65.40002,-26.01764],[-65.40707,-26.01593],[-65.41189,-26.01162],[-65.41335,-26.00517],[-65.4129,-26.00199],[-65.41848,-26.0008],[-65.42273,-25.99185],[-65.43018,-25.9804],[-65.4406,-25.9582],[-65.43882,-25.95626],[-65.43288,-25.95264],[-65.43036,-25.95198],[-65.42711,-25.95278],[-65.42475,-25.95506],[-65.42259,-25.9544],[-65.42149,-25.95652],[-65.41806,-25.95634],[-65.41266,-25.95322],[-65.41123,-25.95142],[-65.40275,-25.95073],[-65.39266,-25.94693],[-65.38796,-25.94691],[-65.38437,-25.94429],[-65.38331,-25.93971],[-65.38405,-25.93547],[-65.38262,-25.93334],[-65.3738,-25.92955],[-65.37039,-25.92513],[-65.36628,-25.91679],[-65.36504,-25.91238],[-65.36037,-25.9086],[-65.35662,-25.90239],[-65.3588,-25.89913],[-65.35701,-25.89619],[-65.35757,-25.8926],[-65.36049,-25.88608],[-65.36032,-25.88445],[-65.3551,-25.88182],[-65.35099,-25.87576],[-65.34829,-25.87428],[-65.34612,-25.87525],[-65.34378,-25.87393],[-65.34035,-25.87441],[-65.33729,-25.87341],[-65.33513,-25.87259],[-65.33389,-25.86899],[-65.31911,-25.86566],[-65.30868,-25.86104],[-65.30489,-25.86135],[-65.29624,-25.86]]]]}},{"type":"Feature","properties":{"nombre":"Embarcación"},"geometry":{"type":"MultiPolygon","coordinates":[[[[-63.84805,-23.00449],[-63.82626,-23.00484],[-63.82453,-22.99326],[-63.78156,-22.98422],[-63.74441,-22.99964],[-63.76606,-23.04386],[-63.67389,-23.06725],[-63.66697,-23.01516],[-63.60646,-23.02436],[-63.60587,-23.02042],[-63.5199,-23.03178],[-63.52164,-23.047],[-63.2202,-23.07943],[-63.26608,-23.45968],[-63.28157,-23.45806],[-63.29573,-23.53485],[-63.2688,-23.55936],[-63.27986,-23.62805],[-63.27724,-23.6493],[-63.28176,-23.64795],[-63.28395,-23.64843],[-63.2895,-23.65164],[-63.29196,-23.65193],[-63.29621,-23.65087],[-63.30123,-23.64617],[-63.31078,-23.64215],[-63.31507,-23.63665],[-63.31979,-23.63333],[-63.32456,-23.62764],[-63.33124,-23.62564],[-63.33009,-23.61877],[-63.32467,-23.61187],[-63.32262,-23.6074],[-63.32326,-23.60494],[-63.32755,-23.60161],[-63.33691,-23.59926],[-63.33881,-23.59811],[-63.34223,-23.5926],[-63.34337,-23.59193],[-63.36209,-23.58973],[-63.36798,-23.58682],[-63.3684,-23.58417],[-63.36599,-23.57934],[-63.36256,-23.57682],[-63.36179,-23.57523],[-63.36116,-23.5692],[-63.36187,-23.5632],[-63.36356,-23.5615],[-63.36537,-23.56121],[-63.37041,-23.5628],[-63.37379,-23.56223],[-63.37956,-23.55802],[-63.38677,-23.55483],[-63.39542,-23.54947],[-63.39997,-23.54162],[-63.40399,-23.53183],[-63.406,-23.51527],[-63.41252,-23.50957],[-63.42083,-23.50493],[-63.42997,-23.50332],[-63.44123,-23.49692],[-63.44352,-23.49514],[-63.44803,-23.48842],[-63.45573,-23.48258],[-63.46744,-23.47619],[-63.47203,-23.47133],[-63.47778,-23.46733],[-63.4906,-23.46168],[-63.49957,-23.45114],[-63.502,-23.45045],[-63.51144,-23.4505],[-63.5144,-23.44857],[-63.5166,-23.44518],[-63.51852,-23.44454],[-63.52139,-23.44453],[-63.52781,-23.44702],[-63.53481,-23.44817],[-63.56088,-23.44308],[-63.571,-23.43961],[-63.57516,-23.43687],[-63.57757,-23.43358],[-63.58042,-23.43187],[-63.58953,-23.43064],[-63.59233,-23.42815],[-63.59371,-23.4257],[-63.59524,-23.41922],[-63.60919,-23.40172],[-63.61212,-23.39474],[-63.61528,-23.3917],[-63.61747,-23.38803],[-63.62253,-23.38765],[-63.62859,-23.38867],[-63.63196,-23.3915],[-63.63491,-23.39666],[-63.63799,-23.39761],[-63.64532,-23.39637],[-63.65436,-23.391],[-63.65977,-23.39164],[-63.66246,-23.39095],[-63.66612,-23.38663],[-63.66788,-23.38025],[-63.67257,-23.36942],[-63.67649,-23.36453],[-63.67727,-23.3637],[-63.68664,-23.36358],[-63.68929,-23.36146],[-63.68928,-23.35951],[-63.68784,-23.35612],[-63.68806,-23.35409],[-63.69002,-23.35191],[-63.69431,-23.35046],[-63.69706,-23.34856],[-63.69836,-23.34088],[-63.69981,-23.33831],[-63.70775,-23.33371],[-63.7195,-23.33112],[-63.72245,-23.32822],[-63.72346,-23.32391],[-63.72573,-23.32261],[-63.73461,-23.32096],[-63.74204,-23.321],[-63.74782,-23.31985],[-63.75318,-23.32171],[-63.75631,-23.32585],[-63.77025,-23.32057],[-63.78645,-23.3168],[-63.78873,-23.31724],[-63.79184,-23.32013],[-63.79668,-23.32254],[-63.80743,-23.31978],[-63.82107,-23.32134],[-63.83278,-23.31979],[-63.84435,-23.32344],[-63.84751,-23.32251],[-63.85011,-23.31878],[-63.85224,-23.31726],[-63.86553,-23.31722],[-63.87754,-23.31252],[-63.88331,-23.31135],[-63.89159,-23.30652],[-63.90112,-23.30499],[-63.90568,-23.30105],[-63.91002,-23.29973],[-63.9153,-23.30158],[-63.92764,-23.30882],[-63.9328,-23.32029],[-63.93467,-23.32267],[-63.94424,-23.32799],[-63.94731,-23.32738],[-63.94926,-23.32428],[-63.95112,-23.31805],[-63.95389,-23.31543],[-63.95632,-23.31477],[-63.96011,-23.31538],[-63.97503,-23.32342],[-63.98702,-23.3279],[-63.99997,-23.33136],[-64.00705,-23.33244],[-64.01253,-23.33004],[-64.01953,-23.31971],[-64.02534,-23.31449],[-64.03921,-23.30792],[-64.04652,-23.30682],[-64.05447,-23.30683],[-64.0661,-23.30851],[-64.06896,-23.30821],[-64.07297,-23.30587],[-64.07496,-23.30256],[-64.07565,-23.2995],[-64.07567,-23.28567],[-64.08106,-23.27677],[-64.08336,-23.26467],[-64.08919,-23.25749],[-64.09339,-23.25447],[-64.09794,-23.25315],[-64.09978,-23.25335],[-64.10069,-23.25447],[-64.10173,-23.25943],[-64.103,-23.26116],[-64.10557,-23.26264],[-64.10833,-23.26293],[-64.11344,-23.2612],[-64.13551,-23.24885],[-64.14094,-23.24835],[-64.14511,-23.24931],[-64.14792,-23.25105],[-64.15107,-23.25541],[-64.15441,-23.26342],[-64.15746,-23.26691],[-64.1586,-23.26982],[-64.15999,-23.27173],[-64.1624,-23.27314],[-64.16751,-23.27334],[-64.17132,-23.27475],[-64.17725,-23.27389],[-64.18194,-23.27047],[-64.18843,-23.26768],[-64.19002,-23.26441],[-64.18994,-23.2593],[-64.18542,-23.25111],[-64.179,-23.24341],[-64.17756,-23.23933],[-64.17763,-23.23453],[-64.18149,-23.23263],[-64.19884,-23.23125],[-64.21396,-23.22575],[-64.22388,-23.21716],[-64.2255,-23.21383],[-64.22696,-23.20657],[-64.2249,-23.19515],[-64.22189,-23.18824],[-64.21871,-23.18474],[-64.21408,-23.18213],[-64.21176,-23.18289],[-64.20525,-23.19231],[-64.20233,-23.19465],[-64.19617,-23.19768],[-64.18097,-23.20195],[-64.17775,-23.20148],[-64.16991,-23.20225],[-64.16821,-23.20131],[-64.1681,-23.19949],[-64.16938,-23.19731],[-64.1729,-23.19492],[-64.18688,-23.18845],[-64.19624,-23.18704],[-64.20148,-23.18442],[-64.20368,-23.18207],[-64.20379,-23.17903],[-64.20263,-23.17658],[-64.18879,-23.1634],[-64.18416,-23.15694],[-64.18284,-23.15357],[-64.18357,-23.15022],[-64.18628,-23.1485],[-64.18871,-23.14799],[-64.19628,-23.14852],[-64.19921,-23.14967],[-64.20534,-23.15597],[-64.20791,-23.15683],[-64.20923,-23.15597],[-64.20917,-23.15256],[-64.20736,-23.15001],[-64.1976,-23.14435],[-64.19369,-23.14124],[-64.19225,-23.13908],[-64.19084,-23.134],[-64.19087,-23.12821],[-64.19532,-23.12558],[-64.19921,-23.12577],[-64.20635,-23.1353],[-64.20979,-23.13772],[-64.21185,-23.13721],[-64.21395,-23.13392],[-64.21431,-23.13057],[-64.21364,-23.12891],[-64.21255,-23.12777],[-64.20825,-23.12675],[-64.20341,-23.1228],[-64.20445,-23.11975],[-64.20947,-23.11445],[-64.20794,-23.10689],[-64.20828,-23.10115],[-64.21078,-23.09101],[-64.21229,-23.08796],[-64.21398,-23.08739],[-64.2157,-23.08897],[-64.21692,-23.09185],[-64.21726,-23.09804],[-64.21856,-23.09927],[-64.22072,-23.09886],[-64.2257,-23.09273],[-64.22829,-23.0915],[-64.23018,-23.09205],[-64.23532,-23.09732],[-64.2388,-23.09633],[-64.24025,-23.09435],[-64.2415,-23.08317],[-64.24763,-23.06879],[-64.24937,-23.06827],[-64.26098,-23.07015],[-64.26875,-23.06693],[-64.27273,-23.06828],[-64.27612,-23.06652],[-64.27682,-23.06492],[-64.27648,-23.06287],[-64.27164,-23.0545],[-64.27029,-23.04908],[-64.27034,-23.04134],[-64.27859,-23.03355],[-64.28159,-23.02895],[-64.28366,-23.0292],[-64.2895,-23.02789],[-64.29652,-23.02505],[-64.30344,-23.02489],[-64.31107,-23.02017],[-64.31521,-23.02105],[-64.32351,-23.02098],[-64.3295,-23.01551],[-64.33272,-23.0089],[-64.33376,-23.0042],[-64.33434,-22.99323],[-64.33072,-22.98748],[-64.32749,-22.98576],[-64.32718,-22.98402],[-64.32779,-22.97923],[-64.3305,-22.97396],[-64.33439,-22.97078],[-64.33516,-22.9664],[-64.17876,-22.98532],[-64.17873,-22.98692],[-64.16571,-22.99435],[-63.99582,-23.00201],[-63.84805,-23.00449]]]]}},{"type":"Feature","properties":{"nombre":"General Ballivián"},"geometry":{"type":"MultiPolygon","coordinates":[[[[-63.12288,-22.71564],[-63.12355,-22.76484],[-63.12308,-22.94428],[-63.20369,-22.94309],[-63.2202,-23.07943],[-63.52164,-23.047],[-63.5199,-23.03178],[-63.60587,-23.02042],[-63.60646,-23.02436],[-63.66697,-23.01516],[-63.67389,-23.06725],[-63.76606,-23.04386],[-63.74441,-22.99964],[-63.78156,-22.98422],[-63.82453,-22.99326],[-63.82626,-23.00484],[-63.99582,-23.00201],[-64.16571,-22.99435],[-64.17873,-22.98692],[-64.17876,-22.98532],[-64.33517,-22.96648],[-64.33458,-22.96441],[-64.32953,-22.95869],[-64.32722,-22.95336],[-64.32797,-22.95117],[-64.32953,-22.94976],[-64.33847,-22.94363],[-64.34212,-22.93851],[-64.34253,-22.93178],[-64.34153,-22.928],[-64.33901,-22.92649],[-64.33472,-22.92593],[-64.32509,-22.91629],[-64.32397,-22.91337],[-64.324,-22.90658],[-64.31889,-22.90056],[-64.32059,-22.89696],[-64.32228,-22.88963],[-64.32099,-22.88711],[-64.31503,-22.8827],[-64.31158,-22.88208],[-64.31172,-22.87811],[-64.30967,-22.87342],[-64.31032,-22.86944],[-64.30925,-22.86347],[-64.30729,-22.86199],[-64.30452,-22.86222],[-64.30188,-22.86353],[-64.29759,-22.86182],[-64.29807,-22.85295],[-64.30226,-22.84621],[-64.30644,-22.84181],[-64.30668,-22.83975],[-64.30458,-22.83772],[-64.29198,-22.83742],[-64.28735,-22.83566],[-64.28417,-22.82944],[-64.28257,-22.82428],[-64.28316,-22.82136],[-64.28564,-22.81869],[-64.28662,-22.81546],[-64.14807,-22.83724],[-64.15232,-22.8413],[-63.94693,-22.84435],[-63.6934,-22.84419],[-63.69156,-22.83406],[-63.68663,-22.83482],[-63.66733,-22.74681],[-63.57965,-22.76064],[-63.51182,-22.76049],[-63.51142,-22.71337],[-63.31817,-22.71546],[-63.12288,-22.71564]]]]}},{"type":"Feature","properties":{"nombre":"General Güemes"},"geometry":{"type":"MultiPolygon","coordinates":[[[[-64.84463,-24.46796],[-64.84311,-24.46783],[-64.8427,-24.46708],[-64.83754,-24.46917],[-64.78314,-24.49876],[-64.7706,-24.5042],[-64.76804,-24.51191],[-64.76389,-24.51756],[-64.7554,-24.52329],[-64.7512,-24.52456],[-64.74658,-24.52305],[-64.74343,-24.52316],[-64.73994,-24.52448],[-64.73719,-24.52422],[-64.73469,-24.52507],[-64.73187,-24.52764],[-64.72879,-24.52805],[-64.72583,-24.5299],[-64.72039,-24.53671],[-64.71978,-24.53962],[-64.71699,-24.54201],[-64.71312,-24.54966],[-64.71285,-24.55163],[-64.71068,-24.55406],[-64.70982,-24.55708],[-64.70851,-24.55774],[-64.70837,-24.55882],[-64.70485,-24.56212],[-64.70446,-24.56343],[-64.70292,-24.56324],[-64.70067,-24.56529],[-64.69941,-24.56598],[-64.69886,-24.5655],[-64.69675,-24.56802],[-64.69413,-24.56885],[-64.69098,-24.57127],[-64.68853,-24.57128],[-64.68728,-24.57011],[-64.68405,-24.57115],[-64.68352,-24.57302],[-64.68051,-24.57619],[-64.68122,-24.5776],[-64.67978,-24.57835],[-64.68062,-24.57932],[-64.67994,-24.57997],[-64.68057,-24.58079],[-64.67985,-24.58143],[-64.67993,-24.58418],[-64.68122,-24.58727],[-64.68261,-24.58785],[-64.68358,-24.59083],[-64.67931,-24.59437],[-64.67729,-24.5986],[-64.6744,-24.60076],[-64.67525,-24.60223],[-64.67417,-24.60387],[-64.67006,-24.60424],[-64.66935,-24.60554],[-64.66501,-24.60742],[-64.65712,-24.60747],[-64.65256,-24.6095],[-64.65007,-24.61218],[-64.64755,-24.61336],[-64.63994,-24.61113],[-64.6504,-24.61917],[-64.67081,-24.62407],[-64.68306,-24.6299],[-64.68744,-24.63102],[-64.69698,-24.63645],[-64.70364,-24.6386],[-64.70472,-24.6397],[-64.70471,-24.64103],[-64.70304,-24.64286],[-64.70257,-24.64444],[-64.7031,-24.64595],[-64.70953,-24.65261],[-64.71153,-24.65346],[-64.7146,-24.65767],[-64.71384,-24.66886],[-64.71681,-24.67374],[-64.71893,-24.69056],[-64.72155,-24.69325],[-64.72234,-24.69702],[-64.72799,-24.70496],[-64.72989,-24.70636],[-64.73578,-24.70792],[-64.74283,-24.71701],[-64.74883,-24.72132],[-64.75921,-24.72655],[-64.76814,-24.73279],[-64.76874,-24.73605],[-64.77068,-24.73966],[-64.77431,-24.74147],[-64.77527,-24.74439],[-64.77838,-24.74652],[-64.77871,-24.7548],[-64.77965,-24.7572],[-64.79425,-24.76735],[-64.79902,-24.77165],[-64.80059,-24.77969],[-64.79988,-24.78232],[-64.80079,-24.78709],[-64.80033,-24.79211],[-64.7959,-24.79583],[-64.79518,-24.79896],[-64.79557,-24.8016],[-64.79719,-24.80412],[-64.80621,-24.80909],[-64.80757,-24.81098],[-64.80741,-24.81349],[-64.81159,-24.8213],[-64.81263,-24.82758],[-64.81026,-24.83195],[-64.79936,-24.83625],[-64.79795,-24.83962],[-64.79758,-24.84928],[-64.79851,-24.86722],[-64.80238,-24.87942],[-64.80259,-24.88532],[-64.80116,-24.8912],[-64.79587,-24.89806],[-64.79716,-24.90672],[-64.80334,-24.90938],[-64.80713,-24.91517],[-64.81413,-24.92108],[-64.81454,-24.92576],[-64.82642,-24.94024],[-64.82763,-24.94718],[-64.82706,-24.94994],[-64.82576,-24.95135],[-64.81868,-24.9538],[-64.81539,-24.9618],[-64.81498,-24.96673],[-64.81639,-24.97217],[-64.81992,-24.97746],[-64.82432,-24.98703],[-64.83165,-24.99703],[-64.84092,-25.00688],[-64.84726,-25.01563],[-64.85646,-25.02222],[-64.86471,-25.0232],[-64.86848,-25.02214],[-64.87318,-25.01934],[-64.88089,-25.00953],[-64.88185,-25.00411],[-64.88417,-25.00103],[-64.88638,-25.00029],[-64.89149,-25.00309],[-64.89244,-25.00962],[-64.89926,-25.01694],[-64.90154,-25.01821],[-64.90065,-25.02498],[-64.90234,-25.03126],[-64.90594,-25.03922],[-64.90609,-25.05344],[-64.90524,-25.0663],[-64.90577,-25.06915],[-64.90446,-25.07165],[-64.90653,-25.07601],[-64.90601,-25.08336],[-64.90701,-25.10426],[-64.90672,-25.10618],[-64.90446,-25.10919],[-64.90117,-25.11099],[-64.90087,-25.11391],[-64.90507,-25.11637],[-64.91157,-25.11834],[-64.91412,-25.12045],[-64.91723,-25.12164],[-64.92043,-25.12375],[-64.92643,-25.13032],[-64.93091,-25.13294],[-64.94793,-25.13933],[-64.97661,-25.14879],[-64.97868,-25.14878],[-64.98536,-25.14532],[-64.98676,-25.14245],[-64.98905,-25.14223],[-64.99035,-25.13847],[-64.99709,-25.13696],[-65.00413,-25.13373],[-65.00403,-25.13172],[-65.00488,-25.13086],[-65.00661,-25.13193],[-65.00984,-25.13232],[-65.01123,-25.13133],[-65.0145,-25.13112],[-65.02088,-25.12892],[-65.02411,-25.12891],[-65.02618,-25.12522],[-65.02861,-25.1249],[-65.03064,-25.12574],[-65.03339,-25.12331],[-65.04033,-25.12309],[-65.04111,-25.11989],[-65.04503,-25.12117],[-65.04793,-25.12102],[-65.05417,-25.11756],[-65.05641,-25.11463],[-65.05716,-25.11149],[-65.06252,-25.10964],[-65.06413,-25.11276],[-65.06551,-25.11307],[-65.0662,-25.11228],[-65.06664,-25.10695],[-65.06738,-25.10613],[-65.07253,-25.10696],[-65.07691,-25.10447],[-65.0804,-25.10386],[-65.08188,-25.1003],[-65.08015,-25.09793],[-65.07764,-25.0972],[-65.07639,-25.09533],[-65.07286,-25.08427],[-65.07701,-25.07628],[-65.07736,-25.07155],[-65.07525,-25.05835],[-65.07576,-25.05363],[-65.07486,-25.04746],[-65.07378,-25.04502],[-65.07399,-25.038],[-65.07308,-25.03383],[-65.07376,-25.0271],[-65.07179,-25.01749],[-65.06744,-25.00973],[-65.0656,-25.00298],[-65.06629,-24.99582],[-65.07079,-24.99249],[-65.06708,-24.98669],[-65.06763,-24.98063],[-65.06581,-24.97627],[-65.065,-24.97178],[-65.0657,-24.96676],[-65.06393,-24.96528],[-65.06488,-24.96298],[-65.0639,-24.9609],[-65.06719,-24.95991],[-65.06787,-24.95831],[-65.0745,-24.95486],[-65.0786,-24.95512],[-65.08272,-24.95271],[-65.08667,-24.94912],[-65.08895,-24.94885],[-65.0905,-24.94721],[-65.09472,-24.94803],[-65.10019,-24.9468],[-65.09412,-24.93136],[-65.0959,-24.92421],[-65.09516,-24.91747],[-65.09613,-24.91432],[-65.09521,-24.91131],[-65.08973,-24.90826],[-65.08912,-24.90611],[-65.08977,-24.90325],[-65.08571,-24.89892],[-65.08432,-24.89634],[-65.08389,-24.89031],[-65.08454,-24.88788],[-65.08361,-24.88616],[-65.0794,-24.88126],[-65.06626,-24.87473],[-65.05329,-24.86562],[-65.0439,-24.84034],[-65.04053,-24.82928],[-65.03852,-24.81806],[-65.03664,-24.81403],[-65.02928,-24.81279],[-65.0245,-24.81617],[-65.01677,-24.81],[-65.01889,-24.80551],[-65.02276,-24.80153],[-65.0291,-24.73119],[-65.06799,-24.67347],[-65.06863,-24.67124],[-65.05101,-24.66723],[-65.04824,-24.66764],[-65.04781,-24.66657],[-65.04543,-24.66551],[-65.03934,-24.66448],[-65.01962,-24.6555],[-65.00355,-24.6519],[-64.9738,-24.64813],[-64.97351,-24.62932],[-64.97288,-24.62948],[-64.97035,-24.6163],[-64.97178,-24.61612],[-64.971,-24.61531],[-64.97142,-24.61057],[-64.97926,-24.61176],[-64.99387,-24.60487],[-64.99533,-24.601],[-65.00698,-24.59689],[-65.00949,-24.59726],[-65.0096,-24.59835],[-65.0113,-24.59858],[-65.01157,-24.59731],[-65.01305,-24.59671],[-65.01346,-24.59775],[-65.0145,-24.59616],[-65.01686,-24.59546],[-65.02234,-24.5956],[-65.02736,-24.59321],[-65.02964,-24.59449],[-65.03123,-24.59158],[-65.03413,-24.59039],[-65.04087,-24.59263],[-65.05224,-24.58992],[-65.05711,-24.59368],[-65.06357,-24.59463],[-65.0704,-24.5941],[-65.07582,-24.59643],[-65.0791,-24.59532],[-65.07894,-24.56228],[-65.07772,-24.56267],[-65.07532,-24.5619],[-65.07193,-24.56431],[-65.06291,-24.56326],[-65.05889,-24.5653],[-65.05455,-24.56903],[-65.04834,-24.5692],[-65.04583,-24.57193],[-65.04025,-24.5735],[-65.03589,-24.57364],[-65.02957,-24.57601],[-65.02531,-24.5759],[-65.02,-24.57763],[-65.01846,-24.57736],[-65.01657,-24.57858],[-65.012,-24.57747],[-65.00707,-24.57963],[-65.00504,-24.5774],[-65.00148,-24.57866],[-64.99974,-24.57783],[-64.99903,-24.57628],[-64.99675,-24.57622],[-64.99121,-24.57765],[-64.99013,-24.57926],[-64.98738,-24.57876],[-64.98509,-24.57942],[-64.98319,-24.58214],[-64.98247,-24.58218],[-64.98257,-24.5813],[-64.9816,-24.58069],[-64.98092,-24.5822],[-64.97705,-24.58283],[-64.97168,-24.58682],[-64.96848,-24.58523],[-64.9664,-24.58664],[-64.96457,-24.58684],[-64.96154,-24.58941],[-64.9597,-24.5881],[-64.95973,-24.59042],[-64.95894,-24.59144],[-64.95596,-24.5901],[-64.9529,-24.59351],[-64.94835,-24.59482],[-64.94666,-24.59404],[-64.9462,-24.59573],[-64.94442,-24.59629],[-64.94417,-24.59572],[-64.94373,-24.5967],[-64.94211,-24.59659],[-64.942,-24.59563],[-64.94096,-24.59686],[-64.93987,-24.59615],[-64.94015,-24.59497],[-64.9378,-24.59429],[-64.93723,-24.59491],[-64.93531,-24.59454],[-64.93474,-24.59636],[-64.93239,-24.59581],[-64.93168,-24.59702],[-64.92865,-24.596],[-64.92931,-24.598],[-64.92741,-24.59977],[-64.92644,-24.59963],[-64.92672,-24.59867],[-64.92456,-24.59827],[-64.92493,-24.59765],[-64.92423,-24.59707],[-64.91983,-24.5968],[-64.9198,-24.59532],[-64.91793,-24.59401],[-64.91702,-24.59425],[-64.91604,-24.59694],[-64.91548,-24.59629],[-64.91351,-24.59739],[-64.91233,-24.59608],[-64.91166,-24.59699],[-64.90999,-24.59689],[-64.91136,-24.59517],[-64.91006,-24.59249],[-64.90892,-24.59195],[-64.90691,-24.59291],[-64.90452,-24.59276],[-64.9008,-24.58896],[-64.90063,-24.59132],[-64.89694,-24.59199],[-64.89837,-24.58851],[-64.8983,-24.58525],[-64.89668,-24.58354],[-64.89363,-24.58421],[-64.89411,-24.57964],[-64.88976,-24.5774],[-64.8885,-24.57525],[-64.8899,-24.57378],[-64.88766,-24.57408],[-64.88678,-24.57336],[-64.88876,-24.57222],[-64.88894,-24.57085],[-64.88821,-24.57051],[-64.88491,-24.57219],[-64.88371,-24.57188],[-64.88487,-24.56881],[-64.88438,-24.56584],[-64.8885,-24.56633],[-64.88934,-24.56562],[-64.88883,-24.56427],[-64.88959,-24.56352],[-64.89178,-24.56519],[-64.89234,-24.56434],[-64.89199,-24.56196],[-64.89344,-24.56036],[-64.89085,-24.55771],[-64.89234,-24.55532],[-64.89038,-24.55326],[-64.8902,-24.54649],[-64.887,-24.54442],[-64.88659,-24.54271],[-64.8826,-24.5376],[-64.88271,-24.53646],[-64.8845,-24.53494],[-64.88295,-24.53352],[-64.88412,-24.53244],[-64.88381,-24.52912],[-64.87949,-24.52725],[-64.8798,-24.52567],[-64.88244,-24.52423],[-64.88554,-24.52113],[-64.88106,-24.5127],[-64.87606,-24.50912],[-64.87561,-24.50692],[-64.8774,-24.50578],[-64.87811,-24.50397],[-64.87733,-24.5007],[-64.87472,-24.49923],[-64.87087,-24.49532],[-64.86709,-24.4952],[-64.8639,-24.49315],[-64.86285,-24.49465],[-64.8619,-24.49402],[-64.86049,-24.48987],[-64.86293,-24.49009],[-64.86376,-24.48938],[-64.86268,-24.4875],[-64.86265,-24.48437],[-64.86163,-24.48183],[-64.85889,-24.48003],[-64.85694,-24.47594],[-64.85607,-24.47564],[-64.85514,-24.47744],[-64.85388,-24.47621],[-64.85394,-24.47468],[-64.85622,-24.47033],[-64.84801,-24.46876],[-64.8457,-24.4667],[-64.84463,-24.46796]]]]}},{"type":"Feature","properties":{"nombre":"General Mosconi"},"geometry":{"type":"MultiPolygon","coordinates":[[[[-64.06556,-22.27268],[-63.96062,-22.27364],[-63.95856,-22.27275],[-63.81536,-22.27363],[-63.8172,-22.33101],[-63.81228,-22.33115],[-63.8207,-22.33527],[-63.81708,-22.34074],[-63.81709,-22.34357],[-63.83043,-22.35807],[-63.83287,-22.37782],[-63.83416,-22.38305],[-63.84647,-22.40512],[-63.84565,-22.40893],[-63.84598,-22.41545],[-63.84344,-22.41918],[-63.84514,-22.42319],[-63.84475,-22.42792],[-63.84283,-22.43028],[-63.83831,-22.43185],[-63.83729,-22.43834],[-63.8396,-22.44218],[-63.84111,-22.44235],[-63.84233,-22.44377],[-63.8433,-22.44612],[-63.84681,-22.44753],[-63.85022,-22.45081],[-63.84941,-22.45416],[-63.85012,-22.45702],[-63.84865,-22.45901],[-63.85111,-22.4627],[-63.85037,-22.47354],[-63.8519,-22.47577],[-63.86487,-22.48008],[-63.86528,-22.48224],[-63.86358,-22.48672],[-63.85982,-22.48987],[-63.85836,-22.49223],[-63.85924,-22.49424],[-63.8572,-22.49583],[-63.85939,-22.49697],[-63.85977,-22.49937],[-63.86341,-22.50112],[-63.86022,-22.50285],[-63.86261,-22.51924],[-63.86323,-22.53567],[-63.8689,-22.54374],[-63.81175,-22.54298],[-63.79689,-22.54374],[-63.76431,-22.54377],[-63.74062,-22.55561],[-63.72741,-22.60019],[-63.67288,-22.62875],[-63.67254,-22.65923],[-63.66733,-22.74681],[-63.68663,-22.83482],[-63.69156,-22.83406],[-63.6934,-22.84419],[-63.94693,-22.84435],[-64.15232,-22.8413],[-64.14807,-22.83724],[-64.28662,-22.81546],[-64.28627,-22.80806],[-64.28761,-22.79963],[-64.28695,-22.7977],[-64.28399,-22.7943],[-64.27841,-22.79239],[-64.27652,-22.79062],[-64.27582,-22.78736],[-64.27878,-22.78267],[-64.27733,-22.77764],[-64.27513,-22.77503],[-64.26729,-22.76993],[-64.26534,-22.76666],[-64.26532,-22.76251],[-64.26744,-22.75775],[-64.27883,-22.75518],[-64.2825,-22.75351],[-64.28361,-22.75128],[-64.28192,-22.74801],[-64.27951,-22.74645],[-64.27517,-22.74463],[-64.26915,-22.74528],[-64.26597,-22.74362],[-64.26397,-22.74124],[-64.26854,-22.74005],[-64.27029,-22.73627],[-64.27067,-22.73427],[-64.26731,-22.72812],[-64.27162,-22.71673],[-64.27177,-22.70975],[-64.27071,-22.70783],[-64.26525,-22.70361],[-64.26398,-22.70169],[-64.26488,-22.69619],[-64.26166,-22.68803],[-64.26133,-22.67682],[-64.26057,-22.67457],[-64.25673,-22.67186],[-64.24979,-22.67185],[-64.24517,-22.67098],[-64.24402,-22.67004],[-64.24229,-22.66605],[-64.24222,-22.66511],[-64.246,-22.66189],[-64.25102,-22.66034],[-64.26215,-22.65392],[-64.26387,-22.6522],[-64.26459,-22.65016],[-64.26135,-22.63761],[-64.25729,-22.62855],[-64.2563,-22.62801],[-64.25493,-22.62852],[-64.25077,-22.63155],[-64.24613,-22.63138],[-64.24192,-22.62852],[-64.23919,-22.62297],[-64.23738,-22.61135],[-64.23913,-22.60534],[-64.24321,-22.59861],[-64.24285,-22.59102],[-64.24437,-22.58393],[-64.24324,-22.57575],[-64.24305,-22.5637],[-64.24169,-22.55773],[-64.23977,-22.55546],[-64.23239,-22.5575],[-64.22966,-22.55671],[-64.22808,-22.55431],[-64.2274,-22.55136],[-64.22782,-22.54408],[-64.22616,-22.54121],[-64.21629,-22.54335],[-64.21581,-22.54122],[-64.21725,-22.53855],[-64.21817,-22.53142],[-64.21725,-22.52916],[-64.21276,-22.52415],[-64.21127,-22.52136],[-64.2098,-22.51161],[-64.20795,-22.50622],[-64.19963,-22.49124],[-64.19678,-22.48913],[-64.19011,-22.49165],[-64.18755,-22.49065],[-64.1863,-22.48687],[-64.18683,-22.48179],[-64.18606,-22.47755],[-64.18407,-22.47431],[-64.17522,-22.46681],[-64.17292,-22.46651],[-64.16651,-22.47095],[-64.16447,-22.47081],[-64.16307,-22.46893],[-64.16255,-22.46537],[-64.16326,-22.4579],[-64.1621,-22.45556],[-64.15306,-22.44995],[-64.15174,-22.44465],[-64.15179,-22.43885],[-64.15062,-22.43677],[-64.14794,-22.43418],[-64.14149,-22.43195],[-64.13873,-22.43062],[-64.13804,-22.42947],[-64.13746,-22.42796],[-64.13849,-22.42477],[-64.14367,-22.41981],[-64.14479,-22.41715],[-64.14329,-22.4139],[-64.13819,-22.40704],[-64.13375,-22.40586],[-64.12491,-22.40789],[-64.11839,-22.40779],[-64.11552,-22.40561],[-64.1157,-22.40352],[-64.11739,-22.40101],[-64.11986,-22.39319],[-64.12076,-22.38435],[-64.12043,-22.38341],[-64.11929,-22.38311],[-64.11326,-22.38376],[-64.10966,-22.38128],[-64.10905,-22.37957],[-64.11083,-22.37514],[-64.11498,-22.36916],[-64.11689,-22.36323],[-64.11484,-22.36105],[-64.10689,-22.35788],[-64.09974,-22.34697],[-64.09868,-22.33892],[-64.10051,-22.33673],[-64.10429,-22.33646],[-64.10337,-22.33012],[-64.09778,-22.32505],[-64.09646,-22.32098],[-64.09358,-22.31765],[-64.09324,-22.31539],[-64.09488,-22.31185],[-64.09509,-22.30877],[-64.09066,-22.30979],[-64.08909,-22.30891],[-64.08685,-22.30438],[-64.08264,-22.30108],[-64.08492,-22.298],[-64.08048,-22.29469],[-64.08299,-22.29069],[-64.08214,-22.28421],[-64.07718,-22.27413],[-64.07464,-22.2726],[-64.06556,-22.27268]]]]}},{"type":"Feature","properties":{"nombre":"General Pizarro"},"geometry":{"type":"MultiPolygon","coordinates":[[[[-63.62254,-24.11263],[-63.427,-24.14493],[-63.43471,-24.18433],[-63.34479,-24.15675],[-63.36001,-24.23628],[-63.37358,-24.24505],[-63.40211,-24.25056],[-63.41911,-24.25561],[-63.42912,-24.25727],[-63.43296,-24.26166],[-63.43794,-24.26246],[-63.44408,-24.26139],[-63.44979,-24.26292],[-63.45776,-24.26956],[-63.4643,-24.27751],[-63.47861,-24.28097],[-63.48613,-24.28597],[-63.49471,-24.29021],[-63.50263,-24.29102],[-63.50529,-24.28997],[-63.5131,-24.28952],[-63.51749,-24.28975],[-63.52059,-24.29084],[-63.52556,-24.29297],[-63.53151,-24.29813],[-63.53558,-24.29911],[-63.54273,-24.30333],[-63.56483,-24.31074],[-63.56772,-24.31604],[-63.57569,-24.3203],[-63.5801,-24.3195],[-63.58166,-24.32672],[-63.59593,-24.33308],[-63.61095,-24.33047],[-63.61755,-24.33123],[-63.62368,-24.33468],[-63.62682,-24.3377],[-63.63027,-24.34744],[-63.63464,-24.35222],[-63.63676,-24.35942],[-63.6417,-24.36184],[-63.64581,-24.35988],[-63.68996,-24.37142],[-63.69726,-24.3722],[-63.69938,-24.37126],[-63.7278,-24.36995],[-63.73249,-24.36733],[-63.74521,-24.36787],[-63.74859,-24.36978],[-63.75471,-24.36859],[-63.75732,-24.36972],[-63.76025,-24.36838],[-63.76227,-24.36945],[-63.76769,-24.36899],[-63.76935,-24.37236],[-63.77596,-24.37595],[-63.78076,-24.37465],[-63.78353,-24.37671],[-63.78083,-24.38024],[-63.78363,-24.38175],[-63.79009,-24.38214],[-63.79262,-24.38778],[-63.7937,-24.38833],[-63.80246,-24.38694],[-63.80831,-24.38486],[-63.80964,-24.38172],[-63.81637,-24.38082],[-63.82259,-24.37858],[-63.82692,-24.3803],[-63.83118,-24.38619],[-63.83675,-24.38976],[-63.84543,-24.38618],[-63.86211,-24.3832],[-63.86792,-24.386],[-63.87382,-24.39266],[-63.88094,-24.39683],[-63.88467,-24.40225],[-63.89334,-24.40688],[-63.90802,-24.41151],[-63.92861,-24.40879],[-63.95677,-24.39998],[-63.95622,-24.39724],[-63.96015,-24.39625],[-63.9649,-24.39906],[-63.96967,-24.40668],[-63.97391,-24.40511],[-63.97631,-24.39858],[-63.97736,-24.39765],[-63.97801,-24.39814],[-63.9787,-24.40756],[-63.97476,-24.41259],[-63.97755,-24.41658],[-63.98311,-24.41809],[-63.99079,-24.41765],[-63.9987,-24.41605],[-64.00676,-24.41956],[-64.01079,-24.43544],[-64.01256,-24.43742],[-64.01791,-24.43959],[-64.01941,-24.44135],[-64.02377,-24.44041],[-64.02459,-24.44698],[-64.02779,-24.45],[-64.03501,-24.45283],[-64.04281,-24.45369],[-64.04889,-24.45405],[-64.05184,-24.45224],[-64.05318,-24.45291],[-64.05309,-24.45377],[-64.05165,-24.4539],[-64.05053,-24.45664],[-64.05143,-24.45695],[-64.05441,-24.45633],[-64.05482,-24.45317],[-64.05768,-24.45238],[-64.05441,-24.45084],[-64.05536,-24.44964],[-64.05781,-24.4497],[-64.06116,-24.45249],[-64.06895,-24.45306],[-64.06779,-24.45721],[-64.07146,-24.45741],[-64.07398,-24.45534],[-64.07552,-24.45274],[-64.07383,-24.45092],[-64.07574,-24.44803],[-64.07714,-24.4486],[-64.07765,-24.45031],[-64.07963,-24.44642],[-64.08179,-24.44656],[-64.0862,-24.45221],[-64.08776,-24.45109],[-64.08644,-24.44898],[-64.08754,-24.44627],[-64.08267,-24.44501],[-64.08208,-24.44356],[-64.08396,-24.44269],[-64.08779,-24.44406],[-64.08983,-24.44341],[-64.09158,-24.44059],[-64.09049,-24.43912],[-64.09249,-24.4377],[-64.09368,-24.44058],[-64.09379,-24.44334],[-64.09988,-24.44244],[-64.10128,-24.43932],[-64.10419,-24.44185],[-64.1066,-24.43722],[-64.10886,-24.43902],[-64.11158,-24.43689],[-64.11102,-24.43393],[-64.11334,-24.43213],[-64.11505,-24.43244],[-64.117,-24.43086],[-64.11863,-24.43134],[-64.11904,-24.43018],[-64.12024,-24.42978],[-64.12478,-24.43211],[-64.12973,-24.4282],[-64.13358,-24.42964],[-64.13404,-24.42777],[-64.1295,-24.42573],[-64.12891,-24.42408],[-64.13051,-24.4214],[-64.13164,-24.42314],[-64.13534,-24.42301],[-64.13483,-24.42449],[-64.13694,-24.4264],[-64.13843,-24.42513],[-64.14067,-24.42498],[-64.14139,-24.4225],[-64.14282,-24.42195],[-64.14363,-24.42399],[-64.14776,-24.42537],[-64.15001,-24.4219],[-64.15495,-24.42248],[-64.15458,-24.42036],[-64.15671,-24.41795],[-64.1582,-24.41972],[-64.15796,-24.42189],[-64.15963,-24.42224],[-64.16513,-24.41825],[-64.16769,-24.41742],[-64.16793,-24.42164],[-64.16734,-24.42283],[-64.1689,-24.42272],[-64.17078,-24.42458],[-64.17218,-24.42309],[-64.17319,-24.42443],[-64.17508,-24.42424],[-64.17585,-24.4214],[-64.18542,-24.41844],[-64.18781,-24.41871],[-64.1938,-24.42196],[-64.19491,-24.42084],[-64.1992,-24.42094],[-64.20678,-24.42639],[-64.21452,-24.42828],[-64.21686,-24.42751],[-64.21992,-24.42861],[-64.22176,-24.42822],[-64.22627,-24.42953],[-64.22725,-24.43052],[-64.2402,-24.43259],[-64.24352,-24.43018],[-64.24389,-24.42748],[-64.24765,-24.42605],[-64.24946,-24.42451],[-64.24914,-24.42367],[-64.25332,-24.419],[-64.26502,-24.41534],[-64.26715,-24.41289],[-64.27162,-24.41027],[-64.27428,-24.41045],[-64.2776,-24.40881],[-64.28315,-24.40968],[-64.28569,-24.40731],[-64.28878,-24.40712],[-64.27899,-24.39552],[-64.27377,-24.39333],[-64.27222,-24.3913],[-64.26953,-24.38422],[-64.25378,-24.36537],[-64.25198,-24.36417],[-64.25354,-24.3574],[-64.25299,-24.35341],[-64.25394,-24.35037],[-64.25281,-24.34847],[-64.25239,-24.34442],[-64.24853,-24.34258],[-64.24641,-24.33789],[-64.24165,-24.33432],[-64.22539,-24.32741],[-64.22313,-24.32937],[-64.21904,-24.31361],[-64.21666,-24.30862],[-64.20762,-24.30505],[-64.20548,-24.30291],[-64.20072,-24.29529],[-64.19168,-24.28435],[-64.18787,-24.27768],[-64.18549,-24.27031],[-64.18002,-24.26365],[-64.18002,-24.25936],[-64.17764,-24.25151],[-64.17502,-24.24651],[-64.17515,-24.24204],[-64.17218,-24.23682],[-64.17016,-24.23492],[-64.17185,-24.23127],[-64.1705,-24.23001],[-64.16838,-24.22552],[-64.16184,-24.22106],[-64.16733,-24.21627],[-64.17192,-24.21606],[-64.17504,-24.21493],[-64.17501,-24.21257],[-64.17302,-24.20743],[-64.16882,-24.18728],[-64.16434,-24.18313],[-64.16158,-24.17918],[-64.16388,-24.17418],[-64.16243,-24.16425],[-64.15797,-24.1548],[-64.00841,-24.16357],[-63.64441,-24.22347],[-63.62254,-24.11263]]]]}},{"type":"Feature","properties":{"nombre":"Guachipas"},"geometry":{"type":"MultiPolygon","coordinates":[[[[-65.34087,-25.39521],[-65.34435,-25.40441],[-65.34432,-25.40831],[-65.34674,-25.41542],[-65.34396,-25.41833],[-65.34395,-25.42056],[-65.33872,-25.42388],[-65.33564,-25.42693],[-65.33226,-25.42775],[-65.3108,-25.42695],[-65.30177,-25.42412],[-65.29918,-25.42244],[-65.28464,-25.41819],[-65.27789,-25.41886],[-65.27081,-25.42244],[-65.2659,-25.42311],[-65.2613,-25.42309],[-65.2483,-25.41801],[-65.24185,-25.42007],[-65.2365,-25.41837],[-65.21939,-25.40923],[-65.20314,-25.40914],[-65.20038,-25.40843],[-65.18657,-25.40955],[-65.18728,-25.4131],[-65.18356,-25.42127],[-65.18231,-25.42702],[-65.18252,-25.43079],[-65.17981,-25.43498],[-65.17589,-25.43762],[-65.17247,-25.43826],[-65.16366,-25.44331],[-65.16676,-25.45373],[-65.16694,-25.46193],[-65.16251,-25.46744],[-65.16274,-25.47054],[-65.16394,-25.47321],[-65.16368,-25.47542],[-65.16463,-25.47875],[-65.16632,-25.4812],[-65.16092,-25.48626],[-65.15891,-25.49378],[-65.15475,-25.49663],[-65.15375,-25.49884],[-65.15565,-25.50661],[-65.15881,-25.50884],[-65.1612,-25.5155],[-65.16339,-25.51773],[-65.15917,-25.527],[-65.14959,-25.53581],[-65.14933,-25.5378],[-65.15224,-25.54092],[-65.15367,-25.54513],[-65.15364,-25.54956],[-65.15459,-25.55333],[-65.16185,-25.56334],[-65.16329,-25.56667],[-65.16424,-25.57111],[-65.16348,-25.57398],[-65.16564,-25.58064],[-65.16412,-25.58772],[-65.15967,-25.595],[-65.15185,-25.59629],[-65.14815,-25.6018],[-65.14619,-25.60201],[-65.143,-25.60421],[-65.13682,-25.61414],[-65.13407,-25.62095],[-65.13883,-25.6219],[-65.14918,-25.61957],[-65.15051,-25.61857],[-65.15102,-25.61683],[-65.15478,-25.6163],[-65.15557,-25.61832],[-65.15739,-25.61907],[-65.15912,-25.61853],[-65.16398,-25.61948],[-65.16799,-25.62942],[-65.17056,-25.65212],[-65.1777,-25.66561],[-65.18525,-25.67189],[-65.19664,-25.69034],[-65.20311,-25.69811],[-65.21951,-25.70289],[-65.22648,-25.70239],[-65.2321,-25.70538],[-65.23948,-25.712],[-65.2418,-25.71968],[-65.24488,-25.72507],[-65.24529,-25.73085],[-65.25164,-25.76032],[-65.25896,-25.77609],[-65.29029,-25.77476],[-65.28656,-25.77824],[-65.28476,-25.78213],[-65.27916,-25.79944],[-65.27928,-25.80374],[-65.27837,-25.80764],[-65.28129,-25.81531],[-65.28143,-25.81679],[-65.27962,-25.82081],[-65.28123,-25.82459],[-65.28879,-25.82839],[-65.29439,-25.835],[-65.29556,-25.83837],[-65.29525,-25.84092],[-65.29045,-25.84789],[-65.29014,-25.84977],[-65.29132,-25.85192],[-65.29782,-25.8572],[-65.2984,-25.85985],[-65.30489,-25.86135],[-65.30868,-25.86104],[-65.31911,-25.86566],[-65.33389,-25.86899],[-65.33513,-25.87259],[-65.34035,-25.87441],[-65.34378,-25.87393],[-65.34612,-25.87525],[-65.34829,-25.87428],[-65.35099,-25.87576],[-65.3551,-25.88182],[-65.36032,-25.88445],[-65.36049,-25.88608],[-65.35757,-25.8926],[-65.35701,-25.89619],[-65.3588,-25.89913],[-65.35662,-25.90239],[-65.36037,-25.9086],[-65.36504,-25.91238],[-65.36628,-25.91679],[-65.37039,-25.92513],[-65.3738,-25.92955],[-65.38262,-25.93334],[-65.38405,-25.93547],[-65.38331,-25.93971],[-65.38437,-25.94429],[-65.38796,-25.94691],[-65.39266,-25.94693],[-65.40275,-25.95073],[-65.41123,-25.95142],[-65.41266,-25.95322],[-65.41806,-25.95634],[-65.42149,-25.95652],[-65.42259,-25.9544],[-65.42475,-25.95506],[-65.42711,-25.95278],[-65.43036,-25.95198],[-65.43288,-25.95264],[-65.43882,-25.95626],[-65.44296,-25.96052],[-65.44457,-25.9633],[-65.44474,-25.96624],[-65.44671,-25.96853],[-65.44814,-25.97261],[-65.44793,-25.97718],[-65.45061,-25.98388],[-65.45273,-25.9945],[-65.45578,-25.9981],[-65.45921,-25.99926],[-65.46027,-26.00318],[-65.46332,-26.00858],[-65.47033,-26.01497],[-65.48297,-26.01648],[-65.48677,-26.01617],[-65.48804,-26.01291],[-65.49292,-26.0126],[-65.49545,-26.01342],[-65.49778,-26.01751],[-65.4994,-26.01882],[-65.51728,-26.01954],[-65.52035,-26.01873],[-65.52784,-26.01943],[-65.52814,-26.02093],[-65.52674,-26.02235],[-65.52778,-26.02326],[-65.52927,-26.02267],[-65.52971,-26.02082],[-65.53102,-26.02102],[-65.53172,-26.02205],[-65.53058,-26.0237],[-65.53446,-26.02415],[-65.53516,-26.02486],[-65.53463,-26.02585],[-65.53205,-26.02659],[-65.53056,-26.02927],[-65.53046,-26.03018],[-65.53147,-26.03042],[-65.53401,-26.02786],[-65.5347,-26.0296],[-65.53089,-26.03408],[-65.53136,-26.03464],[-65.53364,-26.0339],[-65.53529,-26.03552],[-65.53139,-26.0391],[-65.53017,-26.03933],[-65.53029,-26.03996],[-65.53256,-26.04037],[-65.5326,-26.04116],[-65.52793,-26.04047],[-65.52732,-26.04122],[-65.53111,-26.04269],[-65.53054,-26.04525],[-65.53347,-26.0443],[-65.53534,-26.04437],[-65.53573,-26.04524],[-65.53808,-26.04309],[-65.5407,-26.04382],[-65.54131,-26.04038],[-65.54067,-26.03955],[-65.54434,-26.03605],[-65.54675,-26.03755],[-65.54922,-26.03715],[-65.55095,-26.03881],[-65.55177,-26.04121],[-65.55116,-26.05149],[-65.55409,-26.05849],[-65.55801,-26.06396],[-65.56122,-26.07032],[-65.56307,-26.07526],[-65.56256,-26.07701],[-65.56327,-26.07838],[-65.56211,-26.08032],[-65.5618,-26.08597],[-65.56331,-26.08766],[-65.56338,-26.0889],[-65.56057,-26.0898],[-65.55769,-26.08849],[-65.55467,-26.08894],[-65.55338,-26.08789],[-65.55159,-26.08779],[-65.55213,-26.08917],[-65.55828,-26.09384],[-65.56223,-26.09357],[-65.56406,-26.09591],[-65.56939,-26.09735],[-65.56994,-26.10037],[-65.57481,-26.10368],[-65.58196,-26.10699],[-65.58285,-26.10923],[-65.58526,-26.11032],[-65.5873,-26.11449],[-65.58934,-26.11491],[-65.59582,-26.11345],[-65.59717,-26.11475],[-65.59795,-26.1171],[-65.60171,-26.12068],[-65.60787,-26.12126],[-65.61295,-26.12331],[-65.61637,-26.12377],[-65.6238,-26.12235],[-65.62997,-26.12336],[-65.63228,-26.1211],[-65.6353,-26.11969],[-65.63677,-26.11629],[-65.63946,-26.11447],[-65.64006,-26.11104],[-65.64324,-26.11224],[-65.64357,-26.11332],[-65.64553,-26.11369],[-65.65022,-26.11314],[-65.65334,-26.1145],[-65.65521,-26.11307],[-65.65625,-26.11376],[-65.65649,-26.11533],[-65.66449,-26.11736],[-65.67274,-26.11668],[-65.67614,-26.11739],[-65.68852,-26.11726],[-65.6786,-26.09272],[-65.67145,-26.0799],[-65.66924,-26.07331],[-65.66419,-26.06634],[-65.66183,-26.05773],[-65.65709,-26.05163],[-65.65076,-26.04732],[-65.64512,-26.03953],[-65.63656,-26.03846],[-65.63335,-26.03402],[-65.63139,-26.02649],[-65.62548,-26.01466],[-65.62037,-26.00842],[-65.61733,-26.00211],[-65.6166,-25.998],[-65.61777,-25.99475],[-65.62441,-25.98614],[-65.62442,-25.9821],[-65.62201,-25.98069],[-65.62203,-25.97618],[-65.61981,-25.97105],[-65.62928,-25.96718],[-65.63651,-25.9658],[-65.6415,-25.96706],[-65.74806,-25.95691],[-65.75486,-25.95561],[-65.75387,-25.95222],[-65.74611,-25.94734],[-65.74009,-25.94733],[-65.73733,-25.9463],[-65.73646,-25.94471],[-65.72557,-25.938],[-65.72307,-25.93505],[-65.72659,-25.92837],[-65.7261,-25.9261],[-65.72347,-25.92338],[-65.72311,-25.91714],[-65.71998,-25.91396],[-65.71961,-25.91147],[-65.71574,-25.90829],[-65.71512,-25.90522],[-65.71588,-25.90081],[-65.72203,-25.8973],[-65.72341,-25.89538],[-65.72406,-25.88779],[-65.72294,-25.8811],[-65.72395,-25.87758],[-65.72609,-25.87521],[-65.72622,-25.87283],[-65.72476,-25.87428],[-65.71498,-25.87749],[-65.71098,-25.87488],[-65.71132,-25.87046],[-65.71046,-25.86856],[-65.70751,-25.86994],[-65.70303,-25.87026],[-65.70046,-25.86902],[-65.70271,-25.86473],[-65.70322,-25.86116],[-65.70426,-25.85947],[-65.70343,-25.85696],[-65.70658,-25.85321],[-65.70298,-25.85058],[-65.70328,-25.84958],[-65.70613,-25.8481],[-65.70426,-25.84577],[-65.70587,-25.8445],[-65.70628,-25.84272],[-65.70387,-25.84066],[-65.70518,-25.83857],[-65.70303,-25.83146],[-65.70427,-25.82747],[-65.70044,-25.82314],[-65.69667,-25.82229],[-65.69591,-25.81923],[-65.69407,-25.81874],[-65.69227,-25.81671],[-65.69226,-25.80945],[-65.68946,-25.80579],[-65.69067,-25.79972],[-65.68814,-25.79561],[-65.68699,-25.79186],[-65.68703,-25.78951],[-65.68845,-25.78679],[-65.68792,-25.78432],[-65.68922,-25.77735],[-65.68672,-25.77533],[-65.68541,-25.77266],[-65.68639,-25.77096],[-65.69,-25.76848],[-65.69019,-25.76726],[-65.6891,-25.76598],[-65.68537,-25.76682],[-65.68328,-25.76427],[-65.68391,-25.76293],[-65.68638,-25.76181],[-65.68814,-25.75951],[-65.68741,-25.7512],[-65.68639,-25.74859],[-65.68727,-25.74505],[-65.69348,-25.74152],[-65.69396,-25.73857],[-65.69312,-25.735],[-65.69391,-25.73302],[-65.69648,-25.73075],[-65.69493,-25.72706],[-65.69675,-25.72242],[-65.69536,-25.71821],[-65.69964,-25.71283],[-65.70022,-25.71038],[-65.69967,-25.70597],[-65.69135,-25.69999],[-65.6882,-25.69533],[-65.68648,-25.69502],[-65.68528,-25.69362],[-65.68591,-25.68998],[-65.68542,-25.68878],[-65.68128,-25.6866],[-65.68013,-25.68518],[-65.6791,-25.67038],[-65.67508,-25.66895],[-65.67394,-25.66601],[-65.67223,-25.66429],[-65.66847,-25.66354],[-65.66762,-25.66253],[-65.6663,-25.65642],[-65.6614,-25.6528],[-65.66148,-25.64974],[-65.66049,-25.64694],[-65.65793,-25.64376],[-65.65612,-25.63947],[-65.64992,-25.63616],[-65.64985,-25.63444],[-65.64821,-25.63342],[-65.64907,-25.63157],[-65.64135,-25.62889],[-65.63647,-25.62985],[-65.63271,-25.62839],[-65.62939,-25.63249],[-65.62663,-25.63305],[-65.62464,-25.63251],[-65.62297,-25.63099],[-65.61914,-25.63006],[-65.61383,-25.62309],[-65.61265,-25.62259],[-65.60996,-25.62321],[-65.60815,-25.62156],[-65.60841,-25.61875],[-65.60639,-25.61678],[-65.60467,-25.6104],[-65.602,-25.60451],[-65.59852,-25.6027],[-65.59367,-25.60227],[-65.58879,-25.59754],[-65.58278,-25.59716],[-65.58116,-25.59552],[-65.57777,-25.5943],[-65.57561,-25.59136],[-65.576,-25.58693],[-65.57468,-25.58317],[-65.57045,-25.57923],[-65.56894,-25.57588],[-65.56287,-25.57348],[-65.56188,-25.56528],[-65.55423,-25.55577],[-65.55115,-25.55326],[-65.55079,-25.55087],[-65.54801,-25.54846],[-65.54794,-25.54661],[-65.54481,-25.54466],[-65.54488,-25.5424],[-65.54268,-25.54083],[-65.54282,-25.53901],[-65.54145,-25.537],[-65.53807,-25.53548],[-65.5349,-25.53243],[-65.53426,-25.53008],[-65.53181,-25.52804],[-65.53134,-25.52387],[-65.52973,-25.52145],[-65.5258,-25.5188],[-65.52513,-25.51369],[-65.52638,-25.51156],[-65.52326,-25.5066],[-65.51865,-25.5027],[-65.51732,-25.49702],[-65.5142,-25.49115],[-65.51069,-25.48867],[-65.50772,-25.48424],[-65.50409,-25.48322],[-65.49828,-25.47794],[-65.49174,-25.47556],[-65.49127,-25.47368],[-65.49268,-25.47053],[-65.49218,-25.46777],[-65.49303,-25.46285],[-65.49248,-25.46085],[-65.49034,-25.45864],[-65.49037,-25.45215],[-65.48532,-25.44637],[-65.48215,-25.44078],[-65.48225,-25.43541],[-65.48043,-25.43309],[-65.48008,-25.43138],[-65.48161,-25.42751],[-65.48369,-25.42516],[-65.48144,-25.42128],[-65.47869,-25.41866],[-65.4789,-25.41739],[-65.47592,-25.41452],[-65.47553,-25.41307],[-65.4763,-25.41032],[-65.47528,-25.40553],[-65.47629,-25.40173],[-65.47503,-25.3981],[-65.47077,-25.39657],[-65.46818,-25.39648],[-65.45821,-25.38763],[-65.45222,-25.37798],[-65.44771,-25.36773],[-65.4313,-25.32458],[-65.42626,-25.31482],[-65.4132,-25.29992],[-65.3988,-25.2889],[-65.39507,-25.28475],[-65.34012,-25.29746],[-65.34112,-25.30281],[-65.34042,-25.30847],[-65.3433,-25.31391],[-65.34342,-25.32045],[-65.34539,-25.3245],[-65.34582,-25.33035],[-65.34822,-25.33871],[-65.34803,-25.34609],[-65.34725,-25.34845],[-65.34785,-25.35138],[-65.34583,-25.35666],[-65.34566,-25.35959],[-65.34791,-25.36851],[-65.34449,-25.37726],[-65.34428,-25.38756],[-65.34074,-25.39186],[-65.34087,-25.39521]]]]}},{"type":"Feature","properties":{"nombre":"Hipólito Yrigoyen"},"geometry":{"type":"MultiPolygon","coordinates":[[[[-64.19896,-23.27526],[-64.20811,-23.27734],[-64.21167,-23.28251],[-64.21771,-23.29461],[-64.22044,-23.298],[-64.23067,-23.2995],[-64.25981,-23.3091],[-64.27341,-23.31536],[-64.28674,-23.32518],[-64.29382,-23.32289],[-64.29841,-23.33142],[-64.30522,-23.33367],[-64.31079,-23.33254],[-64.31602,-23.3249],[-64.32048,-23.32693],[-64.32294,-23.33504],[-64.3268,-23.33634],[-64.32843,-23.33389],[-64.32824,-23.32797],[-64.33281,-23.3258],[-64.34106,-23.32811],[-64.34526,-23.33382],[-64.3511,-23.33685],[-64.35783,-23.33272],[-64.36298,-23.32686],[-64.36645,-23.32689],[-64.36882,-23.32988],[-64.36978,-23.33877],[-64.37646,-23.3433],[-64.37183,-23.30711],[-64.36645,-23.30748],[-64.3624,-23.27541],[-64.36725,-23.27602],[-64.37106,-23.27805],[-64.37519,-23.27908],[-64.38025,-23.27913],[-64.38075,-23.2756],[-64.38261,-23.27406],[-64.38294,-23.2715],[-64.37954,-23.24176],[-64.37552,-23.23671],[-64.17763,-23.23454],[-64.17756,-23.23933],[-64.179,-23.24341],[-64.18542,-23.25111],[-64.18994,-23.2593],[-64.19002,-23.26441],[-64.18843,-23.26768],[-64.19896,-23.27526]]]]}},{"type":"Feature","properties":{"nombre":"Iruya"},"geometry":{"type":"MultiPolygon","coordinates":[[[[-65.34533,-22.52836],[-65.34233,-22.52966],[-65.32208,-22.53433],[-65.31879,-22.53678],[-65.31418,-22.53592],[-65.31137,-22.53809],[-65.31111,-22.5435],[-65.31043,-22.54406],[-65.30861,-22.54384],[-65.30657,-22.54243],[-65.30437,-22.5439],[-65.3024,-22.54417],[-65.29454,-22.54104],[-65.2915,-22.54356],[-65.28878,-22.54214],[-65.28469,-22.54144],[-65.27695,-22.5468],[-65.26873,-22.55473],[-65.26571,-22.55606],[-65.26178,-22.56504],[-65.25892,-22.56778],[-65.25149,-22.56941],[-65.24457,-22.57299],[-65.23289,-22.57509],[-65.22738,-22.5749],[-65.22326,-22.57628],[-65.21726,-22.57992],[-65.21357,-22.58625],[-65.21136,-22.58716],[-65.20829,-22.58644],[-65.20316,-22.59051],[-65.20199,-22.59358],[-65.19983,-22.59464],[-65.19751,-22.59479],[-65.19555,-22.59338],[-65.19207,-22.59299],[-65.18857,-22.59593],[-65.18602,-22.59624],[-65.18299,-22.59849],[-65.17957,-22.59831],[-65.17643,-22.59916],[-65.17243,-22.59838],[-65.16657,-22.59862],[-65.15069,-22.60436],[-65.11939,-22.59973],[-65.11606,-22.59971],[-65.111,-22.6016],[-65.10496,-22.60232],[-65.10189,-22.60448],[-65.09028,-22.60283],[-65.07897,-22.58336],[-65.07754,-22.58285],[-65.07594,-22.57833],[-65.07642,-22.57473],[-65.07413,-22.5672],[-65.0694,-22.56056],[-65.06897,-22.55797],[-65.06153,-22.55224],[-65.06038,-22.55064],[-65.05978,-22.54579],[-65.05763,-22.54436],[-65.05292,-22.54751],[-65.04915,-22.54681],[-65.04159,-22.5471],[-65.03777,-22.5521],[-65.03764,-22.55745],[-65.0322,-22.56294],[-65.02784,-22.56901],[-65.02025,-22.57298],[-65.0169,-22.57589],[-65.01184,-22.57795],[-65.01048,-22.57953],[-65.00306,-22.58383],[-65.00054,-22.58465],[-64.98883,-22.58483],[-64.98532,-22.5838],[-64.9707,-22.58847],[-64.96133,-22.59017],[-64.95511,-22.5903],[-64.95323,-22.58945],[-64.93145,-22.58797],[-64.92661,-22.58442],[-64.91952,-22.58228],[-64.90997,-22.58289],[-64.90555,-22.58395],[-64.90106,-22.58258],[-64.89403,-22.58286],[-64.89099,-22.582],[-64.88435,-22.58573],[-64.88298,-22.58781],[-64.88296,-22.59032],[-64.88051,-22.59589],[-64.87808,-22.59811],[-64.87522,-22.59934],[-64.86453,-22.60066],[-64.85494,-22.59738],[-64.84379,-22.5994],[-64.8402,-22.59826],[-64.82807,-22.59161],[-64.81201,-22.58898],[-64.80874,-22.58449],[-64.80641,-22.57581],[-64.81127,-22.57027],[-64.81663,-22.55816],[-64.82134,-22.55233],[-64.82196,-22.54996],[-64.8256,-22.54594],[-64.83135,-22.54207],[-64.83668,-22.53318],[-64.84168,-22.52847],[-64.84855,-22.51568],[-64.84964,-22.5108],[-64.84788,-22.50548],[-64.84842,-22.4946],[-64.8467,-22.48537],[-64.84661,-22.47713],[-64.84964,-22.47464],[-64.85178,-22.47033],[-64.85074,-22.46823],[-64.84564,-22.46735],[-64.84218,-22.46803],[-64.83509,-22.47258],[-64.82946,-22.48078],[-64.82492,-22.48424],[-64.824,-22.48702],[-64.81915,-22.49229],[-64.81054,-22.49809],[-64.80839,-22.50324],[-64.8004,-22.50667],[-64.79918,-22.50861],[-64.79616,-22.51041],[-64.79464,-22.51235],[-64.79414,-22.51723],[-64.79247,-22.51917],[-64.79093,-22.52405],[-64.78789,-22.52751],[-64.78381,-22.53056],[-64.78106,-22.5357],[-64.7807,-22.5424],[-64.77713,-22.55591],[-64.7798,-22.55956],[-64.78005,-22.56542],[-64.77913,-22.56765],[-64.77337,-22.57277],[-64.77122,-22.57778],[-64.76562,-22.58207],[-64.75331,-22.73322],[-64.75779,-22.73825],[-64.76056,-22.74018],[-64.76688,-22.75181],[-64.77179,-22.75747],[-64.77539,-22.75764],[-64.77849,-22.7588],[-64.78093,-22.76138],[-64.7855,-22.77186],[-64.7909,-22.77752],[-64.79385,-22.78711],[-64.79489,-22.79285],[-64.7944,-22.79408],[-64.80508,-22.78814],[-64.8063,-22.77193],[-64.87109,-22.75834],[-64.86762,-22.71802],[-64.85196,-22.71216],[-64.86482,-22.70893],[-64.8753,-22.70437],[-64.88156,-22.69686],[-64.88427,-22.74136],[-64.86844,-22.93874],[-64.68719,-23.03842],[-64.69564,-23.04727],[-64.70329,-23.04754],[-64.70818,-23.04628],[-64.71421,-23.05048],[-64.72025,-23.05725],[-64.73423,-23.06383],[-64.74159,-23.05921],[-64.74584,-23.05907],[-64.75263,-23.05662],[-64.76366,-23.05679],[-64.76864,-23.05532],[-64.77081,-23.05542],[-64.77197,-23.05643],[-64.77839,-23.05632],[-64.78274,-23.05451],[-64.78888,-23.05481],[-64.79616,-23.05938],[-64.80165,-23.06168],[-64.81161,-23.05958],[-64.81705,-23.05753],[-64.82359,-23.05348],[-64.82524,-23.05023],[-64.8266,-23.04941],[-64.83139,-23.04953],[-64.83276,-23.04803],[-64.84199,-23.04601],[-64.84432,-23.04862],[-64.84848,-23.04832],[-64.85082,-23.04934],[-64.85235,-23.04901],[-64.85527,-23.04661],[-64.85952,-23.04564],[-64.86097,-23.04565],[-64.86573,-23.04819],[-64.86881,-23.04771],[-64.87251,-23.04832],[-64.87434,-23.04566],[-64.87842,-23.0436],[-64.89462,-23.05157],[-64.89868,-23.05168],[-64.90242,-23.04795],[-64.90604,-23.04663],[-64.91202,-23.04492],[-64.91713,-23.04582],[-64.91849,-23.0452],[-64.92098,-23.03968],[-64.92793,-23.03784],[-64.9368,-23.03275],[-64.94048,-23.03176],[-64.9417,-23.0319],[-64.94345,-23.03455],[-64.94955,-23.0356],[-64.95718,-23.03326],[-64.96019,-23.03101],[-64.96263,-23.03141],[-64.96777,-23.03396],[-64.97085,-23.04001],[-64.97342,-23.04166],[-64.97926,-23.04221],[-64.9909,-23.04832],[-64.99389,-23.04796],[-65.00113,-23.04385],[-65.01162,-23.03927],[-65.01603,-23.0315],[-65.01907,-23.02422],[-65.01909,-23.02171],[-65.02087,-23.01958],[-65.02291,-23.01871],[-65.02509,-23.01898],[-65.02833,-23.02176],[-65.0336,-23.02469],[-65.04183,-23.03304],[-65.04819,-23.03698],[-65.05213,-23.03788],[-65.057,-23.04068],[-65.05917,-23.04081],[-65.06797,-23.04495],[-65.07059,-23.04355],[-65.07131,-23.04123],[-65.07553,-23.04099],[-65.08005,-23.03725],[-65.08087,-23.03349],[-65.08441,-23.03111],[-65.08715,-23.02748],[-65.08961,-23.02615],[-65.095,-23.02506],[-65.10362,-23.02532],[-65.10821,-23.02415],[-65.11731,-23.02022],[-65.12924,-23.00967],[-65.13162,-23.00395],[-65.13376,-23.00188],[-65.13795,-23.00095],[-65.14329,-23.00202],[-65.1537,-22.99779],[-65.16984,-22.99988],[-65.18035,-22.99756],[-65.18891,-22.99815],[-65.19046,-22.99428],[-65.18959,-22.99018],[-65.18939,-22.98072],[-65.18748,-22.9718],[-65.19242,-22.9668],[-65.19409,-22.96644],[-65.19641,-22.96692],[-65.20063,-22.9699],[-65.2017,-22.96924],[-65.19902,-22.95806],[-65.20051,-22.95752],[-65.2061,-22.95794],[-65.21433,-22.96002],[-65.21604,-22.96008],[-65.21824,-22.95895],[-65.22062,-22.95711],[-65.22318,-22.9505],[-65.23246,-22.94104],[-65.23317,-22.93861],[-65.23842,-22.93539],[-65.2461,-22.93272],[-65.25169,-22.92796],[-65.25334,-22.92474],[-65.25381,-22.91873],[-65.24959,-22.90958],[-65.25006,-22.90726],[-65.25238,-22.90494],[-65.25298,-22.90125],[-65.25179,-22.89655],[-65.25036,-22.89512],[-65.24911,-22.89125],[-65.25215,-22.88197],[-65.25173,-22.87698],[-65.25256,-22.87495],[-65.25681,-22.87365],[-65.2622,-22.87495],[-65.26279,-22.874],[-65.26214,-22.87156],[-65.26107,-22.87055],[-65.26031,-22.86431],[-65.2624,-22.86181],[-65.25954,-22.85812],[-65.2646,-22.84575],[-65.26842,-22.84147],[-65.26702,-22.8318],[-65.27608,-22.8169],[-65.27423,-22.79011],[-65.28497,-22.77674],[-65.29215,-22.77246],[-65.30199,-22.76502],[-65.3021,-22.75924],[-65.30101,-22.75119],[-65.29821,-22.74507],[-65.29741,-22.74036],[-65.29986,-22.73416],[-65.30141,-22.73319],[-65.30556,-22.73258],[-65.30606,-22.7304],[-65.30546,-22.72678],[-65.30593,-22.7207],[-65.30414,-22.71553],[-65.30013,-22.70881],[-65.2978,-22.69858],[-65.29553,-22.69407],[-65.29211,-22.6916],[-65.28205,-22.67157],[-65.27759,-22.6702],[-65.27631,-22.66871],[-65.27498,-22.66475],[-65.27296,-22.6632],[-65.27294,-22.65933],[-65.27134,-22.65605],[-65.27166,-22.64823],[-65.27257,-22.64722],[-65.27541,-22.64762],[-65.28001,-22.64463],[-65.28698,-22.64155],[-65.29334,-22.63273],[-65.29787,-22.63049],[-65.30488,-22.62913],[-65.31861,-22.61815],[-65.32646,-22.6129],[-65.34919,-22.60475],[-65.35069,-22.60226],[-65.35112,-22.59652],[-65.34554,-22.58886],[-65.34447,-22.58398],[-65.34542,-22.58077],[-65.34954,-22.57456],[-65.34722,-22.56729],[-65.34796,-22.56173],[-65.34546,-22.55747],[-65.34609,-22.55383],[-65.34929,-22.5501],[-65.34779,-22.54417],[-65.3503,-22.54055],[-65.34533,-22.52836]]]]}},{"type":"Feature","properties":{"nombre":"Isla de Cañas"},"geometry":{"type":"MultiPolygon","coordinates":[[[[-64.59835,-22.66809],[-64.59678,-22.67228],[-64.59446,-22.67509],[-64.58678,-22.67421],[-64.58501,-22.67512],[-64.58469,-22.67683],[-64.58578,-22.67984],[-64.58498,-22.68283],[-64.58209,-22.68389],[-64.57941,-22.68218],[-64.57781,-22.68276],[-64.57455,-22.68617],[-64.57113,-22.68734],[-64.56859,-22.69462],[-64.56432,-22.69813],[-64.55323,-22.70466],[-64.5516,-22.70704],[-64.55076,-22.71079],[-64.54831,-22.71096],[-64.54247,-22.70746],[-64.53993,-22.70877],[-64.53762,-22.7113],[-64.53714,-22.71266],[-64.53809,-22.71609],[-64.54096,-22.71938],[-64.53887,-22.72962],[-64.53105,-22.73924],[-64.52903,-22.74329],[-64.5276,-22.74391],[-64.52673,-22.74591],[-64.52,-22.75271],[-64.51565,-22.76318],[-64.51691,-22.76651],[-64.51536,-22.77235],[-64.51736,-22.77655],[-64.51609,-22.77963],[-64.51688,-22.79179],[-64.51581,-22.79327],[-64.51707,-22.79736],[-64.51673,-22.80005],[-64.5188,-22.80288],[-64.51852,-22.80591],[-64.52176,-22.80967],[-64.52153,-22.81402],[-64.51563,-22.82176],[-64.51196,-22.82362],[-64.51139,-22.82499],[-64.51341,-22.82713],[-64.51994,-22.82903],[-64.5198,-22.83115],[-64.51816,-22.83383],[-64.51306,-22.83584],[-64.51144,-22.83761],[-64.51022,-22.84172],[-64.5113,-22.84454],[-64.51016,-22.84671],[-64.51076,-22.84878],[-64.51241,-22.85022],[-64.51216,-22.85097],[-64.50997,-22.85273],[-64.50651,-22.85287],[-64.50494,-22.85446],[-64.50361,-22.85765],[-64.50046,-22.85745],[-64.4994,-22.8583],[-64.49949,-22.86123],[-64.50391,-22.86419],[-64.50346,-22.86585],[-64.49689,-22.86648],[-64.49199,-22.86265],[-64.49014,-22.8624],[-64.48745,-22.86432],[-64.48629,-22.86901],[-64.49063,-22.87358],[-64.5,-22.87705],[-64.50103,-22.87867],[-64.50045,-22.8809],[-64.49484,-22.88417],[-64.49222,-22.88678],[-64.49249,-22.88994],[-64.49462,-22.89288],[-64.5001,-22.89614],[-64.49971,-22.89717],[-64.49524,-22.89856],[-64.49589,-22.90149],[-64.49722,-22.90327],[-64.49785,-22.90798],[-64.50046,-22.90732],[-64.50911,-22.90818],[-64.51297,-22.91093],[-64.51933,-22.91381],[-64.5262,-22.91404],[-64.52861,-22.91179],[-64.52969,-22.9061],[-64.53078,-22.90478],[-64.53368,-22.90323],[-64.53921,-22.90227],[-64.54011,-22.89994],[-64.5423,-22.90001],[-64.54539,-22.89843],[-64.54845,-22.90038],[-64.55149,-22.89905],[-64.5535,-22.90019],[-64.55834,-22.89954],[-64.55955,-22.90056],[-64.5653,-22.90139],[-64.5671,-22.90211],[-64.56979,-22.90525],[-64.57352,-22.90688],[-64.55033,-22.92097],[-64.54518,-22.92467],[-64.53734,-22.93277],[-64.52686,-22.93953],[-64.5282,-22.94575],[-64.54024,-22.95762],[-64.5483,-22.96292],[-64.55003,-22.96554],[-64.55161,-22.98369],[-64.55729,-22.99698],[-64.56236,-23.00555],[-64.56081,-23.00831],[-64.56122,-23.00946],[-64.56236,-23.00986],[-64.56111,-23.01544],[-64.5612,-23.02853],[-64.56296,-23.03144],[-64.5629,-23.03349],[-64.56491,-23.03444],[-64.56411,-23.03679],[-64.56557,-23.038],[-64.56664,-23.04103],[-64.56645,-23.0421],[-64.56501,-23.04264],[-64.56429,-23.04532],[-64.56423,-23.04647],[-64.56582,-23.04862],[-64.56105,-23.05544],[-64.56428,-23.05914],[-64.56343,-23.06135],[-64.56376,-23.06892],[-64.5632,-23.06983],[-64.56639,-23.07001],[-64.57079,-23.07313],[-64.57309,-23.07359],[-64.57897,-23.07784],[-64.58348,-23.07729],[-64.59325,-23.08108],[-64.5963,-23.08103],[-64.5995,-23.08342],[-64.60459,-23.08339],[-64.61155,-23.08555],[-64.61649,-23.08568],[-64.61998,-23.08675],[-64.63152,-23.08663],[-64.63836,-23.08159],[-64.64092,-23.07877],[-64.64637,-23.07639],[-64.65419,-23.07094],[-64.65578,-23.06619],[-64.66285,-23.05488],[-64.66821,-23.0423],[-64.67315,-23.03624],[-64.67642,-23.0346],[-64.6794,-23.03412],[-64.68119,-23.03564],[-64.6818,-23.03773],[-64.68342,-23.03858],[-64.68719,-23.03842],[-64.86844,-22.93874],[-64.88427,-22.74136],[-64.88156,-22.69686],[-64.8753,-22.70437],[-64.86482,-22.70893],[-64.85196,-22.71216],[-64.86762,-22.71802],[-64.87109,-22.75834],[-64.8063,-22.77193],[-64.80508,-22.78814],[-64.7944,-22.79408],[-64.79402,-22.79619],[-64.79555,-22.80126],[-64.77803,-22.80799],[-64.75907,-22.80308],[-64.74316,-22.79763],[-64.73334,-22.78986],[-64.71153,-22.76839],[-64.69903,-22.76019],[-64.69291,-22.75888],[-64.68784,-22.76085],[-64.6822,-22.75721],[-64.67994,-22.75819],[-64.67562,-22.75699],[-64.66901,-22.75083],[-64.6634,-22.74392],[-64.65705,-22.73885],[-64.65325,-22.7308],[-64.65274,-22.72778],[-64.65341,-22.72386],[-64.6519,-22.72184],[-64.64606,-22.72003],[-64.63801,-22.71395],[-64.62891,-22.68912],[-64.62188,-22.67947],[-64.61304,-22.67228],[-64.60992,-22.66852],[-64.60049,-22.66604],[-64.59896,-22.66641],[-64.59835,-22.66809]]]]}},{"type":"Feature","properties":{"nombre":"Joaquín V. González"},"geometry":{"type":"MultiPolygon","coordinates":[[[[-63.16369,-24.2949],[-63.03643,-24.37511],[-63.00965,-24.21934],[-62.93682,-24.258],[-62.93904,-24.5953],[-62.93694,-24.716],[-63.23412,-24.71877],[-63.23352,-24.85657],[-63.07462,-24.8556],[-63.07429,-25.09488],[-63.33366,-25.09575],[-63.44595,-25.09702],[-63.51985,-25.09874],[-63.51977,-25.22721],[-63.59988,-25.22801],[-63.59986,-25.19952],[-63.6376,-25.19961],[-63.63843,-25.242],[-63.67912,-25.24156],[-63.68502,-25.26437],[-63.73153,-25.26348],[-63.88328,-25.24132],[-63.88424,-25.24542],[-63.97236,-25.24094],[-64.07635,-25.22397],[-64.07668,-25.21998],[-64.07902,-25.21623],[-64.07905,-25.21431],[-64.08266,-25.21354],[-64.08334,-25.21265],[-64.08131,-25.20767],[-64.08712,-25.20664],[-64.08988,-25.20329],[-64.09026,-25.20126],[-64.08961,-25.19994],[-64.08549,-25.19821],[-64.08535,-25.19482],[-64.08708,-25.19406],[-64.08984,-25.19527],[-64.08933,-25.19295],[-64.09126,-25.19212],[-64.09286,-25.19249],[-64.09448,-25.19448],[-64.09665,-25.19347],[-64.09617,-25.19172],[-64.09188,-25.19041],[-64.09101,-25.18809],[-64.09421,-25.18403],[-64.09538,-25.17923],[-64.09654,-25.17761],[-64.09627,-25.17226],[-64.09867,-25.1711],[-64.10064,-25.16795],[-64.10483,-25.16614],[-64.10693,-25.1603],[-64.10929,-25.15993],[-64.11159,-25.16193],[-64.11315,-25.16195],[-64.11546,-25.15997],[-64.11834,-25.15505],[-64.12069,-25.1537],[-64.12444,-25.15453],[-64.12446,-25.15579],[-64.12278,-25.15803],[-64.12286,-25.1598],[-64.12743,-25.16027],[-64.12978,-25.15678],[-64.13308,-25.15699],[-64.13404,-25.1553],[-64.13585,-25.15488],[-64.13673,-25.15345],[-64.13903,-25.153],[-64.14025,-25.15126],[-64.15085,-25.1472],[-64.15326,-25.14373],[-64.15416,-25.13866],[-64.15529,-25.13688],[-64.15553,-25.1329],[-64.15415,-25.13066],[-64.1545,-25.1295],[-64.15652,-25.12797],[-64.15504,-25.12611],[-64.1559,-25.1239],[-64.15473,-25.12013],[-64.15592,-25.11852],[-64.15907,-25.11884],[-64.15988,-25.11751],[-64.15865,-25.11252],[-64.1591,-25.10922],[-64.16067,-25.10877],[-64.16593,-25.11011],[-64.16826,-25.11207],[-64.17344,-25.11185],[-64.17631,-25.11386],[-64.17847,-25.11373],[-64.17963,-25.11547],[-64.18127,-25.11619],[-64.18566,-25.11563],[-64.18678,-25.11463],[-64.1882,-25.11069],[-64.19188,-25.10954],[-64.19289,-25.11051],[-64.19368,-25.11479],[-64.19486,-25.11607],[-64.19678,-25.11628],[-64.19962,-25.11494],[-64.20089,-25.11545],[-64.20235,-25.1186],[-64.2024,-25.121],[-64.20349,-25.12203],[-64.20579,-25.12198],[-64.2102,-25.12024],[-64.21084,-25.11896],[-64.21046,-25.11608],[-64.21427,-25.11592],[-64.215,-25.11645],[-64.21459,-25.11895],[-64.21872,-25.11864],[-64.22155,-25.12095],[-64.22412,-25.12005],[-64.22549,-25.12356],[-64.23062,-25.1267],[-64.23191,-25.12586],[-64.23267,-25.12274],[-64.23679,-25.12077],[-64.23674,-25.11583],[-64.23762,-25.11429],[-64.23907,-25.11433],[-64.23911,-25.11687],[-64.24138,-25.11772],[-64.24084,-25.11973],[-64.24202,-25.12032],[-64.2438,-25.11897],[-64.24405,-25.11584],[-64.24676,-25.11494],[-64.24833,-25.11641],[-64.2502,-25.11674],[-64.24958,-25.11844],[-64.25005,-25.11927],[-64.25339,-25.11833],[-64.25592,-25.1204],[-64.25846,-25.11932],[-64.25988,-25.12159],[-64.26274,-25.12096],[-64.26342,-25.12509],[-64.26134,-25.12647],[-64.26152,-25.12823],[-64.26518,-25.12983],[-64.26583,-25.12914],[-64.26569,-25.12699],[-64.26671,-25.12654],[-64.26784,-25.12766],[-64.26837,-25.13055],[-64.26604,-25.13077],[-64.26535,-25.13211],[-64.26711,-25.13551],[-64.26847,-25.13602],[-64.26967,-25.13352],[-64.27139,-25.13326],[-64.27304,-25.13459],[-64.27123,-25.13648],[-64.27252,-25.1383],[-64.27658,-25.13803],[-64.27754,-25.13868],[-64.27792,-25.14244],[-64.27555,-25.1449],[-64.27704,-25.14665],[-64.27865,-25.14603],[-64.2791,-25.14398],[-64.28064,-25.14542],[-64.27953,-25.14657],[-64.28022,-25.14729],[-64.28513,-25.14462],[-64.29028,-25.14368],[-64.29358,-25.14425],[-64.29513,-25.14544],[-64.30184,-25.14438],[-64.3026,-25.1456],[-64.3045,-25.14608],[-64.30323,-25.15096],[-64.30582,-25.15237],[-64.30629,-25.15464],[-64.30956,-25.15475],[-64.30967,-25.1555],[-64.30821,-25.15637],[-64.31015,-25.16015],[-64.30956,-25.16294],[-64.31125,-25.1648],[-64.31312,-25.16525],[-64.31099,-25.16717],[-64.30928,-25.16676],[-64.30759,-25.16759],[-64.30672,-25.16872],[-64.30701,-25.17049],[-64.31549,-25.17382],[-64.31819,-25.1787],[-64.32136,-25.18016],[-64.32149,-25.18197],[-64.3308,-25.18796],[-64.33066,-25.18976],[-64.33187,-25.19233],[-64.33579,-25.19333],[-64.33623,-25.19525],[-64.33517,-25.19874],[-64.3359,-25.20251],[-64.33941,-25.20188],[-64.34061,-25.20249],[-64.34108,-25.20547],[-64.34219,-25.20694],[-64.34141,-25.21285],[-64.3436,-25.21504],[-64.34481,-25.21767],[-64.34637,-25.21776],[-64.3474,-25.21916],[-64.34568,-25.228],[-64.352,-25.2336],[-64.35638,-25.23528],[-64.35923,-25.2408],[-64.36221,-25.24236],[-64.36451,-25.24196],[-64.36871,-25.24318],[-64.37425,-25.24217],[-64.37767,-25.24629],[-64.37964,-25.24744],[-64.38431,-25.24796],[-64.38775,-25.24732],[-64.39164,-25.25038],[-64.39505,-25.25183],[-64.39743,-25.25186],[-64.40023,-25.24923],[-64.40439,-25.25005],[-64.40808,-25.24789],[-64.40857,-25.24666],[-64.40763,-25.24378],[-64.41172,-25.24084],[-64.41353,-25.23658],[-64.4168,-25.23665],[-64.42031,-25.23388],[-64.42417,-25.23382],[-64.42753,-25.2296],[-64.43119,-25.22691],[-64.44101,-25.2268],[-64.44416,-25.22786],[-64.44815,-25.22638],[-64.45318,-25.22587],[-64.45605,-25.22427],[-64.45967,-25.22427],[-64.46464,-25.22265],[-64.46556,-25.22408],[-64.46877,-25.22613],[-64.47138,-25.22588],[-64.47273,-25.22731],[-64.47542,-25.22691],[-64.48185,-25.23033],[-64.49786,-25.2365],[-64.5188,-25.24842],[-64.5411,-25.25435],[-64.54542,-25.2563],[-64.55194,-25.26159],[-64.55019,-25.26407],[-64.55024,-25.26589],[-64.55253,-25.26887],[-64.55262,-25.27358],[-64.55518,-25.27488],[-64.5558,-25.27618],[-64.55529,-25.27744],[-64.55328,-25.27772],[-64.55285,-25.28083],[-64.55412,-25.28247],[-64.55687,-25.28285],[-64.55641,-25.28535],[-64.55761,-25.28684],[-64.56146,-25.28056],[-64.59315,-25.19678],[-64.58808,-25.19567],[-64.5711,-25.19537],[-64.5502,-25.19993],[-64.54857,-25.19287],[-64.5592,-25.1768],[-64.57837,-25.17276],[-64.58363,-25.16626],[-64.58102,-25.1653],[-64.58086,-25.1646],[-64.58324,-25.16143],[-64.58274,-25.15913],[-64.58341,-25.15376],[-64.58555,-25.15113],[-64.58574,-25.15028],[-64.58474,-25.14998],[-64.58609,-25.14734],[-64.58509,-25.14539],[-64.58628,-25.14368],[-64.58593,-25.13856],[-64.58319,-25.13759],[-64.58363,-25.1349],[-64.58053,-25.13127],[-64.5811,-25.12689],[-64.56478,-25.12799],[-64.56414,-25.12264],[-64.56171,-25.1159],[-64.5545,-25.10254],[-64.54987,-25.0916],[-64.53688,-25.09321],[-64.53366,-25.07502],[-64.5323,-25.07477],[-64.53073,-25.0725],[-64.52963,-25.07227],[-64.52827,-25.07424],[-64.52657,-25.07495],[-64.52561,-25.07376],[-64.52419,-25.07359],[-64.52178,-25.07882],[-64.52305,-25.08006],[-64.52191,-25.08112],[-64.51694,-25.08121],[-64.51636,-25.07937],[-64.51155,-25.08113],[-64.51396,-25.08386],[-64.51828,-25.08458],[-64.51861,-25.08658],[-64.51485,-25.08816],[-64.5118,-25.08633],[-64.51088,-25.08461],[-64.50885,-25.08555],[-64.51084,-25.08776],[-64.5089,-25.09],[-64.50563,-25.09035],[-64.5038,-25.08922],[-64.50349,-25.08672],[-64.49628,-25.08771],[-64.49399,-25.08631],[-64.49413,-25.08195],[-64.49312,-25.08104],[-64.48952,-25.08449],[-64.48935,-25.08104],[-64.48605,-25.08013],[-64.48604,-25.07901],[-64.48803,-25.07881],[-64.48716,-25.07736],[-64.48385,-25.07756],[-64.48159,-25.07888],[-64.48062,-25.07707],[-64.48278,-25.07516],[-64.48275,-25.07309],[-64.48141,-25.07215],[-64.47964,-25.07415],[-64.47623,-25.07418],[-64.47546,-25.07341],[-64.47573,-25.07186],[-64.47781,-25.07141],[-64.47722,-25.06977],[-64.4791,-25.06898],[-64.47796,-25.06804],[-64.47559,-25.06815],[-64.47468,-25.06724],[-64.47488,-25.06549],[-64.47916,-25.06391],[-64.47764,-25.06118],[-64.47578,-25.06],[-64.47284,-25.06051],[-64.47013,-25.05723],[-64.46759,-25.05598],[-64.46346,-25.06108],[-64.45543,-25.06243],[-64.45395,-25.05452],[-64.45636,-25.05072],[-64.45584,-25.03983],[-64.45861,-25.03926],[-64.45736,-25.03434],[-64.45527,-25.03301],[-64.45624,-25.02943],[-64.45389,-25.02821],[-64.45445,-25.0251],[-64.45145,-25.02399],[-64.44859,-25.02109],[-64.44788,-25.01905],[-64.4597,-25.01489],[-64.46373,-25.00961],[-64.46087,-25.00433],[-64.42705,-24.97599],[-64.42133,-24.97813],[-64.26668,-24.80176],[-64.19703,-24.8146],[-64.19287,-24.7904],[-64.16094,-24.79031],[-64.14874,-24.72285],[-64.14584,-24.72219],[-64.14177,-24.70434],[-64.13442,-24.7046],[-64.12774,-24.69528],[-64.1203,-24.68939],[-64.10326,-24.68122],[-64.09606,-24.67511],[-64.0855,-24.67336],[-64.08221,-24.67044],[-64.08279,-24.66458],[-64.07641,-24.66375],[-64.07373,-24.66444],[-64.07188,-24.66826],[-64.0702,-24.66801],[-64.06889,-24.66167],[-64.06591,-24.66071],[-64.05977,-24.65662],[-64.05829,-24.654],[-64.05503,-24.65224],[-64.05609,-24.6443],[-64.04976,-24.64336],[-64.05527,-24.63656],[-64.0359,-24.6265],[-64.03492,-24.62768],[-64.03113,-24.62596],[-64.02464,-24.61857],[-64.02288,-24.60911],[-64.02255,-24.60267],[-64.02061,-24.59892],[-64.01573,-24.59504],[-64.00986,-24.59266],[-64.00816,-24.59018],[-64.0064,-24.58095],[-63.99123,-24.57456],[-63.98445,-24.56962],[-63.97903,-24.55582],[-63.97336,-24.55201],[-63.97084,-24.54305],[-63.96888,-24.5406],[-63.95981,-24.53968],[-63.96125,-24.53652],[-63.95845,-24.53563],[-63.95038,-24.52758],[-63.94418,-24.52514],[-63.93308,-24.52354],[-63.92947,-24.52163],[-63.92446,-24.50738],[-63.91802,-24.50431],[-63.91907,-24.49673],[-63.91556,-24.49711],[-63.90726,-24.49414],[-63.90055,-24.49336],[-63.89759,-24.49053],[-63.8941,-24.48884],[-63.88997,-24.48474],[-63.8868,-24.4835],[-63.88144,-24.47679],[-63.87801,-24.4782],[-63.86591,-24.47236],[-63.85947,-24.46666],[-63.84874,-24.46402],[-63.84341,-24.46055],[-63.83179,-24.45655],[-63.82771,-24.45094],[-63.81994,-24.44522],[-63.80897,-24.44176],[-63.8085,-24.43913],[-63.8025,-24.43517],[-63.7937,-24.38833],[-63.79262,-24.38778],[-63.79009,-24.38214],[-63.78363,-24.38175],[-63.78083,-24.38024],[-63.78353,-24.37671],[-63.78076,-24.37465],[-63.77596,-24.37595],[-63.76935,-24.37236],[-63.76769,-24.36899],[-63.76227,-24.36945],[-63.76025,-24.36838],[-63.75732,-24.36972],[-63.75471,-24.36859],[-63.74859,-24.36978],[-63.74521,-24.36787],[-63.73249,-24.36733],[-63.7278,-24.36995],[-63.69938,-24.37126],[-63.69726,-24.3722],[-63.68996,-24.37142],[-63.64581,-24.35988],[-63.6417,-24.36184],[-63.63676,-24.35942],[-63.63464,-24.35222],[-63.63027,-24.34744],[-63.62682,-24.3377],[-63.62368,-24.33468],[-63.61755,-24.33123],[-63.61095,-24.33047],[-63.59593,-24.33308],[-63.58166,-24.32672],[-63.5801,-24.3195],[-63.57569,-24.3203],[-63.56772,-24.31604],[-63.56483,-24.31074],[-63.54273,-24.30333],[-63.53558,-24.29911],[-63.53151,-24.29813],[-63.52556,-24.29297],[-63.52059,-24.29084],[-63.51749,-24.28975],[-63.5131,-24.28952],[-63.50529,-24.28997],[-63.50263,-24.29102],[-63.49471,-24.29021],[-63.48613,-24.28597],[-63.47861,-24.28097],[-63.4643,-24.27751],[-63.45776,-24.26956],[-63.44979,-24.26292],[-63.44408,-24.26139],[-63.43794,-24.26246],[-63.43296,-24.26166],[-63.42912,-24.25727],[-63.41911,-24.25561],[-63.40211,-24.25056],[-63.37358,-24.24505],[-63.36001,-24.23628],[-63.37477,-24.31336],[-63.28742,-24.27764],[-63.29378,-24.32051],[-63.21052,-24.31564],[-63.19353,-24.21082],[-63.15008,-24.2155],[-63.16369,-24.2949]]]]}},{"type":"Feature","properties":{"nombre":"La Caldera"},"geometry":{"type":"MultiPolygon","coordinates":[[[[-65.6116,-24.40716],[-65.60791,-24.40716],[-65.60256,-24.40933],[-65.6011,-24.41402],[-65.60147,-24.41499],[-65.60015,-24.41704],[-65.59221,-24.41761],[-65.58602,-24.41939],[-65.57995,-24.41987],[-65.57436,-24.42225],[-65.57127,-24.42225],[-65.56901,-24.42356],[-65.5652,-24.42677],[-65.56076,-24.43328],[-65.55608,-24.43761],[-65.5495,-24.43986],[-65.54598,-24.4424],[-65.54512,-24.44436],[-65.54553,-24.44549],[-65.54367,-24.44931],[-65.54042,-24.45152],[-65.53915,-24.45152],[-65.5379,-24.4498],[-65.53246,-24.44863],[-65.52932,-24.44848],[-65.52697,-24.45055],[-65.52613,-24.45041],[-65.52042,-24.44632],[-65.51475,-24.45168],[-65.51391,-24.45377],[-65.51088,-24.45576],[-65.50633,-24.45542],[-65.50597,-24.44567],[-65.50436,-24.43809],[-65.49973,-24.43432],[-65.48804,-24.42756],[-65.47903,-24.42856],[-65.47555,-24.43029],[-65.46429,-24.43058],[-65.46131,-24.43484],[-65.45137,-24.44286],[-65.44894,-24.4524],[-65.44277,-24.45731],[-65.44022,-24.45789],[-65.43977,-24.46045],[-65.43466,-24.46218],[-65.43242,-24.45925],[-65.43297,-24.4572],[-65.42722,-24.45104],[-65.42529,-24.45045],[-65.41829,-24.45144],[-65.41875,-24.45326],[-65.4162,-24.45585],[-65.41481,-24.45628],[-65.40557,-24.45789],[-65.39763,-24.45783],[-65.39204,-24.46117],[-65.38768,-24.4608],[-65.37774,-24.46214],[-65.3701,-24.46482],[-65.35884,-24.46132],[-65.35505,-24.46404],[-65.35102,-24.471],[-65.35107,-24.47291],[-65.35404,-24.47479],[-65.35444,-24.47673],[-65.35783,-24.48186],[-65.3552,-24.4858],[-65.35515,-24.48812],[-65.35354,-24.49092],[-65.34735,-24.49425],[-65.34633,-24.49682],[-65.34337,-24.49773],[-65.33897,-24.49669],[-65.33477,-24.49736],[-65.33016,-24.5002],[-65.32106,-24.50026],[-65.31731,-24.50234],[-65.31243,-24.50008],[-65.30676,-24.49949],[-65.30434,-24.50008],[-65.30315,-24.49681],[-65.29952,-24.496],[-65.29662,-24.4937],[-65.28829,-24.49269],[-65.2868,-24.49068],[-65.28093,-24.49276],[-65.2774,-24.4927],[-65.25342,-24.48872],[-65.25104,-24.48687],[-65.24777,-24.48586],[-65.24361,-24.48669],[-65.23938,-24.48556],[-65.23546,-24.48705],[-65.22927,-24.48622],[-65.2279,-24.48527],[-65.22909,-24.48235],[-65.22981,-24.47271],[-65.23072,-24.47154],[-65.22982,-24.46925],[-65.22774,-24.46939],[-65.22765,-24.46756],[-65.22658,-24.46835],[-65.2262,-24.4672],[-65.22458,-24.46796],[-65.22184,-24.46589],[-65.21963,-24.46588],[-65.21843,-24.46455],[-65.21606,-24.46551],[-65.21493,-24.46436],[-65.21227,-24.46464],[-65.21155,-24.46328],[-65.20863,-24.46246],[-65.20698,-24.46087],[-65.20291,-24.46117],[-65.20058,-24.45986],[-65.19698,-24.46049],[-65.19412,-24.45986],[-65.19207,-24.46076],[-65.19123,-24.4623],[-65.18847,-24.46291],[-65.18524,-24.4652],[-65.18241,-24.46505],[-65.17951,-24.46644],[-65.17347,-24.47004],[-65.17071,-24.47473],[-65.16678,-24.47668],[-65.16601,-24.47819],[-65.15999,-24.47946],[-65.15756,-24.48221],[-65.15636,-24.48704],[-65.15481,-24.48814],[-65.1761,-24.51069],[-65.21018,-24.54364],[-65.19974,-24.58537],[-65.20276,-24.58743],[-65.206,-24.58726],[-65.21835,-24.58973],[-65.22743,-24.59552],[-65.23816,-24.59687],[-65.24564,-24.59913],[-65.25599,-24.59622],[-65.26145,-24.59828],[-65.26386,-24.60107],[-65.26362,-24.60793],[-65.27051,-24.60796],[-65.27386,-24.62428],[-65.27667,-24.62874],[-65.27726,-24.63115],[-65.27664,-24.63318],[-65.27905,-24.63727],[-65.28018,-24.65114],[-65.27753,-24.66037],[-65.27425,-24.66569],[-65.27513,-24.67151],[-65.2747,-24.67743],[-65.26429,-24.68283],[-65.26144,-24.68341],[-65.26091,-24.68436],[-65.25766,-24.68565],[-65.25674,-24.68707],[-65.25349,-24.68812],[-65.251,-24.69308],[-65.24944,-24.69379],[-65.24799,-24.69757],[-65.22248,-24.7054],[-65.22013,-24.71598],[-65.22294,-24.71657],[-65.23933,-24.71588],[-65.25323,-24.71099],[-65.25855,-24.71043],[-65.26361,-24.7114],[-65.26697,-24.71391],[-65.28173,-24.71884],[-65.28991,-24.71947],[-65.29302,-24.71901],[-65.2951,-24.71819],[-65.29941,-24.71436],[-65.30228,-24.71341],[-65.30861,-24.7176],[-65.31084,-24.71742],[-65.31337,-24.71859],[-65.32122,-24.71785],[-65.33286,-24.71945],[-65.3355,-24.72072],[-65.34726,-24.72155],[-65.35787,-24.7183],[-65.36846,-24.71893],[-65.37758,-24.7178],[-65.38119,-24.71608],[-65.38447,-24.71648],[-65.39593,-24.71188],[-65.39553,-24.70779],[-65.39292,-24.70781],[-65.39278,-24.69115],[-65.39015,-24.68879],[-65.39011,-24.68403],[-65.39269,-24.68163],[-65.39265,-24.67687],[-65.39526,-24.67685],[-65.39524,-24.67447],[-65.39784,-24.67446],[-65.39782,-24.67207],[-65.40042,-24.67206],[-65.4004,-24.66968],[-65.40561,-24.66964],[-65.40557,-24.66488],[-65.40817,-24.66486],[-65.40815,-24.66248],[-65.41073,-24.66008],[-65.41594,-24.66004],[-65.41592,-24.65766],[-65.42112,-24.65762],[-65.4211,-24.65524],[-65.42627,-24.65045],[-65.42625,-24.64807],[-65.42885,-24.64805],[-65.42883,-24.64567],[-65.44184,-24.64557],[-65.44182,-24.64319],[-65.44703,-24.64315],[-65.447,-24.64077],[-65.45221,-24.64073],[-65.45208,-24.62645],[-65.45468,-24.62643],[-65.45466,-24.62405],[-65.45726,-24.62403],[-65.45724,-24.62165],[-65.46505,-24.62159],[-65.46763,-24.61919],[-65.47023,-24.61917],[-65.47021,-24.61679],[-65.47281,-24.61677],[-65.47279,-24.61439],[-65.47539,-24.61437],[-65.48313,-24.60717],[-65.48311,-24.60479],[-65.48569,-24.60239],[-65.48829,-24.60237],[-65.48827,-24.59999],[-65.49347,-24.59995],[-65.49605,-24.59755],[-65.49866,-24.59753],[-65.50124,-24.59513],[-65.50644,-24.59508],[-65.50902,-24.59268],[-65.51422,-24.59264],[-65.5142,-24.59026],[-65.5194,-24.59022],[-65.52198,-24.58782],[-65.52196,-24.58544],[-65.52456,-24.58542],[-65.52454,-24.58304],[-65.52714,-24.58302],[-65.52712,-24.58064],[-65.52972,-24.58062],[-65.52967,-24.57586],[-65.53748,-24.57579],[-65.53745,-24.57341],[-65.54006,-24.57339],[-65.54001,-24.56863],[-65.54781,-24.56857],[-65.54772,-24.55905],[-65.54512,-24.55907],[-65.54509,-24.55669],[-65.54769,-24.55667],[-65.54762,-24.54953],[-65.54502,-24.54955],[-65.545,-24.54717],[-65.54757,-24.54477],[-65.5475,-24.53763],[-65.55008,-24.53523],[-65.55001,-24.52809],[-65.54741,-24.52811],[-65.54738,-24.52573],[-65.54478,-24.52575],[-65.54466,-24.51386],[-65.54724,-24.51146],[-65.5471,-24.49718],[-65.54967,-24.49478],[-65.54955,-24.48288],[-65.55215,-24.48286],[-65.55211,-24.4781],[-65.55471,-24.47808],[-65.55466,-24.47332],[-65.55723,-24.47091],[-65.55721,-24.46853],[-65.55981,-24.46851],[-65.55979,-24.46613],[-65.56498,-24.46609],[-65.56494,-24.46133],[-65.56754,-24.46131],[-65.56751,-24.45893],[-65.57011,-24.45891],[-65.57009,-24.45653],[-65.57789,-24.45646],[-65.57791,-24.45884],[-65.58571,-24.45877],[-65.58568,-24.45639],[-65.59088,-24.45635],[-65.59086,-24.45397],[-65.59346,-24.45394],[-65.59608,-24.4563],[-65.59868,-24.45628],[-65.59866,-24.4539],[-65.60125,-24.45388],[-65.60123,-24.4515],[-65.6038,-24.44909],[-65.6012,-24.44912],[-65.60116,-24.44436],[-65.60375,-24.44433],[-65.60373,-24.44196],[-65.60635,-24.44431],[-65.61155,-24.44427],[-65.61153,-24.44189],[-65.61413,-24.44186],[-65.6141,-24.43948],[-65.6193,-24.43944],[-65.61927,-24.43706],[-65.62187,-24.43704],[-65.6218,-24.4299],[-65.6244,-24.42987],[-65.62697,-24.42747],[-65.62437,-24.42749],[-65.62435,-24.42511],[-65.62694,-24.42509],[-65.62677,-24.40843],[-65.62674,-24.40605],[-65.62412,-24.4037],[-65.62409,-24.40132],[-65.62998,-24.38336],[-65.62644,-24.38045],[-65.62245,-24.38108],[-65.61616,-24.38789],[-65.61692,-24.39068],[-65.61433,-24.40193],[-65.6116,-24.40716]]]]}},{"type":"Feature","properties":{"nombre":"La Candelaria"},"geometry":{"type":"MultiPolygon","coordinates":[[[[-65.03027,-26.02497],[-65.02695,-26.02604],[-65.02215,-26.02592],[-65.00661,-26.02786],[-64.9829,-26.02786],[-64.97518,-26.03135],[-64.96976,-26.03035],[-64.96235,-26.03398],[-64.93344,-26.03259],[-64.92617,-26.0344],[-64.92408,-26.0322],[-64.91836,-26.0308],[-64.91415,-26.03177],[-64.90688,-26.03607],[-64.89994,-26.03629],[-64.89598,-26.03866],[-64.89051,-26.04366],[-64.88433,-26.04482],[-64.88518,-26.04651],[-64.88512,-26.05268],[-64.88314,-26.06769],[-64.8873,-26.06851],[-64.89014,-26.07012],[-64.89293,-26.07628],[-64.8944,-26.09095],[-64.88875,-26.0968],[-64.88589,-26.10239],[-64.88123,-26.10208],[-64.8753,-26.10484],[-64.87494,-26.10961],[-64.87144,-26.11801],[-64.87292,-26.12532],[-64.87933,-26.13857],[-64.88385,-26.15405],[-64.88629,-26.15912],[-64.88897,-26.17178],[-64.89169,-26.17966],[-64.90438,-26.18734],[-64.9081,-26.18877],[-64.91153,-26.18908],[-64.91734,-26.19951],[-64.91848,-26.21132],[-64.92213,-26.22033],[-64.92804,-26.2411],[-64.92883,-26.25081],[-64.93012,-26.25398],[-64.93403,-26.25837],[-64.93552,-26.26333],[-64.9377,-26.26533],[-64.94115,-26.27228],[-64.94221,-26.27724],[-64.94192,-26.28496],[-64.94605,-26.28895],[-64.94354,-26.30022],[-64.94163,-26.30225],[-64.94309,-26.30235],[-64.94331,-26.3039],[-64.94636,-26.30519],[-64.94818,-26.30476],[-64.95087,-26.3068],[-64.95798,-26.30351],[-64.96093,-26.30398],[-64.96123,-26.30039],[-64.96395,-26.2976],[-64.9631,-26.2958],[-64.96561,-26.29515],[-64.96561,-26.29289],[-64.96799,-26.29087],[-64.96953,-26.28682],[-64.96909,-26.28445],[-64.97176,-26.28169],[-64.97252,-26.27438],[-64.97771,-26.27502],[-64.98246,-26.27699],[-64.984,-26.27859],[-64.98995,-26.28014],[-64.99382,-26.28377],[-64.99519,-26.28305],[-65.00322,-26.28258],[-65.00732,-26.28454],[-65.0144,-26.28484],[-65.02523,-26.2912],[-65.0335,-26.2896],[-65.03951,-26.29033],[-65.03855,-26.28537],[-65.03528,-26.28228],[-65.0354,-26.2799],[-65.03671,-26.27812],[-65.03612,-26.27592],[-65.03415,-26.27496],[-65.03224,-26.27218],[-65.03341,-26.27068],[-65.04385,-26.26729],[-65.04635,-26.26455],[-65.04593,-26.26069],[-65.04694,-26.25813],[-65.04706,-26.25432],[-65.04413,-26.25109],[-65.04081,-26.23993],[-65.0407,-26.23737],[-65.03627,-26.23275],[-65.04073,-26.22993],[-65.04263,-26.22962],[-65.05083,-26.23097],[-65.10983,-26.21673],[-65.1934,-26.1941],[-65.1954,-26.19496],[-65.22535,-26.19051],[-65.22557,-26.18984],[-65.22312,-26.18433],[-65.19573,-26.13553],[-65.17513,-26.12952],[-65.15677,-26.03886],[-65.13634,-26.04216],[-65.13674,-26.04451],[-65.12185,-26.04703],[-65.12235,-26.04941],[-65.10266,-26.05465],[-65.1132,-26.03781],[-65.10801,-26.00792],[-65.06742,-26.01535],[-65.03884,-26.01969],[-65.03027,-26.02497]]]]}},{"type":"Feature","properties":{"nombre":"La Merced"},"geometry":{"type":"MultiPolygon","coordinates":[[[[-65.40142,-24.95164],[-65.40199,-24.96885],[-65.38431,-24.97255],[-65.39165,-24.98766],[-65.32291,-24.99887],[-65.32356,-25.00043],[-65.31987,-25.00483],[-65.31788,-25.00876],[-65.31651,-25.01974],[-65.31111,-25.02366],[-65.30701,-25.02997],[-65.30465,-25.03056],[-65.30372,-25.03246],[-65.3071,-25.03785],[-65.30395,-25.05015],[-65.3057,-25.06016],[-65.29584,-25.0634],[-65.29502,-25.06504],[-65.29223,-25.06517],[-65.29025,-25.06696],[-65.28796,-25.06709],[-65.28614,-25.06977],[-65.28351,-25.0708],[-65.28038,-25.07333],[-65.28069,-25.07617],[-65.27805,-25.07899],[-65.27722,-25.08152],[-65.27524,-25.08345],[-65.27228,-25.08463],[-65.27259,-25.08777],[-65.27487,-25.09151],[-65.27518,-25.09345],[-65.26909,-25.09775],[-65.2684,-25.10297],[-65.26641,-25.10685],[-65.25426,-25.11096],[-65.24456,-25.11539],[-65.23693,-25.12834],[-65.23476,-25.1352],[-65.22899,-25.13994],[-65.22766,-25.14277],[-65.2263,-25.15038],[-65.22873,-25.15547],[-65.23118,-25.15652],[-65.23792,-25.15447],[-65.24281,-25.16017],[-65.24445,-25.15868],[-65.2474,-25.15929],[-65.24904,-25.16065],[-65.25806,-25.16157],[-65.26134,-25.15921],[-65.26396,-25.16027],[-65.26954,-25.1597],[-65.27134,-25.16046],[-65.2794,-25.15662],[-65.2835,-25.15634],[-65.28597,-25.15471],[-65.28728,-25.15486],[-65.29454,-25.14758],[-65.29771,-25.13805],[-65.32568,-25.12161],[-65.32964,-25.1173],[-65.33655,-25.1124],[-65.34595,-25.10169],[-65.35318,-25.09859],[-65.35696,-25.09831],[-65.35633,-25.09338],[-65.35799,-25.08831],[-65.36229,-25.08057],[-65.36937,-25.07448],[-65.37298,-25.07375],[-65.37904,-25.07422],[-65.3871,-25.07874],[-65.38702,-25.08347],[-65.38832,-25.08836],[-65.38801,-25.08967],[-65.38673,-25.0906],[-65.38706,-25.09319],[-65.39236,-25.09577],[-65.39372,-25.09921],[-65.39639,-25.09608],[-65.40603,-25.08924],[-65.41635,-25.08758],[-65.42089,-25.08557],[-65.43599,-25.07122],[-65.44275,-25.06881],[-65.44916,-25.06819],[-65.45201,-25.06682],[-65.46135,-25.06491],[-65.46786,-25.06121],[-65.47313,-25.05621],[-65.47627,-25.04804],[-65.48323,-25.04232],[-65.48871,-25.04177],[-65.49293,-25.03943],[-65.49675,-25.03977],[-65.50468,-25.03526],[-65.51305,-25.03181],[-65.51634,-25.03125],[-65.52106,-25.02876],[-65.52631,-25.02691],[-65.53166,-25.02691],[-65.52321,-25.01909],[-65.52531,-25.01151],[-65.51845,-24.99815],[-65.51492,-24.98824],[-65.53243,-24.97592],[-65.54151,-24.97214],[-65.53866,-24.96623],[-65.54086,-24.96598],[-65.5398,-24.96248],[-65.53744,-24.96277],[-65.53599,-24.95855],[-65.53952,-24.9582],[-65.53816,-24.95058],[-65.53298,-24.95079],[-65.53222,-24.94967],[-65.47634,-24.95187],[-65.47402,-24.9551],[-65.47371,-24.95772],[-65.47172,-24.96066],[-65.4704,-24.95938],[-65.46362,-24.95868],[-65.46333,-24.9609],[-65.46168,-24.96159],[-65.45911,-24.96002],[-65.45446,-24.96091],[-65.45318,-24.95914],[-65.45368,-24.9533],[-65.45255,-24.95241],[-65.44679,-24.95235],[-65.44512,-24.95109],[-65.43729,-24.95142],[-65.43661,-24.95272],[-65.42343,-24.94177],[-65.41623,-24.94155],[-65.4128,-24.94297],[-65.41327,-24.94598],[-65.40142,-24.95164]]]]}},{"type":"Feature","properties":{"nombre":"La Poma"},"geometry":{"type":"MultiPolygon","coordinates":[[[[-66.16024,-23.41634],[-66.14226,-23.42185],[-66.13846,-23.42439],[-66.13123,-23.42589],[-66.12723,-23.42818],[-66.1198,-23.43029],[-66.11257,-23.43442],[-66.10924,-23.43733],[-66.10182,-23.44621],[-66.07298,-23.46863],[-66.06784,-23.47056],[-66.06393,-23.47347],[-66.05279,-23.47786],[-66.04346,-23.48366],[-66.03812,-23.4885],[-66.0306,-23.49289],[-66.02082,-23.50027],[-66.01731,-23.50441],[-66.01253,-23.50716],[-66.0112,-23.50878],[-66.0018,-23.51255],[-65.99912,-23.51477],[-65.99269,-23.5118],[-65.98972,-23.51132],[-65.98722,-23.50965],[-66.01044,-23.77736],[-66.01052,-23.79083],[-66.00812,-23.80477],[-66.01016,-23.81313],[-66.01022,-23.82161],[-66.0123,-23.82704],[-66.01398,-23.83528],[-66.01984,-23.84666],[-66.02193,-23.86171],[-66.01807,-23.88242],[-66.01399,-23.89398],[-66.01096,-23.8984],[-66.01137,-23.90405],[-66.01244,-23.90625],[-66.01505,-23.90863],[-66.01598,-23.91172],[-66.01655,-23.91808],[-66.01382,-23.92505],[-66.0112,-23.92648],[-66.00928,-23.92612],[-66.00714,-23.92731],[-66.0043,-23.92743],[-66.00286,-23.92879],[-65.99917,-23.93647],[-65.99905,-23.93932],[-65.99726,-23.94178],[-65.99649,-23.94456],[-65.99793,-23.9514],[-65.99781,-23.96056],[-65.994,-23.96437],[-65.99269,-23.96794],[-65.9921,-23.97198],[-65.99293,-23.97734],[-65.99257,-23.97995],[-65.99091,-23.98174],[-65.98425,-23.98114],[-65.97354,-23.97758],[-65.96806,-23.97365],[-65.96223,-23.96782],[-65.95628,-23.9661],[-65.94201,-23.96746],[-65.93848,-23.97017],[-65.93725,-23.97424],[-65.93748,-23.97573],[-65.93909,-23.97751],[-65.95112,-23.9883],[-65.96002,-23.99129],[-65.97339,-23.9913],[-65.99155,-23.99697],[-65.9996,-23.99807],[-66.00782,-24.00216],[-66.01759,-24.00106],[-66.03575,-23.99557],[-66.03558,-24.00656],[-66.03301,-24.01239],[-66.03044,-24.01648],[-66.0253,-24.01837],[-66.0241,-24.02341],[-66.0241,-24.03741],[-66.02308,-24.04214],[-66.02342,-24.04591],[-66.02599,-24.05126],[-66.032,-24.07031],[-66.03303,-24.07755],[-66.03509,-24.08321],[-66.04229,-24.08919],[-66.04984,-24.10005],[-66.06047,-24.10996],[-66.06905,-24.12239],[-66.07471,-24.12302],[-66.08277,-24.12726],[-66.09324,-24.13576],[-66.10594,-24.14771],[-66.10887,-24.15747],[-66.10784,-24.16062],[-66.10716,-24.16912],[-66.10922,-24.17195],[-66.10871,-24.17525],[-66.107,-24.17762],[-66.10718,-24.19068],[-66.10324,-24.19776],[-66.10084,-24.20815],[-66.10034,-24.21917],[-66.09931,-24.22295],[-66.09983,-24.23066],[-66.10722,-24.23695],[-66.10791,-24.23963],[-66.11014,-24.24214],[-66.11169,-24.2456],[-66.11083,-24.24891],[-66.11255,-24.25332],[-66.12492,-24.2607],[-66.13059,-24.26259],[-66.14158,-24.27123],[-66.14263,-24.28493],[-66.14641,-24.2887],[-66.15174,-24.29704],[-66.15484,-24.30427],[-66.15554,-24.30915],[-66.15521,-24.32017],[-66.15453,-24.32536],[-66.15093,-24.33764],[-66.15163,-24.3474],[-66.14992,-24.35401],[-66.16165,-24.38737],[-66.16475,-24.39161],[-66.16956,-24.39538],[-66.17473,-24.4012],[-66.18214,-24.41772],[-66.19356,-24.43323],[-66.18506,-24.4336],[-66.176,-24.43018],[-66.17155,-24.43119],[-66.16101,-24.42923],[-66.15087,-24.43082],[-66.15002,-24.43444],[-66.15123,-24.4412],[-66.15096,-24.44457],[-66.14902,-24.45014],[-66.14957,-24.4555],[-66.14438,-24.46922],[-66.14233,-24.47694],[-66.13787,-24.48465],[-66.13117,-24.4908],[-66.1308,-24.49303],[-66.12799,-24.49561],[-66.12792,-24.49768],[-66.1298,-24.50103],[-66.13393,-24.50417],[-66.13456,-24.5061],[-66.13325,-24.51078],[-66.1336,-24.51377],[-66.13498,-24.5218],[-66.13732,-24.52746],[-66.13173,-24.53644],[-66.13311,-24.53869],[-66.13273,-24.5439],[-66.12899,-24.54824],[-66.12711,-24.55184],[-66.12899,-24.56077],[-66.12539,-24.56679],[-66.12422,-24.57228],[-66.12695,-24.57972],[-66.12902,-24.58303],[-66.12965,-24.58713],[-66.12895,-24.58942],[-66.12404,-24.59295],[-66.12164,-24.59735],[-66.1213,-24.60176],[-66.12199,-24.61057],[-66.12355,-24.61403],[-66.124,-24.61743],[-66.12166,-24.6283],[-66.12399,-24.63379],[-66.12274,-24.63836],[-66.12478,-24.6452],[-66.12483,-24.65899],[-66.12824,-24.67523],[-66.12721,-24.68419],[-66.12448,-24.68973],[-66.12363,-24.6943],[-66.12671,-24.70807],[-66.12423,-24.71894],[-66.12004,-24.72956],[-66.11815,-24.73774],[-66.11589,-24.74152],[-66.11902,-24.75064],[-66.11954,-24.75457],[-66.11838,-24.75716],[-66.11662,-24.75882],[-66.1159,-24.76194],[-66.11318,-24.76654],[-66.11025,-24.76764],[-66.10354,-24.78181],[-66.09906,-24.78669],[-66.09717,-24.79378],[-66.0977,-24.80731],[-66.09564,-24.82179],[-66.09565,-24.8317],[-66.09686,-24.83627],[-66.101,-24.84209],[-66.10308,-24.85625],[-66.1055,-24.85892],[-66.10762,-24.86322],[-66.10603,-24.8734],[-66.10345,-24.88253],[-66.1,-24.88521],[-66.09862,-24.88962],[-66.09707,-24.89135],[-66.0969,-24.89434],[-66.09415,-24.89765],[-66.09587,-24.90001],[-66.09467,-24.90489],[-66.09709,-24.90693],[-66.10019,-24.90803],[-66.10675,-24.90771],[-66.10848,-24.90865],[-66.11504,-24.91494],[-66.11815,-24.92328],[-66.12869,-24.92973],[-66.13594,-24.93035],[-66.13939,-24.92893],[-66.14679,-24.92853],[-66.15115,-24.92951],[-66.15617,-24.92732],[-66.15993,-24.92759],[-66.16178,-24.92868],[-66.16244,-24.93042],[-66.16698,-24.93259],[-66.17103,-24.93194],[-66.17558,-24.93286],[-66.17791,-24.93231],[-66.18006,-24.93427],[-66.18543,-24.93431],[-66.18911,-24.93728],[-66.19536,-24.93097],[-66.19898,-24.92998],[-66.2006,-24.92452],[-66.20331,-24.91973],[-66.20928,-24.91477],[-66.21597,-24.91063],[-66.21849,-24.89857],[-66.2212,-24.89593],[-66.22156,-24.89444],[-66.22536,-24.89229],[-66.2297,-24.89112],[-66.23332,-24.88881],[-66.2344,-24.8855],[-66.23657,-24.88467],[-66.2416,-24.87853],[-66.2471,-24.8743],[-66.24819,-24.86848],[-66.2517,-24.86666],[-66.26071,-24.85701],[-66.27456,-24.85538],[-66.28624,-24.85716],[-66.29438,-24.85694],[-66.29703,-24.85935],[-66.30937,-24.86434],[-66.32059,-24.86352],[-66.32301,-24.86251],[-66.32983,-24.86269],[-66.33357,-24.86168],[-66.33664,-24.85826],[-66.35092,-24.84899],[-66.35819,-24.84917],[-66.36236,-24.84716],[-66.36676,-24.84654],[-66.38481,-24.8467],[-66.38679,-24.84609],[-66.38899,-24.84488],[-66.39161,-24.83985],[-66.39578,-24.83583],[-66.40162,-24.83385],[-66.404,-24.82356],[-66.40361,-24.81318],[-66.40636,-24.81117],[-66.40868,-24.80122],[-66.41011,-24.79894],[-66.41312,-24.79762],[-66.41428,-24.79331],[-66.41263,-24.78695],[-66.40861,-24.78162],[-66.40885,-24.77385],[-66.41105,-24.76703],[-66.41881,-24.76209],[-66.42371,-24.7554],[-66.42567,-24.74734],[-66.42619,-24.73156],[-66.41612,-24.71659],[-66.41163,-24.70321],[-66.40861,-24.69964],[-66.41276,-24.68911],[-66.41627,-24.68396],[-66.41783,-24.68001],[-66.41715,-24.67428],[-66.41504,-24.6674],[-66.40809,-24.65794],[-66.38927,-24.62213],[-66.36772,-24.60715],[-66.3663,-24.57424],[-66.35886,-24.56433],[-66.3583,-24.55199],[-66.36064,-24.53867],[-66.36748,-24.52461],[-66.40198,-24.47442],[-66.40563,-24.45819],[-66.40528,-24.42939],[-66.40606,-24.42575],[-66.41132,-24.41727],[-66.42028,-24.40877],[-66.42977,-24.40221],[-66.47861,-24.38415],[-66.48573,-24.38049],[-66.48783,-24.3771],[-66.49066,-24.35724],[-66.4893,-24.34635],[-66.48742,-24.34055],[-66.48899,-24.33522],[-66.49607,-24.32285],[-66.5013,-24.30904],[-66.50524,-24.30297],[-66.50628,-24.29861],[-66.50996,-24.29521],[-66.50566,-24.27489],[-66.50617,-24.27053],[-66.50535,-24.264],[-66.50692,-24.26012],[-66.50664,-24.25504],[-66.5021,-24.24271],[-66.23653,-24.43778],[-66.15479,-24.01612],[-66.36169,-23.91113],[-66.36203,-23.90608],[-66.36,-23.90209],[-66.35967,-23.89848],[-66.36038,-23.89605],[-66.35786,-23.89281],[-66.3555,-23.89093],[-66.35329,-23.89034],[-66.35539,-23.88722],[-66.35435,-23.88395],[-66.35578,-23.88306],[-66.35721,-23.88002],[-66.35998,-23.87704],[-66.3609,-23.87312],[-66.36452,-23.86741],[-66.37121,-23.86306],[-66.37232,-23.85819],[-66.37422,-23.85587],[-66.37648,-23.8551],[-66.37422,-23.85266],[-66.37583,-23.85111],[-66.37767,-23.85076],[-66.3793,-23.84736],[-66.37966,-23.84343],[-66.3785,-23.84058],[-66.38005,-23.83904],[-66.38082,-23.82791],[-66.37202,-23.8219],[-66.37,-23.82411],[-66.36786,-23.82446],[-66.36417,-23.82292],[-66.35988,-23.82535],[-66.35828,-23.82476],[-66.35582,-23.82635],[-66.3533,-23.82526],[-66.35455,-23.82187],[-66.35788,-23.82288],[-66.35913,-23.81518],[-66.35753,-23.80955],[-66.35972,-23.79935],[-66.3605,-23.78421],[-66.36466,-23.77666],[-66.36752,-23.7744],[-66.36912,-23.76792],[-66.37246,-23.76321],[-66.37686,-23.74891],[-66.37364,-23.74367],[-66.3725,-23.7394],[-66.36758,-23.73309],[-66.36806,-23.73097],[-66.36704,-23.72818],[-66.36788,-23.72651],[-66.37228,-23.72473],[-66.37258,-23.72217],[-66.36811,-23.71753],[-66.36847,-23.71217],[-66.36776,-23.70878],[-66.36936,-23.70664],[-66.36919,-23.70486],[-66.36687,-23.70158],[-66.36758,-23.69462],[-66.36329,-23.69085],[-66.35901,-23.68407],[-66.35646,-23.67797],[-66.35741,-23.6738],[-66.35568,-23.67277],[-66.35354,-23.67312],[-66.34819,-23.66851],[-66.34271,-23.66813],[-66.33813,-23.66899],[-66.3379,-23.66595],[-66.33879,-23.66185],[-66.33831,-23.65881],[-66.33694,-23.65721],[-66.33504,-23.65649],[-66.33034,-23.65661],[-66.33159,-23.64864],[-66.33088,-23.64412],[-66.33212,-23.64064],[-66.32939,-23.63199],[-66.33088,-23.62907],[-66.33549,-23.62851],[-66.33337,-23.62229],[-66.32725,-23.61729],[-66.3263,-23.61473],[-66.3216,-23.60837],[-66.31749,-23.60754],[-66.31719,-23.60599],[-66.32005,-23.59784],[-66.31571,-23.59308],[-66.31482,-23.59058],[-66.31559,-23.58469],[-66.31832,-23.57964],[-66.31737,-23.57357],[-66.31357,-23.56512],[-66.31,-23.5606],[-66.30524,-23.55929],[-66.30226,-23.55977],[-66.29697,-23.56215],[-66.29655,-23.56322],[-66.29733,-23.56584],[-66.29637,-23.56935],[-66.29495,-23.56941],[-66.29382,-23.56833],[-66.29066,-23.56869],[-66.28775,-23.56804],[-66.28703,-23.56875],[-66.28686,-23.57232],[-66.28364,-23.5747],[-66.28198,-23.57327],[-66.27317,-23.57297],[-66.27097,-23.56982],[-66.26491,-23.56625],[-66.2605,-23.55825],[-66.26027,-23.54968],[-66.25752,-23.5385],[-66.25812,-23.53416],[-66.25603,-23.53142],[-66.25306,-23.52952],[-66.25145,-23.52381],[-66.25157,-23.51959],[-66.24842,-23.51346],[-66.24985,-23.51054],[-66.23962,-23.49246],[-66.23587,-23.49252],[-66.22933,-23.48526],[-66.2279,-23.48473],[-66.21933,-23.48526],[-66.21315,-23.47408],[-66.20856,-23.46843],[-66.20803,-23.46528],[-66.20595,-23.46194],[-66.2022,-23.46028],[-66.19881,-23.4554],[-66.19328,-23.45272],[-66.18951,-23.44546],[-66.18293,-23.43845],[-66.18209,-23.43559],[-66.18542,-23.42215],[-66.18429,-23.41461],[-66.1805,-23.41713],[-66.17909,-23.41718],[-66.17544,-23.41464],[-66.1717,-23.41385],[-66.16024,-23.41634]]]]}},{"type":"Feature","properties":{"nombre":"La Viña"},"geometry":{"type":"MultiPolygon","coordinates":[[[[-65.7106,-25.28874],[-65.709,-25.2903],[-65.70073,-25.28947],[-65.69474,-25.28682],[-65.69178,-25.28697],[-65.68955,-25.29111],[-65.68129,-25.29546],[-65.66617,-25.29235],[-65.65429,-25.29554],[-65.64941,-25.30005],[-65.63713,-25.30593],[-65.62955,-25.31544],[-65.63063,-25.319],[-65.63002,-25.32003],[-65.63594,-25.32883],[-65.63707,-25.32794],[-65.64298,-25.33218],[-65.63535,-25.33242],[-65.63132,-25.33531],[-65.62494,-25.33477],[-65.61597,-25.32715],[-65.60951,-25.32408],[-65.59804,-25.32744],[-65.59003,-25.3325],[-65.58817,-25.33129],[-65.5785,-25.33029],[-65.56978,-25.33126],[-65.5562,-25.3406],[-65.55455,-25.34284],[-65.54852,-25.34452],[-65.54685,-25.3464],[-65.54424,-25.34637],[-65.53573,-25.35087],[-65.53281,-25.34947],[-65.52971,-25.35016],[-65.52713,-25.34908],[-65.51909,-25.34871],[-65.51666,-25.3453],[-65.50917,-25.34402],[-65.49455,-25.33892],[-65.49117,-25.34001],[-65.49011,-25.33914],[-65.48652,-25.3389],[-65.47855,-25.34091],[-65.47288,-25.3399],[-65.47074,-25.34073],[-65.46909,-25.33966],[-65.43994,-25.3464],[-65.44369,-25.35775],[-65.45222,-25.37798],[-65.45821,-25.38763],[-65.46818,-25.39648],[-65.47077,-25.39657],[-65.47503,-25.3981],[-65.47629,-25.40173],[-65.47528,-25.40553],[-65.4763,-25.41032],[-65.47553,-25.41307],[-65.47592,-25.41452],[-65.4789,-25.41739],[-65.47869,-25.41866],[-65.48144,-25.42128],[-65.48369,-25.42516],[-65.48161,-25.42751],[-65.48008,-25.43138],[-65.48043,-25.43309],[-65.48225,-25.43541],[-65.48215,-25.44078],[-65.48532,-25.44637],[-65.49037,-25.45215],[-65.49034,-25.45864],[-65.49248,-25.46085],[-65.49303,-25.46285],[-65.49218,-25.46777],[-65.49268,-25.47053],[-65.49127,-25.47368],[-65.49174,-25.47556],[-65.49828,-25.47794],[-65.50409,-25.48322],[-65.50772,-25.48424],[-65.51069,-25.48867],[-65.5142,-25.49115],[-65.51732,-25.49702],[-65.51865,-25.5027],[-65.52326,-25.5066],[-65.52638,-25.51156],[-65.52513,-25.51369],[-65.5258,-25.5188],[-65.52973,-25.52145],[-65.53134,-25.52387],[-65.53181,-25.52804],[-65.53426,-25.53008],[-65.5349,-25.53243],[-65.53807,-25.53548],[-65.54145,-25.537],[-65.54282,-25.53901],[-65.54268,-25.54083],[-65.54488,-25.5424],[-65.54481,-25.54466],[-65.54794,-25.54661],[-65.54801,-25.54846],[-65.55079,-25.55087],[-65.55115,-25.55326],[-65.55423,-25.55577],[-65.56188,-25.56528],[-65.56287,-25.57348],[-65.56894,-25.57588],[-65.57045,-25.57923],[-65.57468,-25.58317],[-65.576,-25.58693],[-65.57561,-25.59136],[-65.57777,-25.5943],[-65.58116,-25.59552],[-65.58278,-25.59716],[-65.58879,-25.59754],[-65.59367,-25.60227],[-65.59852,-25.6027],[-65.602,-25.60451],[-65.60467,-25.6104],[-65.60639,-25.61678],[-65.60841,-25.61875],[-65.60815,-25.62156],[-65.60996,-25.62321],[-65.61265,-25.62259],[-65.61383,-25.62309],[-65.61914,-25.63006],[-65.62297,-25.63099],[-65.62464,-25.63251],[-65.62663,-25.63305],[-65.62939,-25.63249],[-65.63271,-25.62839],[-65.63647,-25.62985],[-65.64135,-25.62889],[-65.64907,-25.63157],[-65.64821,-25.63342],[-65.64985,-25.63444],[-65.64992,-25.63616],[-65.65612,-25.63947],[-65.65793,-25.64376],[-65.66049,-25.64694],[-65.66148,-25.64974],[-65.6614,-25.6528],[-65.6663,-25.65642],[-65.66762,-25.66253],[-65.66847,-25.66354],[-65.67223,-25.66429],[-65.67394,-25.66601],[-65.67508,-25.66895],[-65.6791,-25.67038],[-65.68013,-25.68518],[-65.68128,-25.6866],[-65.68542,-25.68878],[-65.68591,-25.68998],[-65.68528,-25.69362],[-65.68648,-25.69502],[-65.6882,-25.69533],[-65.69135,-25.69999],[-65.69967,-25.70597],[-65.70022,-25.71038],[-65.69964,-25.71283],[-65.69536,-25.71821],[-65.69675,-25.72242],[-65.69493,-25.72706],[-65.69648,-25.73075],[-65.69391,-25.73302],[-65.69312,-25.735],[-65.69396,-25.73857],[-65.69348,-25.74152],[-65.68727,-25.74505],[-65.68639,-25.74859],[-65.68741,-25.7512],[-65.68814,-25.75951],[-65.68638,-25.76181],[-65.68391,-25.76293],[-65.68328,-25.76427],[-65.68537,-25.76682],[-65.6891,-25.76598],[-65.69019,-25.76726],[-65.69,-25.76848],[-65.68639,-25.77096],[-65.68541,-25.77266],[-65.68672,-25.77533],[-65.68922,-25.77735],[-65.68792,-25.78432],[-65.68845,-25.78679],[-65.68703,-25.78951],[-65.68699,-25.79186],[-65.68814,-25.79561],[-65.69067,-25.79972],[-65.68946,-25.80579],[-65.69226,-25.80945],[-65.69227,-25.81671],[-65.69407,-25.81874],[-65.69591,-25.81923],[-65.69667,-25.82229],[-65.70044,-25.82314],[-65.70427,-25.82747],[-65.70303,-25.83146],[-65.70518,-25.83857],[-65.70387,-25.84066],[-65.70628,-25.84272],[-65.70587,-25.8445],[-65.70426,-25.84577],[-65.70613,-25.8481],[-65.70328,-25.84958],[-65.70298,-25.85058],[-65.70658,-25.85321],[-65.70343,-25.85696],[-65.70426,-25.85947],[-65.70322,-25.86116],[-65.70271,-25.86473],[-65.70066,-25.86775],[-65.70066,-25.86938],[-65.70303,-25.87026],[-65.70751,-25.86994],[-65.71046,-25.86856],[-65.71132,-25.87046],[-65.71098,-25.87488],[-65.71498,-25.87749],[-65.72476,-25.87428],[-65.72622,-25.87283],[-65.72622,-25.87079],[-65.72786,-25.86943],[-65.73049,-25.86932],[-65.738,-25.87149],[-65.74465,-25.86821],[-65.74954,-25.86686],[-65.75418,-25.86838],[-65.7588,-25.87152],[-65.76894,-25.8763],[-65.77533,-25.87495],[-65.79173,-25.882],[-65.79737,-25.88201],[-65.80174,-25.86494],[-65.80458,-25.85856],[-65.80357,-25.85527],[-65.79734,-25.84742],[-65.79593,-25.84432],[-65.79869,-25.83539],[-65.79839,-25.82189],[-65.79904,-25.81877],[-65.7978,-25.81496],[-65.79317,-25.80893],[-65.79581,-25.80127],[-65.79791,-25.80029],[-65.79597,-25.78275],[-65.86898,-25.77783],[-65.8709,-25.77702],[-65.86918,-25.77531],[-65.86793,-25.77614],[-65.86519,-25.77575],[-65.86546,-25.77435],[-65.86338,-25.77354],[-65.8606,-25.77515],[-65.8613,-25.77195],[-65.85962,-25.77195],[-65.85813,-25.77051],[-65.85681,-25.77138],[-65.85612,-25.77018],[-65.85374,-25.76985],[-65.8524,-25.76582],[-65.85378,-25.7657],[-65.8552,-25.76704],[-65.85655,-25.76504],[-65.8553,-25.76307],[-65.85626,-25.76137],[-65.85488,-25.76193],[-65.85306,-25.76098],[-65.85356,-25.75978],[-65.85524,-25.75996],[-65.85524,-25.75835],[-65.85379,-25.75817],[-65.85396,-25.75593],[-65.85218,-25.75545],[-65.8501,-25.75228],[-65.84641,-25.75164],[-65.84631,-25.75015],[-65.84407,-25.74928],[-65.84569,-25.748],[-65.8448,-25.74396],[-65.84655,-25.74286],[-65.84711,-25.74151],[-65.84563,-25.74047],[-65.84854,-25.73697],[-65.84699,-25.73401],[-65.84904,-25.73318],[-65.84565,-25.72663],[-65.84245,-25.7242],[-65.84245,-25.7225],[-65.84387,-25.72217],[-65.84427,-25.72116],[-65.84302,-25.71811],[-65.84493,-25.71581],[-65.84962,-25.71337],[-65.8508,-25.70977],[-65.84761,-25.70893],[-65.84666,-25.70251],[-65.85119,-25.70096],[-65.85236,-25.69804],[-65.84931,-25.69737],[-65.84945,-25.68904],[-65.8483,-25.68712],[-65.84451,-25.68409],[-65.84465,-25.67973],[-65.84132,-25.67332],[-65.84132,-25.67012],[-65.83298,-25.66231],[-65.8308,-25.65934],[-65.82747,-25.65788],[-65.82311,-25.6538],[-65.82138,-25.65089],[-65.81968,-25.65035],[-65.81781,-25.64744],[-65.81317,-25.6448],[-65.81255,-25.64273],[-65.8083,-25.64101],[-65.80681,-25.63816],[-65.80493,-25.63687],[-65.80139,-25.63694],[-65.79713,-25.64093],[-65.79415,-25.64064],[-65.79115,-25.64284],[-65.78824,-25.64305],[-65.78627,-25.64497],[-65.7799,-25.64589],[-65.77472,-25.64845],[-65.76993,-25.64862],[-65.77008,-25.64286],[-65.76596,-25.63443],[-65.7646,-25.62913],[-65.76444,-25.62429],[-65.76496,-25.62258],[-65.7672,-25.62024],[-65.76772,-25.61791],[-65.76618,-25.61276],[-65.76326,-25.60839],[-65.76361,-25.60496],[-65.76633,-25.59805],[-65.76915,-25.58564],[-65.77384,-25.58144],[-65.77479,-25.57914],[-65.77469,-25.57695],[-65.7768,-25.57361],[-65.77638,-25.57198],[-65.77262,-25.57052],[-65.77159,-25.56834],[-65.76575,-25.56677],[-65.76059,-25.56842],[-65.75769,-25.55989],[-65.75168,-25.55708],[-65.75031,-25.55489],[-65.74946,-25.54959],[-65.75348,-25.5451],[-65.75155,-25.5365],[-65.75203,-25.53402],[-65.7535,-25.53201],[-65.75259,-25.52933],[-65.75046,-25.52694],[-65.74884,-25.51685],[-65.74702,-25.51309],[-65.74851,-25.50921],[-65.7499,-25.50142],[-65.75094,-25.49924],[-65.75284,-25.49829],[-65.75266,-25.4955],[-65.75542,-25.49145],[-65.75578,-25.48428],[-65.76059,-25.48086],[-65.7674,-25.47959],[-65.76941,-25.47434],[-65.76847,-25.4687],[-65.76938,-25.46699],[-65.77679,-25.46479],[-65.77986,-25.46342],[-65.78153,-25.46174],[-65.77965,-25.45725],[-65.78022,-25.45532],[-65.77937,-25.45313],[-65.77724,-25.45228],[-65.77745,-25.45037],[-65.77903,-25.44861],[-65.77921,-25.44612],[-65.77852,-25.44292],[-65.77611,-25.43842],[-65.77675,-25.43346],[-65.77591,-25.43155],[-65.77735,-25.42974],[-65.77655,-25.42677],[-65.77718,-25.4241],[-65.77919,-25.42123],[-65.77825,-25.41779],[-65.78081,-25.41353],[-65.78545,-25.41011],[-65.78721,-25.40749],[-65.78564,-25.40061],[-65.77914,-25.39171],[-65.77893,-25.39009],[-65.78672,-25.38313],[-65.78929,-25.37675],[-65.79189,-25.37453],[-65.79274,-25.37148],[-65.79136,-25.37068],[-65.79189,-25.36163],[-65.7936,-25.35715],[-65.79613,-25.35543],[-65.7955,-25.35362],[-65.79741,-25.34349],[-65.79647,-25.34149],[-65.7933,-25.33965],[-65.79279,-25.33685],[-65.79418,-25.32422],[-65.79282,-25.32047],[-65.79127,-25.31938],[-65.79008,-25.31657],[-65.79352,-25.30987],[-65.79335,-25.30722],[-65.7919,-25.30533],[-65.78684,-25.30613],[-65.78076,-25.30482],[-65.76929,-25.31774],[-65.75981,-25.31765],[-65.75436,-25.31671],[-65.75045,-25.31809],[-65.74821,-25.31784],[-65.75033,-25.30667],[-65.74628,-25.30565],[-65.74517,-25.30425],[-65.74042,-25.30463],[-65.73833,-25.30399],[-65.73682,-25.29409],[-65.73334,-25.28812],[-65.72972,-25.28443],[-65.7106,-25.28874]]]]}},{"type":"Feature","properties":{"nombre":"Las Lajitas"},"geometry":{"type":"MultiPolygon","coordinates":[[[[-64.43973,-24.45472],[-64.43347,-24.49999],[-64.43547,-24.55022],[-64.4373,-24.55386],[-64.43602,-24.55367],[-64.4342,-24.55511],[-64.43409,-24.5575],[-64.43232,-24.55713],[-64.43064,-24.55817],[-64.42971,-24.55754],[-64.42811,-24.55917],[-64.42794,-24.55717],[-64.4264,-24.55763],[-64.42648,-24.55912],[-64.42508,-24.55997],[-64.4252,-24.56206],[-64.41947,-24.55994],[-64.41885,-24.56162],[-64.41601,-24.56038],[-64.41569,-24.56292],[-64.41372,-24.56199],[-64.41083,-24.56551],[-64.41008,-24.56515],[-64.40945,-24.56158],[-64.40692,-24.56165],[-64.40506,-24.56352],[-64.40407,-24.56349],[-64.40366,-24.56272],[-64.40461,-24.55927],[-64.40207,-24.55811],[-64.40132,-24.55685],[-64.39963,-24.55714],[-64.39857,-24.55941],[-64.39928,-24.56113],[-64.39663,-24.56387],[-64.39435,-24.56344],[-64.39247,-24.56454],[-64.39165,-24.56174],[-64.39105,-24.56166],[-64.39189,-24.56518],[-64.39135,-24.56637],[-64.38941,-24.56575],[-64.38815,-24.56331],[-64.38842,-24.56127],[-64.38678,-24.56056],[-64.38575,-24.56189],[-64.38464,-24.56719],[-64.38296,-24.56843],[-64.37831,-24.56693],[-64.37413,-24.5642],[-64.37344,-24.56549],[-64.37148,-24.56648],[-64.36941,-24.56367],[-64.36726,-24.56696],[-64.365,-24.57283],[-64.36135,-24.57325],[-64.35968,-24.575],[-64.35741,-24.57568],[-64.35366,-24.57378],[-64.34841,-24.57569],[-64.34649,-24.57423],[-64.34466,-24.57404],[-64.34319,-24.57502],[-64.34322,-24.57733],[-64.34131,-24.583],[-64.33807,-24.58316],[-64.33654,-24.58422],[-64.33596,-24.59013],[-64.33382,-24.59102],[-64.33128,-24.59089],[-64.32928,-24.58953],[-64.32766,-24.58708],[-64.32551,-24.58672],[-64.31799,-24.58991],[-64.31219,-24.59025],[-64.30676,-24.58784],[-64.30521,-24.58364],[-64.2996,-24.58732],[-64.29668,-24.58102],[-64.29239,-24.58171],[-64.29015,-24.57948],[-64.28836,-24.57608],[-64.28394,-24.57888],[-64.2798,-24.5779],[-64.27771,-24.57581],[-64.27578,-24.56948],[-64.27197,-24.5693],[-64.26798,-24.56656],[-64.26823,-24.56494],[-64.26618,-24.5629],[-64.2675,-24.56053],[-64.26434,-24.55824],[-64.2623,-24.56044],[-64.2629,-24.56661],[-64.259,-24.56791],[-64.25033,-24.56914],[-64.25023,-24.56593],[-64.25347,-24.55833],[-64.25162,-24.55932],[-64.25008,-24.56399],[-64.24547,-24.56022],[-64.24577,-24.55725],[-64.24462,-24.55478],[-64.23207,-24.55881],[-64.22597,-24.55407],[-64.22222,-24.55689],[-64.21654,-24.55137],[-64.21421,-24.55011],[-64.20792,-24.55436],[-64.20606,-24.56103],[-64.20394,-24.56087],[-64.20216,-24.56197],[-64.20252,-24.56493],[-64.19868,-24.56587],[-64.19202,-24.56925],[-64.18782,-24.56668],[-64.18956,-24.5608],[-64.18846,-24.55581],[-64.18577,-24.55171],[-64.18146,-24.54912],[-64.17747,-24.54919],[-64.16953,-24.55293],[-64.16564,-24.55138],[-64.1804,-24.61758],[-64.17715,-24.61805],[-64.17514,-24.61396],[-64.17384,-24.61364],[-64.16662,-24.62003],[-64.16995,-24.62895],[-64.16567,-24.63036],[-64.1315,-24.62692],[-64.11293,-24.61105],[-64.12262,-24.66863],[-64.13839,-24.66734],[-64.13935,-24.67304],[-64.12358,-24.67433],[-64.12598,-24.68856],[-64.13058,-24.68885],[-64.13366,-24.69071],[-64.13612,-24.69775],[-64.13638,-24.7034],[-64.14177,-24.70434],[-64.14584,-24.72219],[-64.14874,-24.72285],[-64.16094,-24.79031],[-64.19287,-24.7904],[-64.19703,-24.8146],[-64.26668,-24.80176],[-64.42133,-24.97813],[-64.42705,-24.97599],[-64.46087,-25.00433],[-64.46373,-25.00961],[-64.4597,-25.01489],[-64.44788,-25.01905],[-64.44859,-25.02109],[-64.45145,-25.02399],[-64.45445,-25.0251],[-64.45389,-25.02821],[-64.45624,-25.02943],[-64.45527,-25.03301],[-64.45736,-25.03434],[-64.45861,-25.03926],[-64.45584,-25.03983],[-64.45636,-25.05072],[-64.45395,-25.05452],[-64.45543,-25.06243],[-64.46346,-25.06108],[-64.46759,-25.05598],[-64.47013,-25.05723],[-64.47284,-25.06051],[-64.47578,-25.06],[-64.47764,-25.06118],[-64.47916,-25.06391],[-64.47488,-25.06549],[-64.47468,-25.06724],[-64.47559,-25.06815],[-64.47796,-25.06804],[-64.4791,-25.06898],[-64.47722,-25.06977],[-64.47781,-25.07141],[-64.47573,-25.07186],[-64.47546,-25.07341],[-64.47623,-25.07418],[-64.47964,-25.07415],[-64.48141,-25.07215],[-64.48275,-25.07309],[-64.48278,-25.07516],[-64.48062,-25.07707],[-64.48159,-25.07888],[-64.48385,-25.07756],[-64.48716,-25.07736],[-64.48803,-25.07881],[-64.48604,-25.07901],[-64.48605,-25.08013],[-64.48935,-25.08104],[-64.48952,-25.08449],[-64.49312,-25.08104],[-64.49413,-25.08195],[-64.49399,-25.08631],[-64.49628,-25.08771],[-64.50349,-25.08672],[-64.5038,-25.08922],[-64.50563,-25.09035],[-64.5089,-25.09],[-64.51084,-25.08776],[-64.50885,-25.08555],[-64.51088,-25.08461],[-64.5118,-25.08633],[-64.51485,-25.08816],[-64.51861,-25.08658],[-64.51828,-25.08458],[-64.51396,-25.08386],[-64.51155,-25.08113],[-64.51636,-25.07937],[-64.51694,-25.08121],[-64.52191,-25.08112],[-64.52305,-25.08006],[-64.52178,-25.07882],[-64.52419,-25.07359],[-64.52561,-25.07376],[-64.52657,-25.07495],[-64.52827,-25.07424],[-64.52963,-25.07227],[-64.53073,-25.0725],[-64.5323,-25.07477],[-64.53366,-25.07502],[-64.53688,-25.09321],[-64.54987,-25.0916],[-64.5545,-25.10254],[-64.56171,-25.1159],[-64.56414,-25.12264],[-64.56478,-25.12799],[-64.5811,-25.12689],[-64.58053,-25.13127],[-64.58363,-25.1349],[-64.58319,-25.13759],[-64.58593,-25.13856],[-64.58628,-25.14368],[-64.58509,-25.14539],[-64.58609,-25.14734],[-64.58474,-25.14998],[-64.58574,-25.15028],[-64.58555,-25.15113],[-64.58341,-25.15376],[-64.58274,-25.15913],[-64.58324,-25.16143],[-64.58086,-25.1646],[-64.58102,-25.1653],[-64.58363,-25.16626],[-64.57837,-25.17276],[-64.5592,-25.1768],[-64.54857,-25.19287],[-64.5502,-25.19993],[-64.5711,-25.19537],[-64.58808,-25.19567],[-64.59315,-25.19678],[-64.56146,-25.28056],[-64.55761,-25.28684],[-64.56054,-25.28676],[-64.56141,-25.28875],[-64.56293,-25.28993],[-64.56092,-25.29371],[-64.56188,-25.2947],[-64.56435,-25.29433],[-64.56501,-25.29557],[-64.56372,-25.29901],[-64.56245,-25.30029],[-64.56468,-25.30243],[-64.56469,-25.30438],[-64.56632,-25.3052],[-64.5663,-25.30715],[-64.56968,-25.30634],[-64.57125,-25.30774],[-64.5711,-25.30931],[-64.56937,-25.31141],[-64.57089,-25.31489],[-64.57275,-25.3162],[-64.57585,-25.315],[-64.57784,-25.31514],[-64.57811,-25.31761],[-64.5809,-25.31946],[-64.58448,-25.32457],[-64.58604,-25.32453],[-64.58668,-25.32296],[-64.58885,-25.32499],[-64.59111,-25.32423],[-64.59204,-25.3248],[-64.59045,-25.3299],[-64.59186,-25.33111],[-64.59468,-25.33057],[-64.59455,-25.33287],[-64.59315,-25.3338],[-64.59456,-25.33523],[-64.59401,-25.33712],[-64.59512,-25.33776],[-64.59832,-25.33675],[-64.60001,-25.3379],[-64.60094,-25.34122],[-64.60046,-25.34326],[-64.6063,-25.34603],[-64.6081,-25.3493],[-64.60766,-25.35084],[-64.60895,-25.35347],[-64.61224,-25.35378],[-64.61375,-25.35518],[-64.61653,-25.3548],[-64.61652,-25.35937],[-64.62051,-25.36256],[-64.6228,-25.36239],[-64.62416,-25.36508],[-64.62598,-25.36346],[-64.62843,-25.36475],[-64.62928,-25.36267],[-64.63147,-25.36298],[-64.63224,-25.36238],[-64.63624,-25.36397],[-64.63985,-25.36397],[-64.6412,-25.36155],[-64.64866,-25.3672],[-64.65055,-25.36748],[-64.6518,-25.36567],[-64.65474,-25.36635],[-64.65594,-25.36524],[-64.65915,-25.36725],[-64.66074,-25.36995],[-64.6636,-25.36976],[-64.66576,-25.37155],[-64.66686,-25.37156],[-64.66968,-25.36951],[-64.67382,-25.36972],[-64.67598,-25.37159],[-64.67656,-25.37484],[-64.67803,-25.37554],[-64.6833,-25.37585],[-64.6834,-25.37119],[-64.68711,-25.37096],[-64.69322,-25.37326],[-64.6941,-25.37534],[-64.69652,-25.37579],[-64.70034,-25.37851],[-64.70475,-25.37971],[-64.71055,-25.37929],[-64.71632,-25.37351],[-64.71835,-25.37491],[-64.72182,-25.37463],[-64.72417,-25.37664],[-64.72765,-25.37637],[-64.72888,-25.3721],[-64.7316,-25.37152],[-64.7333,-25.3727],[-64.73548,-25.37272],[-64.73847,-25.36869],[-64.7401,-25.36767],[-64.74722,-25.36794],[-64.75218,-25.37148],[-64.75496,-25.36935],[-64.7578,-25.37015],[-64.75958,-25.36775],[-64.76256,-25.36933],[-64.76447,-25.36839],[-64.76884,-25.36912],[-64.77266,-25.36734],[-64.77526,-25.36896],[-64.77697,-25.36888],[-64.7776,-25.36785],[-64.77659,-25.36422],[-64.77984,-25.36196],[-64.78101,-25.35963],[-64.78469,-25.35755],[-64.7872,-25.3583],[-64.79186,-25.35774],[-64.79371,-25.35866],[-64.79625,-25.35682],[-64.79737,-25.35402],[-64.80207,-25.35449],[-64.80529,-25.35011],[-64.81068,-25.34891],[-64.81908,-25.35027],[-64.82337,-25.34884],[-64.8251,-25.34691],[-64.82858,-25.34512],[-64.83007,-25.33857],[-64.83394,-25.33635],[-64.83691,-25.3296],[-64.84108,-25.32591],[-64.84149,-25.3204],[-64.84772,-25.31849],[-64.84959,-25.31441],[-64.85857,-25.30993],[-64.86097,-25.31018],[-64.86269,-25.30843],[-64.86592,-25.3096],[-64.86664,-25.30572],[-64.86962,-25.30271],[-64.87488,-25.3001],[-64.88329,-25.29853],[-64.88256,-25.29346],[-64.88341,-25.28985],[-64.88479,-25.28775],[-64.8865,-25.28657],[-64.89018,-25.28695],[-64.89378,-25.28592],[-64.89541,-25.28241],[-64.89423,-25.27843],[-64.89426,-25.27534],[-64.89129,-25.27166],[-64.8908,-25.2669],[-64.89441,-25.26472],[-64.89482,-25.26151],[-64.89655,-25.25804],[-64.89587,-25.25314],[-64.89371,-25.2505],[-64.89414,-25.24429],[-64.89949,-25.24014],[-64.89986,-25.23568],[-64.9033,-25.23503],[-64.90536,-25.23226],[-64.90907,-25.2294],[-64.90941,-25.22453],[-64.91067,-25.22025],[-64.91474,-25.21833],[-64.91587,-25.21663],[-64.91627,-25.2129],[-64.91437,-25.21091],[-64.91464,-25.20973],[-64.91758,-25.20627],[-64.922,-25.2069],[-64.92338,-25.20533],[-64.92531,-25.20471],[-64.92513,-25.20337],[-64.92213,-25.20096],[-64.92514,-25.19883],[-64.92884,-25.19359],[-64.93249,-25.19308],[-64.9314,-25.19143],[-64.93471,-25.18826],[-64.93417,-25.18248],[-64.93634,-25.17975],[-64.93566,-25.17675],[-64.93674,-25.17505],[-64.94943,-25.17125],[-64.95209,-25.1668],[-64.95763,-25.16187],[-64.9595,-25.16239],[-64.9607,-25.16505],[-64.96273,-25.16489],[-64.9646,-25.16615],[-64.96598,-25.16425],[-64.96827,-25.16319],[-64.97263,-25.15465],[-64.97627,-25.15465],[-64.97665,-25.15253],[-64.97583,-25.15048],[-64.97661,-25.14879],[-64.93091,-25.13294],[-64.92643,-25.13032],[-64.92043,-25.12375],[-64.91723,-25.12164],[-64.91412,-25.12045],[-64.91157,-25.11834],[-64.90507,-25.11637],[-64.90087,-25.11391],[-64.90117,-25.11099],[-64.90446,-25.10919],[-64.90672,-25.10618],[-64.90701,-25.10426],[-64.90601,-25.08336],[-64.90653,-25.07601],[-64.90446,-25.07165],[-64.90577,-25.06915],[-64.90524,-25.0663],[-64.90609,-25.05344],[-64.90594,-25.03922],[-64.90234,-25.03126],[-64.90065,-25.02498],[-64.90154,-25.01821],[-64.89926,-25.01694],[-64.89244,-25.00962],[-64.89149,-25.00309],[-64.88638,-25.00029],[-64.88417,-25.00103],[-64.88185,-25.00411],[-64.88089,-25.00953],[-64.87318,-25.01934],[-64.86848,-25.02214],[-64.86471,-25.0232],[-64.85646,-25.02222],[-64.84726,-25.01563],[-64.84092,-25.00688],[-64.83165,-24.99703],[-64.82432,-24.98703],[-64.81992,-24.97746],[-64.81801,-24.97528],[-64.81498,-24.96673],[-64.81539,-24.9618],[-64.81868,-24.9538],[-64.82576,-24.95135],[-64.82706,-24.94994],[-64.82763,-24.94718],[-64.82642,-24.94024],[-64.81454,-24.92576],[-64.81413,-24.92108],[-64.80713,-24.91517],[-64.80334,-24.90938],[-64.79716,-24.90672],[-64.79587,-24.89806],[-64.80116,-24.8912],[-64.80259,-24.88532],[-64.80238,-24.87942],[-64.79851,-24.86722],[-64.79758,-24.84928],[-64.79795,-24.83962],[-64.79936,-24.83625],[-64.81026,-24.83195],[-64.81263,-24.82758],[-64.81159,-24.8213],[-64.80741,-24.81349],[-64.80757,-24.81098],[-64.80621,-24.80909],[-64.79719,-24.80412],[-64.79557,-24.8016],[-64.79518,-24.79896],[-64.7959,-24.79583],[-64.80033,-24.79211],[-64.80079,-24.78709],[-64.79988,-24.78232],[-64.80059,-24.77969],[-64.79902,-24.77165],[-64.79425,-24.76735],[-64.77965,-24.7572],[-64.77871,-24.7548],[-64.77838,-24.74652],[-64.77527,-24.74439],[-64.77431,-24.74147],[-64.77068,-24.73966],[-64.76874,-24.73605],[-64.76814,-24.73279],[-64.75921,-24.72655],[-64.74883,-24.72132],[-64.74283,-24.71701],[-64.73578,-24.70792],[-64.72989,-24.70636],[-64.72799,-24.70496],[-64.72234,-24.69702],[-64.72155,-24.69325],[-64.71893,-24.69056],[-64.71681,-24.67374],[-64.71384,-24.66886],[-64.7146,-24.65767],[-64.71153,-24.65346],[-64.70953,-24.65261],[-64.7031,-24.64595],[-64.70257,-24.64444],[-64.70471,-24.64103],[-64.70472,-24.6397],[-64.70364,-24.6386],[-64.69152,-24.63382],[-64.68744,-24.63102],[-64.68306,-24.6299],[-64.67081,-24.62407],[-64.6504,-24.61917],[-64.63994,-24.61113],[-64.6362,-24.60912],[-64.63168,-24.60793],[-64.62842,-24.60564],[-64.61999,-24.59903],[-64.61796,-24.59626],[-64.6152,-24.59584],[-64.61318,-24.59387],[-64.60252,-24.58868],[-64.59386,-24.58343],[-64.58613,-24.585],[-64.58254,-24.58442],[-64.57729,-24.58288],[-64.57521,-24.58062],[-64.56526,-24.57566],[-64.56317,-24.57753],[-64.56013,-24.57723],[-64.55631,-24.57158],[-64.55579,-24.56641],[-64.55457,-24.56319],[-64.55044,-24.55889],[-64.54988,-24.55307],[-64.54497,-24.53857],[-64.54579,-24.53211],[-64.54158,-24.52422],[-64.54043,-24.51752],[-64.53728,-24.51301],[-64.53576,-24.50762],[-64.53402,-24.50684],[-64.53265,-24.50485],[-64.53097,-24.50445],[-64.52715,-24.50549],[-64.52489,-24.50814],[-64.52276,-24.50784],[-64.51869,-24.50517],[-64.5,-24.50637],[-64.49921,-24.50358],[-64.49743,-24.50267],[-64.49648,-24.50088],[-64.49365,-24.49311],[-64.49161,-24.48171],[-64.48648,-24.4746],[-64.48331,-24.46677],[-64.48188,-24.46512],[-64.47679,-24.4626],[-64.47275,-24.46278],[-64.46558,-24.46578],[-64.45676,-24.46365],[-64.45337,-24.46087],[-64.45068,-24.45404],[-64.44252,-24.44789],[-64.44024,-24.45106],[-64.43973,-24.45472]]]]}},{"type":"Feature","properties":{"nombre":"Los Toldos"},"geometry":{"type":"MultiPolygon","coordinates":[[[[-64.74717,-22.18655],[-64.74407,-22.1899],[-64.73953,-22.19163],[-64.73685,-22.1939],[-64.73391,-22.19371],[-64.73119,-22.19503],[-64.72826,-22.19417],[-64.72336,-22.1951],[-64.72201,-22.19651],[-64.71564,-22.19242],[-64.71348,-22.19237],[-64.71205,-22.18996],[-64.71073,-22.1893],[-64.70575,-22.19029],[-64.70238,-22.18928],[-64.70085,-22.19043],[-64.6966,-22.18873],[-64.68226,-22.18647],[-64.6797,-22.18853],[-64.67299,-22.18909],[-64.66127,-22.19558],[-64.65909,-22.19563],[-64.65562,-22.19414],[-64.65167,-22.18949],[-64.64219,-22.19382],[-64.63904,-22.19371],[-64.63614,-22.19779],[-64.63554,-22.20041],[-64.63111,-22.20212],[-64.62578,-22.20225],[-64.62396,-22.20795],[-64.62118,-22.20692],[-64.61996,-22.20455],[-64.6171,-22.20516],[-64.61665,-22.20987],[-64.61767,-22.21133],[-64.61441,-22.21447],[-64.61355,-22.2173],[-64.61015,-22.21844],[-64.60594,-22.22358],[-64.60244,-22.22597],[-64.60174,-22.23064],[-64.59983,-22.2331],[-64.59871,-22.2407],[-64.59708,-22.24224],[-64.59451,-22.24254],[-64.59303,-22.24664],[-64.57956,-22.25057],[-64.57535,-22.25308],[-64.57326,-22.25546],[-64.5662,-22.25988],[-64.56025,-22.26571],[-64.55514,-22.26769],[-64.53982,-22.28106],[-64.5368,-22.28679],[-64.53631,-22.29039],[-64.5369,-22.29356],[-64.54045,-22.30279],[-64.54583,-22.31118],[-64.54685,-22.3161],[-64.55026,-22.3193],[-64.55705,-22.31905],[-64.56253,-22.32173],[-64.56419,-22.32347],[-64.56458,-22.33173],[-64.56662,-22.3378],[-64.56507,-22.34139],[-64.56475,-22.34799],[-64.56129,-22.35036],[-64.56095,-22.35194],[-64.56535,-22.35737],[-64.56515,-22.3593],[-64.56369,-22.36055],[-64.56637,-22.36548],[-64.56621,-22.37104],[-64.56116,-22.37736],[-64.5602,-22.38009],[-64.55598,-22.3824],[-64.55098,-22.38782],[-64.53513,-22.39558],[-64.53095,-22.399],[-64.52765,-22.40317],[-64.52283,-22.40601],[-64.51876,-22.41004],[-64.51285,-22.41254],[-64.51275,-22.4166],[-64.51407,-22.42229],[-64.51849,-22.42805],[-64.5251,-22.43919],[-64.52524,-22.44081],[-64.52386,-22.44237],[-64.51984,-22.44453],[-64.51512,-22.44545],[-64.51106,-22.44524],[-64.4995,-22.43949],[-64.4954,-22.43511],[-64.4921,-22.43595],[-64.4906,-22.43766],[-64.4897,-22.44253],[-64.49039,-22.45214],[-64.48944,-22.45744],[-64.47939,-22.46183],[-64.47504,-22.4674],[-64.47452,-22.4691],[-64.48301,-22.47416],[-64.48419,-22.47771],[-64.48328,-22.4802],[-64.48169,-22.48109],[-64.48507,-22.48502],[-64.48628,-22.48938],[-64.48885,-22.49291],[-64.48945,-22.49593],[-64.49105,-22.49778],[-64.49188,-22.50364],[-64.49466,-22.50517],[-64.49715,-22.50787],[-64.49818,-22.51223],[-64.49797,-22.5149],[-64.50251,-22.51954],[-64.50347,-22.52198],[-64.50263,-22.52531],[-64.50091,-22.52572],[-64.49955,-22.52712],[-64.49986,-22.53114],[-64.49505,-22.53486],[-64.49393,-22.53911],[-64.49444,-22.54171],[-64.49607,-22.54322],[-64.50069,-22.54426],[-64.50209,-22.54617],[-64.50226,-22.54766],[-64.50063,-22.55021],[-64.50025,-22.55252],[-64.5046,-22.56099],[-64.50173,-22.58014],[-64.50488,-22.58472],[-64.50816,-22.59458],[-64.50447,-22.59819],[-64.50346,-22.60099],[-64.50331,-22.60677],[-64.50523,-22.60993],[-64.51668,-22.61693],[-64.522,-22.62236],[-64.52431,-22.62882],[-64.52925,-22.63204],[-64.53046,-22.63454],[-64.53498,-22.63776],[-64.53504,-22.6415],[-64.53368,-22.64341],[-64.53384,-22.64726],[-64.53569,-22.64919],[-64.54406,-22.65033],[-64.54507,-22.65206],[-64.54704,-22.66169],[-64.54858,-22.66295],[-64.55116,-22.66422],[-64.55653,-22.66475],[-64.56549,-22.66954],[-64.57376,-22.67086],[-64.57712,-22.67235],[-64.57751,-22.67366],[-64.57913,-22.67484],[-64.58426,-22.67606],[-64.58678,-22.67421],[-64.59446,-22.67509],[-64.59654,-22.67271],[-64.59842,-22.66706],[-64.59949,-22.66609],[-64.60992,-22.66852],[-64.61304,-22.67228],[-64.62188,-22.67947],[-64.62891,-22.68912],[-64.63801,-22.71395],[-64.64606,-22.72003],[-64.6519,-22.72184],[-64.65341,-22.72386],[-64.65274,-22.72778],[-64.65325,-22.7308],[-64.65705,-22.73885],[-64.6634,-22.74392],[-64.66901,-22.75083],[-64.67562,-22.75699],[-64.67994,-22.75819],[-64.6822,-22.75721],[-64.68784,-22.76085],[-64.69291,-22.75888],[-64.69903,-22.76019],[-64.71153,-22.76839],[-64.73334,-22.78986],[-64.74316,-22.79763],[-64.75907,-22.80308],[-64.77803,-22.80799],[-64.79555,-22.80126],[-64.79402,-22.79619],[-64.79489,-22.79285],[-64.79385,-22.78711],[-64.7909,-22.77752],[-64.7855,-22.77186],[-64.78093,-22.76138],[-64.77849,-22.7588],[-64.77539,-22.75764],[-64.77179,-22.75747],[-64.76688,-22.75181],[-64.76056,-22.74018],[-64.75779,-22.73825],[-64.75331,-22.73322],[-64.76562,-22.58207],[-64.77122,-22.57778],[-64.77337,-22.57277],[-64.77913,-22.56765],[-64.78005,-22.56542],[-64.7798,-22.55956],[-64.77713,-22.55591],[-64.7807,-22.5424],[-64.78106,-22.5357],[-64.78381,-22.53056],[-64.78789,-22.52751],[-64.79093,-22.52405],[-64.79247,-22.51917],[-64.79414,-22.51723],[-64.79464,-22.51235],[-64.79616,-22.51041],[-64.79918,-22.50861],[-64.8004,-22.50667],[-64.80839,-22.50324],[-64.81054,-22.49809],[-64.81915,-22.49229],[-64.824,-22.48702],[-64.82492,-22.48424],[-64.82946,-22.48078],[-64.83509,-22.47258],[-64.84218,-22.46803],[-64.84564,-22.46735],[-64.84321,-22.46589],[-64.8062,-22.41633],[-64.80103,-22.41164],[-64.80608,-22.40683],[-64.80097,-22.40688],[-64.80094,-22.40451],[-64.79583,-22.40456],[-64.79586,-22.40694],[-64.79075,-22.407],[-64.79078,-22.40937],[-64.78311,-22.40946],[-64.78314,-22.41183],[-64.77803,-22.41189],[-64.778,-22.40951],[-64.77541,-22.40716],[-64.77544,-22.40954],[-64.77289,-22.40957],[-64.77033,-22.4096],[-64.7703,-22.40722],[-64.76775,-22.40725],[-64.76778,-22.40962],[-64.76522,-22.40965],[-64.76525,-22.41203],[-64.76271,-22.41205],[-64.7641,-22.41012],[-64.76392,-22.40901],[-64.77015,-22.40216],[-64.77137,-22.40226],[-64.77109,-22.40164],[-64.77342,-22.40053],[-64.77303,-22.39921],[-64.78676,-22.38307],[-64.79256,-22.37927],[-64.80141,-22.3632],[-64.81347,-22.35461],[-64.80809,-22.33115],[-64.82513,-22.30561],[-64.82558,-22.30361],[-64.80446,-22.26692],[-64.79604,-22.26742],[-64.78814,-22.25891],[-64.78734,-22.24173],[-64.78889,-22.22943],[-64.79012,-22.19912],[-64.78724,-22.19885],[-64.78721,-22.19648],[-64.78204,-22.19178],[-64.77691,-22.18946],[-64.77433,-22.18711],[-64.77178,-22.18714],[-64.7692,-22.18479],[-64.74879,-22.18501],[-64.74717,-22.18655]]]]}},{"type":"Feature","properties":{"nombre":"Molinos"},"geometry":{"type":"MultiPolygon","coordinates":[[[[-66.3781,-25.36065],[-66.23688,-25.37121],[-66.20953,-25.36549],[-66.18535,-25.35296],[-66.16505,-25.3596],[-66.14976,-25.35292],[-66.14287,-25.35358],[-66.12666,-25.35954],[-66.12212,-25.35546],[-66.09486,-25.35895],[-66.09253,-25.36255],[-66.06982,-25.36234],[-66.06809,-25.36459],[-66.05545,-25.36682],[-66.04634,-25.37042],[-66.01019,-25.37688],[-66.00989,-25.37884],[-66.01306,-25.38719],[-66.01908,-25.41269],[-66.02427,-25.42858],[-66.02393,-25.43637],[-66.02497,-25.44036],[-66.02527,-25.44881],[-66.02644,-25.45215],[-66.03347,-25.45453],[-66.05716,-25.45509],[-66.06204,-25.45688],[-66.06682,-25.45546],[-66.08137,-25.45743],[-66.08551,-25.45932],[-66.08834,-25.45888],[-66.09294,-25.45634],[-66.10033,-25.45648],[-66.10208,-25.4551],[-66.1072,-25.45452],[-66.10876,-25.45676],[-66.11155,-25.45698],[-66.11371,-25.4552],[-66.12114,-25.45432],[-66.12249,-25.45265],[-66.12945,-25.45399],[-66.14039,-25.45441],[-66.14751,-25.45582],[-66.15518,-25.45959],[-66.15865,-25.46204],[-66.16456,-25.46878],[-66.17671,-25.47309],[-66.19088,-25.48213],[-66.1956,-25.48337],[-66.2198,-25.48548],[-66.2296,-25.48423],[-66.23371,-25.48227],[-66.23787,-25.48195],[-66.24347,-25.48388],[-66.2525,-25.49007],[-66.26428,-25.49352],[-66.27706,-25.49571],[-66.28376,-25.50195],[-66.29256,-25.50435],[-66.29977,-25.50772],[-66.30378,-25.51086],[-66.29734,-25.52051],[-66.29582,-25.52926],[-66.29637,-25.53604],[-66.3013,-25.55],[-66.30839,-25.55871],[-66.31217,-25.55947],[-66.31599,-25.5615],[-66.32625,-25.56388],[-66.33879,-25.56313],[-66.34579,-25.5652],[-66.349,-25.5681],[-66.34606,-25.57129],[-66.3458,-25.5737],[-66.34797,-25.58213],[-66.34807,-25.59589],[-66.34711,-25.59885],[-66.34138,-25.60343],[-66.34005,-25.60949],[-66.34207,-25.62956],[-66.3412,-25.63461],[-66.33865,-25.63846],[-66.32201,-25.6492],[-66.31989,-25.65453],[-66.3199,-25.65937],[-66.32336,-25.67191],[-66.32797,-25.68282],[-66.32799,-25.68766],[-66.32667,-25.6925],[-66.32706,-25.6985],[-66.32513,-25.70452],[-66.32691,-25.70908],[-66.32596,-25.71717],[-66.32712,-25.72238],[-66.32687,-25.72767],[-66.32812,-25.73556],[-66.32585,-25.74113],[-66.32922,-25.7491],[-66.32951,-25.75418],[-66.32837,-25.75747],[-66.33431,-25.76083],[-66.34078,-25.77448],[-66.34803,-25.78583],[-66.3459,-25.79365],[-66.34662,-25.79677],[-66.34575,-25.81182],[-66.34421,-25.82016],[-66.34285,-25.82477],[-66.34184,-25.82563],[-66.3417,-25.83363],[-66.33709,-25.83662],[-66.33604,-25.83914],[-66.33155,-25.84447],[-66.33145,-25.84641],[-66.33056,-25.84721],[-66.33217,-25.85794],[-66.33244,-25.86661],[-66.33378,-25.86943],[-66.34585,-25.87989],[-66.35103,-25.8821],[-66.35567,-25.88128],[-66.36214,-25.88348],[-66.36892,-25.91291],[-66.37229,-25.92056],[-66.37225,-25.92628],[-66.37484,-25.93156],[-66.38237,-25.93526],[-66.38067,-25.95206],[-66.37811,-25.95527],[-66.37284,-25.97115],[-66.37262,-25.97516],[-66.37517,-25.98036],[-66.37358,-25.98188],[-66.37165,-25.98806],[-66.5954,-25.90443],[-66.80137,-26.01649],[-66.80867,-26.01277],[-66.81426,-26.00681],[-66.81794,-26.00203],[-66.81815,-26.00061],[-66.82248,-25.99892],[-66.82703,-25.99529],[-66.8331,-25.98686],[-66.83667,-25.98448],[-66.83974,-25.97938],[-66.84346,-25.97734],[-66.84497,-25.97245],[-66.84663,-25.97007],[-66.84357,-25.96402],[-66.84476,-25.95523],[-66.84457,-25.95098],[-66.85058,-25.94496],[-66.84793,-25.93721],[-66.84788,-25.93354],[-66.85195,-25.92057],[-66.85318,-25.91356],[-66.84933,-25.90991],[-66.84806,-25.90648],[-66.84836,-25.90065],[-66.84969,-25.89814],[-66.84946,-25.89708],[-66.84668,-25.89353],[-66.84517,-25.88744],[-66.84334,-25.88526],[-66.8431,-25.88383],[-66.83926,-25.88066],[-66.84071,-25.87741],[-66.84667,-25.83981],[-66.84643,-25.83267],[-66.84786,-25.82696],[-66.84757,-25.79627],[-66.84976,-25.78429],[-66.85611,-25.77423],[-66.86117,-25.77061],[-66.86457,-25.77054],[-66.8683,-25.76851],[-66.87071,-25.76822],[-66.87357,-25.76619],[-66.87081,-25.76371],[-66.8707,-25.75986],[-66.8657,-25.75201],[-66.86316,-25.74286],[-66.86071,-25.73892],[-66.85855,-25.73806],[-66.85752,-25.73542],[-66.85428,-25.73178],[-66.85048,-25.72114],[-66.84333,-25.71263],[-66.83079,-25.70601],[-66.81288,-25.70013],[-66.80173,-25.69881],[-66.78928,-25.69936],[-66.75937,-25.70604],[-66.75463,-25.70635],[-66.74,-25.70578],[-66.73226,-25.70396],[-66.71765,-25.70513],[-66.69125,-25.70366],[-66.68393,-25.70614],[-66.67594,-25.71026],[-66.65174,-25.71246],[-66.64858,-25.71203],[-66.64286,-25.69698],[-66.63596,-25.68821],[-66.63656,-25.68312],[-66.63454,-25.67545],[-66.63151,-25.66972],[-66.63146,-25.66566],[-66.63314,-25.66275],[-66.63127,-25.65968],[-66.63041,-25.65437],[-66.62559,-25.65194],[-66.62312,-25.64874],[-66.6233,-25.64695],[-66.61752,-25.64302],[-66.61411,-25.64319],[-66.61183,-25.64184],[-66.61115,-25.63831],[-66.60836,-25.63529],[-66.60646,-25.62867],[-66.60161,-25.62676],[-66.59623,-25.6272],[-66.58429,-25.62473],[-66.57711,-25.62618],[-66.5639,-25.62176],[-66.56477,-25.61713],[-66.5647,-25.61031],[-66.56357,-25.60166],[-66.567,-25.59963],[-66.56845,-25.59187],[-66.57277,-25.58672],[-66.56893,-25.58161],[-66.56858,-25.57857],[-66.56345,-25.56429],[-66.5559,-25.55879],[-66.55245,-25.5576],[-66.54804,-25.55475],[-66.54579,-25.54996],[-66.54412,-25.54861],[-66.539,-25.54071],[-66.53456,-25.53651],[-66.54281,-25.52239],[-66.54198,-25.51846],[-66.53941,-25.51374],[-66.54097,-25.51],[-66.53636,-25.50429],[-66.5321,-25.50062],[-66.53222,-25.49098],[-66.53351,-25.48496],[-66.53305,-25.4798],[-66.53525,-25.46226],[-66.53084,-25.45619],[-66.52293,-25.45303],[-66.52103,-25.45085],[-66.51881,-25.44428],[-66.51855,-25.44033],[-66.52104,-25.4303],[-66.52104,-25.4234],[-66.5227,-25.41591],[-66.52449,-25.41246],[-66.52449,-25.41044],[-66.53032,-25.39997],[-66.53115,-25.39544],[-66.5335,-25.3903],[-66.53449,-25.38575],[-66.53436,-25.37558],[-66.5371,-25.37248],[-66.539,-25.37165],[-66.54138,-25.37165],[-66.54757,-25.36891],[-66.55126,-25.36856],[-66.5763,-25.3732],[-66.58957,-25.37236],[-66.59944,-25.36308],[-66.5998,-25.36194],[-66.59718,-25.35714],[-66.59421,-25.35464],[-66.58839,-25.34498],[-66.3781,-25.36065]]]]}},{"type":"Feature","properties":{"nombre":"Nazareno"},"geometry":{"type":"MultiPolygon","coordinates":[[[[-65.17627,-22.34828],[-65.08164,-22.37502],[-65.08162,-22.37031],[-65.07898,-22.36792],[-65.07894,-22.36555],[-65.06348,-22.35624],[-65.04886,-22.35306],[-65.04357,-22.35494],[-65.03239,-22.36142],[-65.03034,-22.36141],[-65.01662,-22.35314],[-65.00986,-22.35474],[-65.00548,-22.3528],[-64.9993,-22.35549],[-64.99782,-22.35766],[-64.98988,-22.36171],[-64.99188,-22.36908],[-64.97187,-22.37932],[-64.97005,-22.38776],[-64.96058,-22.39888],[-64.95645,-22.40158],[-64.95323,-22.40101],[-64.95238,-22.398],[-64.94302,-22.39385],[-64.93978,-22.39574],[-64.93093,-22.40386],[-64.92618,-22.41147],[-64.91823,-22.41496],[-64.90997,-22.4209],[-64.89318,-22.43087],[-64.8876,-22.43193],[-64.88112,-22.43488],[-64.87234,-22.43264],[-64.85944,-22.432],[-64.8553,-22.43606],[-64.84445,-22.43653],[-64.83456,-22.43518],[-64.83197,-22.43268],[-64.82941,-22.43271],[-64.82683,-22.43036],[-64.82674,-22.42323],[-64.82418,-22.42326],[-64.82415,-22.42089],[-64.81904,-22.42094],[-64.81901,-22.41857],[-64.81645,-22.4186],[-64.81387,-22.41625],[-64.8062,-22.41633],[-64.84321,-22.46589],[-64.84563,-22.46735],[-64.85074,-22.46823],[-64.85178,-22.47033],[-64.84964,-22.47464],[-64.84661,-22.47713],[-64.8467,-22.48537],[-64.84842,-22.4946],[-64.84788,-22.50548],[-64.84964,-22.5108],[-64.84855,-22.51568],[-64.84168,-22.52847],[-64.83668,-22.53318],[-64.83135,-22.54207],[-64.8256,-22.54594],[-64.82196,-22.54996],[-64.82134,-22.55233],[-64.81967,-22.55455],[-64.81786,-22.55594],[-64.81127,-22.57027],[-64.80641,-22.57581],[-64.80874,-22.58449],[-64.81201,-22.58898],[-64.82807,-22.59161],[-64.8402,-22.59826],[-64.84379,-22.5994],[-64.85494,-22.59738],[-64.86453,-22.60066],[-64.86769,-22.60069],[-64.87522,-22.59934],[-64.87808,-22.59811],[-64.88051,-22.59589],[-64.88218,-22.59283],[-64.88298,-22.58781],[-64.88435,-22.58573],[-64.89099,-22.582],[-64.89403,-22.58286],[-64.90106,-22.58258],[-64.90555,-22.58395],[-64.90997,-22.58289],[-64.91952,-22.58228],[-64.92661,-22.58442],[-64.93145,-22.58797],[-64.95323,-22.58945],[-64.95511,-22.5903],[-64.96133,-22.59017],[-64.9707,-22.58847],[-64.98532,-22.5838],[-64.98883,-22.58483],[-65.00054,-22.58465],[-65.00306,-22.58383],[-65.01048,-22.57953],[-65.01184,-22.57795],[-65.0169,-22.57589],[-65.02025,-22.57298],[-65.02784,-22.56901],[-65.0322,-22.56294],[-65.03764,-22.55745],[-65.03777,-22.5521],[-65.04159,-22.5471],[-65.04915,-22.54681],[-65.05292,-22.54751],[-65.05763,-22.54436],[-65.05978,-22.54579],[-65.06038,-22.55064],[-65.06153,-22.55224],[-65.06897,-22.55797],[-65.0694,-22.56056],[-65.07413,-22.5672],[-65.07642,-22.57473],[-65.07594,-22.57833],[-65.07754,-22.58285],[-65.07897,-22.58336],[-65.09028,-22.60283],[-65.10189,-22.60448],[-65.10496,-22.60232],[-65.111,-22.6016],[-65.11606,-22.59971],[-65.11939,-22.59973],[-65.15069,-22.60436],[-65.16657,-22.59862],[-65.17243,-22.59838],[-65.17643,-22.59916],[-65.17957,-22.59831],[-65.18299,-22.59849],[-65.18602,-22.59624],[-65.18857,-22.59593],[-65.19207,-22.59299],[-65.19555,-22.59338],[-65.19751,-22.59479],[-65.19983,-22.59464],[-65.20199,-22.59358],[-65.20316,-22.59051],[-65.20829,-22.58644],[-65.21136,-22.58716],[-65.21357,-22.58625],[-65.21726,-22.57992],[-65.22326,-22.57628],[-65.22738,-22.5749],[-65.23289,-22.57509],[-65.24457,-22.57299],[-65.25149,-22.56941],[-65.25892,-22.56778],[-65.26178,-22.56504],[-65.26571,-22.55606],[-65.26873,-22.55473],[-65.27695,-22.5468],[-65.28469,-22.54144],[-65.28878,-22.54214],[-65.2915,-22.54356],[-65.29454,-22.54104],[-65.3024,-22.54417],[-65.30437,-22.5439],[-65.30657,-22.54243],[-65.30861,-22.54384],[-65.31043,-22.54406],[-65.31111,-22.5435],[-65.31137,-22.53809],[-65.31418,-22.53592],[-65.31879,-22.53678],[-65.32208,-22.53433],[-65.34233,-22.52966],[-65.34544,-22.52833],[-65.3473,-22.526],[-65.34678,-22.51942],[-65.34118,-22.51487],[-65.34033,-22.51192],[-65.33804,-22.50851],[-65.33599,-22.50795],[-65.33363,-22.50556],[-65.33098,-22.50169],[-65.32997,-22.49787],[-65.3255,-22.49663],[-65.32367,-22.49178],[-65.32116,-22.48869],[-65.32076,-22.48589],[-65.31992,-22.48496],[-65.31709,-22.48437],[-65.31618,-22.4821],[-65.31276,-22.47908],[-65.30941,-22.47131],[-65.30728,-22.46949],[-65.30569,-22.46662],[-65.30326,-22.45425],[-65.30104,-22.45074],[-65.30124,-22.44673],[-65.29693,-22.43966],[-65.29626,-22.43164],[-65.29776,-22.42765],[-65.2948,-22.423],[-65.2947,-22.41949],[-65.28172,-22.41343],[-65.28194,-22.41102],[-65.28357,-22.40748],[-65.28403,-22.39807],[-65.21326,-22.44709],[-65.23155,-22.40473],[-65.17627,-22.34828]]]]}},{"type":"Feature","properties":{"nombre":"Payogasta"},"geometry":{"type":"MultiPolygon","coordinates":[[[[-66.07019,-24.75085],[-66.06609,-24.75064],[-66.06159,-24.75207],[-66.05361,-24.749],[-66.0511,-24.74886],[-66.04105,-24.75277],[-66.02552,-24.75313],[-66.02475,-24.75543],[-66.02322,-24.75653],[-66.02218,-24.76007],[-66.01685,-24.76093],[-66.01602,-24.76218],[-66.01117,-24.76377],[-66.00899,-24.76342],[-66.00612,-24.76413],[-66.00457,-24.76554],[-66.00617,-24.77345],[-66.00576,-24.7766],[-66.00429,-24.78052],[-66.00185,-24.78291],[-66.00166,-24.79851],[-66.00049,-24.80223],[-65.99583,-24.81092],[-65.99613,-24.81587],[-65.9902,-24.82332],[-65.98786,-24.82791],[-65.98712,-24.83182],[-65.9844,-24.8346],[-65.98418,-24.84087],[-65.97874,-24.85274],[-65.97174,-24.8632],[-65.97368,-24.87189],[-65.9731,-24.87561],[-65.97368,-24.87827],[-65.9734,-24.88265],[-65.9696,-24.88695],[-65.97046,-24.8924],[-65.96837,-24.89326],[-65.967,-24.89498],[-65.96629,-24.89758],[-65.96742,-24.89947],[-65.9626,-24.90255],[-65.96145,-24.90443],[-65.95862,-24.90539],[-65.9589,-24.90839],[-65.95735,-24.91176],[-65.95754,-24.91531],[-65.94992,-24.9243],[-65.94981,-24.92602],[-65.94772,-24.92669],[-65.94405,-24.93003],[-65.9414,-24.9309],[-65.93912,-24.93882],[-65.93608,-24.94025],[-65.93274,-24.94063],[-65.9298,-24.93987],[-65.92623,-24.94028],[-65.91981,-24.93514],[-65.91264,-24.9362],[-65.90758,-24.93566],[-65.90155,-24.93619],[-65.88736,-24.9392],[-65.88949,-24.94451],[-65.8889,-24.96117],[-65.89374,-24.97855],[-65.89179,-24.99024],[-65.89217,-24.99645],[-65.89119,-25.00566],[-65.89274,-25.01612],[-65.89234,-25.02002],[-65.88903,-25.03012],[-65.88454,-25.03933],[-65.88085,-25.04287],[-65.87715,-25.04482],[-65.87034,-25.04676],[-65.86683,-25.04889],[-65.86449,-25.05243],[-65.86235,-25.05633],[-65.86197,-25.06125],[-65.85394,-25.07105],[-65.85102,-25.07777],[-65.85023,-25.08752],[-65.84847,-25.09283],[-65.8434,-25.09974],[-65.83989,-25.10753],[-65.83423,-25.11426],[-65.83286,-25.11976],[-65.83407,-25.12651],[-65.83773,-25.12726],[-65.84241,-25.12652],[-65.84954,-25.12709],[-65.85666,-25.13043],[-65.86052,-25.13414],[-65.86234,-25.14544],[-65.86418,-25.14563],[-65.86886,-25.14378],[-65.87191,-25.14378],[-65.87985,-25.14935],[-65.88656,-25.15121],[-65.8886,-25.15418],[-65.88839,-25.15695],[-65.8892,-25.15936],[-65.88635,-25.1614],[-65.88186,-25.16974],[-65.8786,-25.17325],[-65.86903,-25.17566],[-65.85844,-25.18139],[-66.10687,-25.0953],[-66.10983,-25.09675],[-66.11296,-25.09682],[-66.11809,-25.0941],[-66.12394,-25.09358],[-66.13361,-25.08689],[-66.1222,-25.07314],[-66.11639,-25.0685],[-66.11348,-25.06492],[-66.11496,-25.06239],[-66.11102,-25.05792],[-66.1074,-25.05181],[-66.10579,-25.04699],[-66.10585,-25.04329],[-66.10352,-25.03202],[-66.1026,-25.03036],[-66.1056,-25.02584],[-66.10651,-25.02215],[-66.10638,-25.01501],[-66.10729,-25.01192],[-66.11068,-25.00704],[-66.11172,-25.00419],[-66.11132,-24.99967],[-66.11771,-24.99122],[-66.11614,-24.98456],[-66.1194,-24.98336],[-66.12227,-24.98074],[-66.12292,-24.97611],[-66.12735,-24.97111],[-66.12851,-24.96325],[-66.13021,-24.96171],[-66.13242,-24.95766],[-66.13398,-24.95326],[-66.13437,-24.94694],[-66.13927,-24.93603],[-66.14114,-24.93424],[-66.14163,-24.92892],[-66.13939,-24.92893],[-66.13594,-24.93035],[-66.13122,-24.93034],[-66.12869,-24.92973],[-66.11815,-24.92328],[-66.11504,-24.91494],[-66.10848,-24.90865],[-66.10675,-24.90771],[-66.10019,-24.90803],[-66.09709,-24.90693],[-66.09467,-24.90489],[-66.09587,-24.90001],[-66.09415,-24.89765],[-66.0969,-24.89434],[-66.09707,-24.89135],[-66.09862,-24.88962],[-66.1,-24.88521],[-66.10345,-24.88253],[-66.10603,-24.8734],[-66.10762,-24.86322],[-66.1055,-24.85892],[-66.10308,-24.85625],[-66.101,-24.84209],[-66.09686,-24.83627],[-66.09565,-24.8317],[-66.09564,-24.82179],[-66.0977,-24.80731],[-66.09717,-24.79378],[-66.09906,-24.78669],[-66.10354,-24.78181],[-66.11025,-24.76764],[-66.11318,-24.76654],[-66.1159,-24.76194],[-66.11662,-24.75882],[-66.11838,-24.75716],[-66.11954,-24.75457],[-66.11902,-24.75064],[-66.11589,-24.74152],[-66.11169,-24.74139],[-66.10529,-24.73927],[-66.10102,-24.73909],[-66.0971,-24.74019],[-66.09073,-24.74424],[-66.07997,-24.74642],[-66.07019,-24.75085]]]]}},{"type":"Feature","properties":{"nombre":"Pichanal"},"geometry":{"type":"MultiPolygon","coordinates":[[[[-64.1101,-23.26252],[-64.10686,-23.26291],[-64.103,-23.26116],[-64.10173,-23.25943],[-64.10069,-23.25447],[-64.09978,-23.25335],[-64.09794,-23.25315],[-64.09265,-23.25488],[-64.08919,-23.25749],[-64.08336,-23.26467],[-64.08106,-23.27677],[-64.07567,-23.28567],[-64.07565,-23.2995],[-64.07496,-23.30256],[-64.07297,-23.30587],[-64.06896,-23.30821],[-64.0661,-23.30851],[-64.05447,-23.30683],[-64.04652,-23.30682],[-64.03921,-23.30792],[-64.02534,-23.31449],[-64.01953,-23.31971],[-64.01253,-23.33004],[-64.00705,-23.33244],[-63.99997,-23.33136],[-63.98702,-23.3279],[-63.97503,-23.32342],[-63.96011,-23.31538],[-63.95632,-23.31477],[-63.95389,-23.31543],[-63.95112,-23.31805],[-63.94926,-23.32428],[-63.94731,-23.32738],[-63.94424,-23.32799],[-63.93467,-23.32267],[-63.9328,-23.32029],[-63.92764,-23.30882],[-63.9153,-23.30158],[-63.91002,-23.29973],[-63.90568,-23.30105],[-63.90112,-23.30499],[-63.89159,-23.30652],[-63.88331,-23.31135],[-63.87754,-23.31252],[-63.86553,-23.31722],[-63.85224,-23.31726],[-63.85011,-23.31878],[-63.84751,-23.32251],[-63.84435,-23.32344],[-63.83278,-23.31979],[-63.82107,-23.32134],[-63.80743,-23.31978],[-63.79668,-23.32254],[-63.79184,-23.32013],[-63.78873,-23.31724],[-63.78645,-23.3168],[-63.77025,-23.32057],[-63.75631,-23.32585],[-63.75318,-23.32171],[-63.74782,-23.31985],[-63.7262,-23.32244],[-63.72346,-23.32391],[-63.72245,-23.32822],[-63.7195,-23.33112],[-63.70775,-23.33371],[-63.69981,-23.33831],[-63.69836,-23.34088],[-63.69706,-23.34856],[-63.69431,-23.35046],[-63.69002,-23.35191],[-63.68806,-23.35409],[-63.68784,-23.35612],[-63.68928,-23.35951],[-63.68929,-23.36146],[-63.68664,-23.36358],[-63.67727,-23.3637],[-63.67649,-23.36453],[-63.67257,-23.36942],[-63.66788,-23.38025],[-63.66612,-23.38663],[-63.66246,-23.39095],[-63.65977,-23.39164],[-63.65436,-23.391],[-63.64532,-23.39637],[-63.63799,-23.39761],[-63.63491,-23.39666],[-63.63196,-23.3915],[-63.62859,-23.38867],[-63.62253,-23.38765],[-63.61747,-23.38803],[-63.61528,-23.3917],[-63.61212,-23.39474],[-63.60919,-23.40172],[-63.59524,-23.41922],[-63.59371,-23.4257],[-63.59233,-23.42815],[-63.58953,-23.43064],[-63.58042,-23.43187],[-63.57757,-23.43358],[-63.57516,-23.43687],[-63.571,-23.43961],[-63.56088,-23.44308],[-63.53481,-23.44817],[-63.52781,-23.44702],[-63.52139,-23.44453],[-63.51852,-23.44454],[-63.5166,-23.44518],[-63.5144,-23.44857],[-63.51144,-23.4505],[-63.502,-23.45045],[-63.49957,-23.45114],[-63.4906,-23.46168],[-63.47778,-23.46733],[-63.47203,-23.47133],[-63.46744,-23.47619],[-63.45573,-23.48258],[-63.44803,-23.48842],[-63.44243,-23.49611],[-63.42997,-23.50332],[-63.42139,-23.50473],[-63.41646,-23.50699],[-63.40984,-23.51154],[-63.406,-23.51527],[-63.40399,-23.53183],[-63.40212,-23.53527],[-63.41298,-23.58581],[-63.43702,-23.7103],[-63.45781,-23.70636],[-63.50863,-23.9585],[-63.49862,-23.9602],[-63.53042,-24.12787],[-63.62255,-24.11263],[-63.64441,-24.22347],[-64.00841,-24.16357],[-64.15797,-24.1548],[-64.15696,-24.14688],[-64.15481,-24.14212],[-64.15077,-24.13641],[-64.15113,-24.13034],[-64.15434,-24.11999],[-64.15505,-24.11095],[-64.15398,-24.10619],[-64.15481,-24.10297],[-64.15422,-24.09893],[-64.1547,-24.09488],[-64.15362,-24.09096],[-64.15374,-24.07977],[-64.161,-24.07061],[-64.15706,-23.51804],[-64.3554,-23.51792],[-64.34889,-23.50716],[-64.33956,-23.49686],[-64.31162,-23.47631],[-64.30547,-23.46883],[-64.30362,-23.45992],[-64.30793,-23.4575],[-64.30677,-23.45074],[-64.30982,-23.44929],[-64.30796,-23.44104],[-64.30428,-23.43622],[-64.28918,-23.43112],[-64.2833,-23.43023],[-64.27732,-23.42042],[-64.28185,-23.416],[-64.31612,-23.41179],[-64.31413,-23.3946],[-64.30414,-23.33553],[-64.30522,-23.33367],[-64.29841,-23.33142],[-64.29382,-23.32289],[-64.28674,-23.32518],[-64.27341,-23.31536],[-64.25981,-23.3091],[-64.23067,-23.2995],[-64.22044,-23.298],[-64.21771,-23.29461],[-64.21167,-23.28251],[-64.20811,-23.27734],[-64.19896,-23.27526],[-64.18843,-23.26768],[-64.18194,-23.27047],[-64.178,-23.27359],[-64.17388,-23.27453],[-64.17045,-23.27468],[-64.16751,-23.27334],[-64.16452,-23.27352],[-64.16154,-23.27269],[-64.15952,-23.27121],[-64.15746,-23.26691],[-64.15441,-23.26342],[-64.15107,-23.25541],[-64.14792,-23.25105],[-64.14511,-23.24931],[-64.14094,-23.24835],[-64.13551,-23.24885],[-64.1101,-23.26252]]]]}},{"type":"Feature","properties":{"nombre":"Profesor Salvador Mazza"},"geometry":{"type":"MultiPolygon","coordinates":[[[[-63.709,-21.99936],[-63.7086,-22.00171],[-63.70928,-22.00497],[-63.70751,-22.00631],[-63.70727,-22.00829],[-63.70572,-22.00961],[-63.70672,-22.01194],[-63.70546,-22.01288],[-63.70561,-22.01399],[-63.70031,-22.01559],[-63.70005,-22.01401],[-63.69859,-22.01453],[-63.69765,-22.0131],[-63.6962,-22.01511],[-63.69348,-22.01309],[-63.69188,-22.01335],[-63.69084,-22.01157],[-63.68858,-22.01153],[-63.68812,-22.01334],[-63.68936,-22.01572],[-63.68915,-22.0172],[-63.68752,-22.01895],[-63.68801,-22.02122],[-63.6873,-22.02297],[-63.68797,-22.02379],[-63.68691,-22.02448],[-63.68745,-22.02558],[-63.68546,-22.02637],[-63.68624,-22.02742],[-63.68454,-22.02747],[-63.68211,-22.03121],[-63.68283,-22.03343],[-63.68409,-22.03285],[-63.68534,-22.03442],[-63.68508,-22.03638],[-63.68663,-22.03877],[-63.68491,-22.04045],[-63.68639,-22.0408],[-63.68442,-22.04395],[-63.68484,-22.04597],[-63.68392,-22.04815],[-63.68444,-22.04903],[-63.68338,-22.04951],[-63.68378,-22.05477],[-63.68155,-22.05375],[-63.68064,-22.05166],[-63.67867,-22.05106],[-63.68052,-22.04783],[-63.67819,-22.04685],[-63.67678,-22.04512],[-63.67811,-22.0424],[-63.67565,-22.04043],[-63.67352,-22.04047],[-63.67422,-22.03903],[-63.67388,-22.03781],[-63.67548,-22.03769],[-63.67618,-22.03668],[-63.67493,-22.03627],[-63.67484,-22.03309],[-63.67354,-22.03192],[-63.67323,-22.03009],[-63.66972,-22.02757],[-63.67093,-22.02286],[-63.66937,-22.01982],[-63.66767,-22.01863],[-63.66712,-22.01477],[-63.67023,-22.0131],[-63.66703,-22.00598],[-63.66527,-21.99934],[-63.55104,-21.99938],[-63.54853,-22.15396],[-63.56285,-22.15413],[-63.56171,-22.20326],[-63.61544,-22.20301],[-63.61671,-22.19995],[-63.62133,-22.20108],[-63.62523,-22.20041],[-63.63531,-22.19405],[-63.64381,-22.19477],[-63.64499,-22.19572],[-63.64554,-22.19774],[-63.64328,-22.20986],[-63.64781,-22.21185],[-63.65327,-22.21192],[-63.65754,-22.20915],[-63.65884,-22.20668],[-63.65764,-22.20197],[-63.65783,-22.1975],[-63.6594,-22.1952],[-63.66111,-22.19379],[-63.66323,-22.1935],[-63.67115,-22.19659],[-63.67589,-22.1961],[-63.6768,-22.19468],[-63.67682,-22.19267],[-63.67373,-22.19126],[-63.67317,-22.18918],[-63.67342,-22.18701],[-63.67453,-22.18596],[-63.67626,-22.18598],[-63.6775,-22.18835],[-63.68275,-22.19116],[-63.68508,-22.19046],[-63.68724,-22.1885],[-63.68811,-22.18602],[-63.68668,-22.18177],[-63.68699,-22.18074],[-63.691,-22.17911],[-63.69322,-22.17516],[-63.69267,-22.17153],[-63.69371,-22.17078],[-63.69629,-22.17081],[-63.70109,-22.16579],[-63.70169,-22.16275],[-63.69613,-22.16042],[-63.69488,-22.15902],[-63.69512,-22.15602],[-63.69774,-22.15344],[-63.70307,-22.15058],[-63.70199,-22.148],[-63.69835,-22.14354],[-63.69579,-22.14203],[-63.6958,-22.14093],[-63.69914,-22.13972],[-63.70158,-22.13764],[-63.70126,-22.13559],[-63.70396,-22.12821],[-63.70225,-22.11691],[-63.69978,-22.11507],[-63.6994,-22.11297],[-63.70004,-22.11119],[-63.70203,-22.11069],[-63.70585,-22.11271],[-63.71692,-22.11403],[-63.72046,-22.11228],[-63.72359,-22.10862],[-63.72229,-22.10638],[-63.72232,-22.1042],[-63.72585,-22.10183],[-63.72961,-22.10273],[-63.73041,-22.10388],[-63.73163,-22.10314],[-63.73113,-22.10027],[-63.73334,-22.09968],[-63.73557,-22.10034],[-63.73913,-22.09986],[-63.74008,-22.1024],[-63.74101,-22.10241],[-63.75037,-22.11265],[-63.75171,-22.11128],[-63.75291,-22.10714],[-63.75579,-22.1048],[-63.75831,-22.10619],[-63.75895,-22.10762],[-63.75842,-22.11061],[-63.75964,-22.1114],[-63.76067,-22.11098],[-63.7614,-22.1083],[-63.75947,-22.10591],[-63.7595,-22.10281],[-63.76179,-22.10112],[-63.76182,-22.09894],[-63.76286,-22.09861],[-63.76508,-22.09956],[-63.77509,-22.09657],[-63.77511,-22.09458],[-63.77221,-22.09282],[-63.77304,-22.09103],[-63.77487,-22.09104],[-63.77648,-22.09201],[-63.77647,-22.09302],[-63.77738,-22.09303],[-63.7771,-22.08941],[-63.77776,-22.08832],[-63.78126,-22.08836],[-63.7813,-22.0855],[-63.78482,-22.08343],[-63.78635,-22.08464],[-63.78638,-22.08229],[-63.78705,-22.0823],[-63.78707,-22.08065],[-63.78837,-22.07966],[-63.78615,-22.07828],[-63.78617,-22.07643],[-63.79018,-22.07568],[-63.79211,-22.07324],[-63.79006,-22.07103],[-63.79008,-22.07007],[-63.79256,-22.06834],[-63.79203,-22.06721],[-63.79293,-22.06538],[-63.79473,-22.0654],[-63.79516,-22.06674],[-63.79828,-22.06696],[-63.79959,-22.0682],[-63.80077,-22.06822],[-63.79833,-22.06502],[-63.79697,-22.05864],[-63.79971,-22.05791],[-63.80127,-22.05587],[-63.80455,-22.05608],[-63.80507,-22.05324],[-63.80498,-22.05626],[-63.80585,-22.05568],[-63.80653,-22.05286],[-63.8097,-22.05387],[-63.80895,-22.0507],[-63.80944,-22.05012],[-63.81433,-22.05189],[-63.81415,-22.05006],[-63.81561,-22.04748],[-63.81686,-22.04691],[-63.81916,-22.04849],[-63.81936,-22.04608],[-63.82234,-22.04684],[-63.82274,-22.0436],[-63.82533,-22.04519],[-63.82697,-22.04453],[-63.82745,-22.04561],[-63.82831,-22.04561],[-63.82958,-22.04304],[-63.82727,-22.04262],[-63.8267,-22.04129],[-63.82795,-22.04112],[-63.8296,-22.03897],[-63.83132,-22.03964],[-63.83191,-22.03773],[-63.83287,-22.03748],[-63.83316,-22.03898],[-63.83527,-22.03948],[-63.8369,-22.04107],[-63.83969,-22.04016],[-63.83997,-22.04207],[-63.84084,-22.04191],[-63.84162,-22.04],[-63.84325,-22.041],[-63.84314,-22.04299],[-63.8466,-22.043],[-63.84746,-22.044],[-63.84872,-22.04301],[-63.84661,-22.04226],[-63.84642,-22.04101],[-63.8471,-22.04059],[-63.85229,-22.04136],[-63.85277,-22.04036],[-63.85392,-22.04128],[-63.85739,-22.0402],[-63.85883,-22.0417],[-63.85786,-22.04336],[-63.85901,-22.04353],[-63.86171,-22.04196],[-63.86269,-22.03989],[-63.86838,-22.04179],[-63.87355,-22.03948],[-63.87488,-22.04157],[-63.87381,-22.04315],[-63.87416,-22.04419],[-63.87699,-22.04493],[-63.88044,-22.04793],[-63.88057,-22.05056],[-63.8817,-22.05044],[-63.88246,-22.0538],[-63.88359,-22.05417],[-63.88429,-22.05558],[-63.88578,-22.05522],[-63.88719,-22.05589],[-63.88729,-21.99944],[-63.709,-21.99936]]]]}},{"type":"Feature","properties":{"nombre":"Rivadavia Banda Norte"},"geometry":{"type":"MultiPolygon","coordinates":[[[[-62.34159,-22.88867],[-62.34216,-24.11981],[-62.35955,-24.12488],[-62.37951,-24.1283],[-62.40025,-24.12879],[-62.40636,-24.13082],[-62.41309,-24.11816],[-62.43884,-24.11574],[-62.44738,-24.1116],[-62.45852,-24.10281],[-62.47458,-24.09412],[-62.48641,-24.08232],[-62.50431,-24.08141],[-62.52117,-24.08859],[-62.52812,-24.09761],[-62.53299,-24.09961],[-62.53729,-24.085],[-62.5435,-24.07552],[-62.56397,-24.07069],[-62.57233,-24.08107],[-62.59406,-24.09061],[-62.59694,-24.11369],[-62.6154,-24.12316],[-62.63022,-24.12235],[-62.63206,-24.10692],[-62.63191,-24.089],[-62.63434,-24.08283],[-62.63896,-24.07878],[-62.64369,-24.07888],[-62.64708,-24.08254],[-62.65119,-24.09074],[-62.66354,-24.0978],[-62.67724,-24.09263],[-62.68402,-24.08467],[-62.71225,-24.07668],[-62.7373,-24.09208],[-62.75884,-24.08944],[-62.75838,-24.07671],[-62.76533,-24.07225],[-62.77036,-24.06689],[-62.77152,-24.06164],[-62.77177,-24.05164],[-62.79174,-24.04187],[-62.79485,-24.01937],[-62.80746,-24.00654],[-62.84276,-23.97995],[-62.8434,-23.96394],[-62.8446,-23.95493],[-62.85467,-23.95491],[-62.8615,-23.95708],[-62.86521,-23.95603],[-62.88203,-23.93205],[-62.89167,-23.91578],[-62.89779,-23.90157],[-62.9198,-23.89882],[-62.94324,-23.8746],[-62.94953,-23.85738],[-62.96153,-23.83896],[-62.96651,-23.82805],[-62.97394,-23.80642],[-62.97179,-23.79947],[-62.98176,-23.79276],[-63.01549,-23.78174],[-63.05703,-23.75704],[-63.11392,-23.74165],[-63.15829,-23.71803],[-63.21037,-23.71048],[-63.26272,-23.69017],[-63.27724,-23.6493],[-63.27986,-23.62805],[-63.2688,-23.55936],[-63.29573,-23.53485],[-63.28157,-23.45806],[-63.26608,-23.45968],[-63.20369,-22.94309],[-63.12308,-22.94428],[-63.12355,-22.76484],[-62.48811,-22.75212],[-62.34159,-22.88867]]]]}},{"type":"Feature","properties":{"nombre":"Rivadavia Banda Sur"},"geometry":{"type":"MultiPolygon","coordinates":[[[[-63.37238,-23.56278],[-63.36537,-23.56121],[-63.36356,-23.5615],[-63.36169,-23.56394],[-63.36116,-23.5692],[-63.36179,-23.57523],[-63.36256,-23.57682],[-63.36599,-23.57934],[-63.3682,-23.58367],[-63.36847,-23.58629],[-63.36759,-23.58721],[-63.36209,-23.58973],[-63.34337,-23.59193],[-63.34223,-23.5926],[-63.33881,-23.59811],[-63.33691,-23.59926],[-63.32755,-23.60161],[-63.32326,-23.60494],[-63.32262,-23.6074],[-63.32467,-23.61187],[-63.33009,-23.61877],[-63.33124,-23.62564],[-63.32456,-23.62764],[-63.31979,-23.63333],[-63.31507,-23.63665],[-63.31078,-23.64215],[-63.30123,-23.64617],[-63.29621,-23.65087],[-63.29196,-23.65193],[-63.2895,-23.65164],[-63.28395,-23.64843],[-63.28176,-23.64795],[-63.27672,-23.64943],[-63.26272,-23.69017],[-63.21037,-23.71048],[-63.15829,-23.71803],[-63.11392,-23.74165],[-63.05703,-23.75704],[-63.01549,-23.78174],[-62.98176,-23.79276],[-62.97179,-23.79947],[-62.97394,-23.80642],[-62.96651,-23.82805],[-62.96153,-23.83896],[-62.94953,-23.85738],[-62.94324,-23.8746],[-62.9198,-23.89882],[-62.89779,-23.90157],[-62.89167,-23.91578],[-62.88203,-23.93205],[-62.86521,-23.95603],[-62.8615,-23.95708],[-62.85467,-23.95491],[-62.8446,-23.95493],[-62.8434,-23.96394],[-62.84276,-23.97995],[-62.80746,-24.00654],[-62.79485,-24.01937],[-62.79174,-24.04187],[-62.77177,-24.05164],[-62.77152,-24.06164],[-62.77036,-24.06689],[-62.76533,-24.07225],[-62.75838,-24.07671],[-62.75884,-24.08944],[-62.7373,-24.09208],[-62.71225,-24.07668],[-62.68402,-24.08467],[-62.67724,-24.09263],[-62.66354,-24.0978],[-62.65119,-24.09074],[-62.64708,-24.08254],[-62.64369,-24.07888],[-62.63896,-24.07878],[-62.63434,-24.08283],[-62.63191,-24.089],[-62.63206,-24.10692],[-62.63022,-24.12235],[-62.6154,-24.12316],[-62.59694,-24.11369],[-62.59406,-24.09061],[-62.57233,-24.08107],[-62.56397,-24.07069],[-62.5435,-24.07552],[-62.53729,-24.085],[-62.53299,-24.09961],[-62.52812,-24.09761],[-62.52117,-24.08859],[-62.50431,-24.08141],[-62.48641,-24.08232],[-62.47458,-24.09412],[-62.45852,-24.10281],[-62.44738,-24.1116],[-62.43884,-24.11574],[-62.41309,-24.11816],[-62.40636,-24.13082],[-62.40025,-24.12879],[-62.37951,-24.1283],[-62.35955,-24.12488],[-62.34216,-24.11981],[-62.34235,-24.39211],[-62.51424,-24.59455],[-62.61511,-24.7116],[-62.72271,-24.83908],[-63.07134,-25.24455],[-63.0743,-25.12908],[-63.07462,-24.8556],[-63.23352,-24.85657],[-63.23412,-24.71877],[-62.93694,-24.716],[-62.93904,-24.5953],[-62.93682,-24.258],[-63.00965,-24.21934],[-63.03643,-24.37511],[-63.16369,-24.2949],[-63.15008,-24.2155],[-63.19353,-24.21082],[-63.21052,-24.31564],[-63.29378,-24.32051],[-63.28742,-24.27764],[-63.37477,-24.31336],[-63.34479,-24.15675],[-63.43471,-24.18433],[-63.427,-24.14493],[-63.53043,-24.12788],[-63.49862,-23.9602],[-63.50863,-23.9585],[-63.45781,-23.70636],[-63.43702,-23.7103],[-63.41298,-23.58581],[-63.40212,-23.53527],[-63.39997,-23.54162],[-63.39542,-23.54947],[-63.38677,-23.55483],[-63.37956,-23.55802],[-63.37238,-23.56278]]]]}},{"type":"Feature","properties":{"nombre":"Rosario de Lerma"},"geometry":{"type":"MultiPolygon","coordinates":[[[[-65.53153,-24.91732],[-65.5322,-24.92082],[-65.52807,-24.92124],[-65.52928,-24.92237],[-65.52711,-24.92312],[-65.52918,-24.93451],[-65.52043,-24.93499],[-65.53041,-24.94618],[-65.53298,-24.95079],[-65.53816,-24.95058],[-65.53952,-24.9582],[-65.53599,-24.95855],[-65.53744,-24.96277],[-65.5398,-24.96248],[-65.54086,-24.96598],[-65.53866,-24.96623],[-65.54151,-24.97214],[-65.53243,-24.97592],[-65.51492,-24.98824],[-65.51845,-24.99815],[-65.52531,-25.01151],[-65.52321,-25.01909],[-65.5317,-25.02695],[-65.53769,-25.02497],[-65.55307,-25.02307],[-65.56535,-25.01943],[-65.56754,-25.02126],[-65.57032,-25.02162],[-65.57761,-25.02028],[-65.58547,-25.02189],[-65.59148,-25.02191],[-65.59664,-25.01946],[-65.60439,-25.02061],[-65.6097,-25.01956],[-65.61344,-25.02035],[-65.61566,-25.02483],[-65.61788,-25.02734],[-65.62645,-25.02814],[-65.63341,-25.02981],[-65.63928,-25.03345],[-65.64513,-25.03594],[-65.64937,-25.03901],[-65.65089,-25.04117],[-65.6534,-25.04235],[-65.65391,-25.04368],[-65.65555,-25.04363],[-65.65762,-25.04562],[-65.66409,-25.04885],[-65.664,-25.05057],[-65.66699,-25.05312],[-65.66705,-25.05472],[-65.68194,-25.05431],[-65.6872,-25.05549],[-65.69167,-25.05477],[-65.69485,-25.05753],[-65.69548,-25.06131],[-65.69755,-25.06335],[-65.69866,-25.06582],[-65.70614,-25.07325],[-65.70867,-25.08037],[-65.71281,-25.08561],[-65.71248,-25.08938],[-65.71327,-25.09127],[-65.71566,-25.09244],[-65.71912,-25.09249],[-65.72412,-25.09042],[-65.72667,-25.09042],[-65.73176,-25.09755],[-65.74005,-25.10207],[-65.7467,-25.10114],[-65.74755,-25.09874],[-65.75251,-25.09221],[-65.75459,-25.09091],[-65.7592,-25.08989],[-65.76002,-25.08351],[-65.7621,-25.08075],[-65.77807,-25.07105],[-65.78142,-25.07105],[-65.7862,-25.07302],[-65.78913,-25.07274],[-65.79195,-25.07136],[-65.79763,-25.07141],[-65.80162,-25.07017],[-65.8063,-25.07268],[-65.81411,-25.07415],[-65.81762,-25.07575],[-65.82196,-25.07995],[-65.82468,-25.07976],[-65.82815,-25.07833],[-65.83214,-25.07403],[-65.83749,-25.07232],[-65.839,-25.07011],[-65.84187,-25.06866],[-65.8441,-25.06852],[-65.85175,-25.07215],[-65.85395,-25.07104],[-65.86197,-25.06125],[-65.86235,-25.05633],[-65.86683,-25.04889],[-65.87034,-25.04676],[-65.87715,-25.04482],[-65.88085,-25.04287],[-65.88454,-25.03933],[-65.88903,-25.03012],[-65.89234,-25.02002],[-65.89274,-25.01612],[-65.89119,-25.00566],[-65.89217,-24.99645],[-65.89179,-24.99024],[-65.89374,-24.97855],[-65.8889,-24.96117],[-65.8889,-24.95218],[-65.87237,-24.95381],[-65.87241,-24.95623],[-65.8672,-24.95632],[-65.86464,-24.95874],[-65.86203,-24.95879],[-65.86194,-24.95403],[-65.85933,-24.95408],[-65.85928,-24.9517],[-65.85668,-24.95175],[-65.85658,-24.947],[-65.85137,-24.94709],[-65.85132,-24.94471],[-65.83829,-24.94493],[-65.83819,-24.94018],[-65.83559,-24.94022],[-65.83554,-24.93785],[-65.83298,-24.94027],[-65.83033,-24.93794],[-65.82772,-24.93798],[-65.82925,-24.94171],[-65.826,-24.9432],[-65.82599,-24.94636],[-65.8201,-24.94762],[-65.82015,-24.94999],[-65.81759,-24.95241],[-65.81499,-24.95246],[-65.81243,-24.95488],[-65.81248,-24.95725],[-65.80727,-24.95734],[-65.8021,-24.9598],[-65.80206,-24.95743],[-65.79684,-24.95751],[-65.79689,-24.95989],[-65.79168,-24.95998],[-65.79173,-24.96235],[-65.78391,-24.96248],[-65.78396,-24.96486],[-65.78135,-24.9649],[-65.7813,-24.96253],[-65.77609,-24.96261],[-65.77614,-24.96499],[-65.77093,-24.96507],[-65.77098,-24.96745],[-65.76832,-24.96512],[-65.7579,-24.96529],[-65.75795,-24.96767],[-65.75273,-24.96775],[-65.75018,-24.97017],[-65.74496,-24.97025],[-65.74492,-24.96788],[-65.74231,-24.96792],[-65.7424,-24.97267],[-65.7398,-24.97272],[-65.73985,-24.97509],[-65.72421,-24.97535],[-65.7243,-24.9801],[-65.71388,-24.98027],[-65.71392,-24.98264],[-65.69568,-24.98294],[-65.69573,-24.98531],[-65.69051,-24.9854],[-65.69047,-24.98302],[-65.68265,-24.98314],[-65.6826,-24.98077],[-65.66436,-24.98106],[-65.66171,-24.97872],[-65.6591,-24.97877],[-65.65906,-24.97639],[-65.65645,-24.97643],[-65.65641,-24.97406],[-65.64859,-24.97418],[-65.64854,-24.9718],[-65.63551,-24.97201],[-65.63556,-24.97438],[-65.62774,-24.9745],[-65.62778,-24.97688],[-65.62257,-24.97696],[-65.62262,-24.97934],[-65.6148,-24.97946],[-65.60842,-24.98061],[-65.60909,-24.97682],[-65.59958,-24.97759],[-65.59529,-24.97906],[-65.59174,-24.97753],[-65.59336,-24.97491],[-65.59171,-24.97392],[-65.59913,-24.96545],[-65.59953,-24.96045],[-65.59896,-24.95915],[-65.60374,-24.95375],[-65.59884,-24.94881],[-65.59643,-24.94082],[-65.59059,-24.9373],[-65.59564,-24.93501],[-65.5922,-24.92675],[-65.59099,-24.92117],[-65.59635,-24.92001],[-65.59584,-24.91714],[-65.59095,-24.91806],[-65.5898,-24.91391],[-65.58999,-24.89679],[-65.55911,-24.8931],[-65.54439,-24.89528],[-65.54496,-24.90222],[-65.54671,-24.90252],[-65.54716,-24.91107],[-65.53183,-24.91342],[-65.53099,-24.91489],[-65.53153,-24.91732]]]]}},{"type":"Feature","properties":{"nombre":"Rosario de la Frontera"},"geometry":{"type":"MultiPolygon","coordinates":[[[[-64.99782,-26.02782],[-65.00661,-26.02786],[-65.02215,-26.02592],[-65.02695,-26.02604],[-65.03027,-26.02497],[-65.03884,-26.01969],[-65.06742,-26.01535],[-65.10801,-26.00792],[-65.1132,-26.03781],[-65.10266,-26.05465],[-65.12235,-26.04941],[-65.12185,-26.04703],[-65.13674,-26.04451],[-65.13634,-26.04216],[-65.15677,-26.03886],[-65.15705,-26.04016],[-65.19463,-26.02517],[-65.20273,-26.0195],[-65.20427,-26.01715],[-65.21325,-26.01149],[-65.24115,-25.97659],[-65.24679,-25.9721],[-65.2476,-25.96957],[-65.24682,-25.9663],[-65.24744,-25.96341],[-65.24947,-25.95998],[-65.24555,-25.94674],[-65.2446,-25.93732],[-65.24764,-25.93209],[-65.24789,-25.9243],[-65.25031,-25.92105],[-65.24954,-25.91652],[-65.25005,-25.89896],[-65.25409,-25.89319],[-65.25432,-25.88939],[-65.25656,-25.88804],[-65.27082,-25.88713],[-65.2748,-25.88519],[-65.27734,-25.88227],[-65.27772,-25.88015],[-65.28044,-25.87771],[-65.27991,-25.87493],[-65.28281,-25.87283],[-65.28319,-25.87022],[-65.28537,-25.86713],[-65.28593,-25.86403],[-65.29045,-25.8634],[-65.29624,-25.86],[-65.2984,-25.85985],[-65.29782,-25.8572],[-65.29132,-25.85192],[-65.29014,-25.84977],[-65.29045,-25.84789],[-65.29525,-25.84092],[-65.29556,-25.83837],[-65.29439,-25.835],[-65.28879,-25.82839],[-65.28123,-25.82459],[-65.27962,-25.82081],[-65.28143,-25.81679],[-65.27837,-25.80764],[-65.27928,-25.80374],[-65.27916,-25.79944],[-65.28476,-25.78213],[-65.28656,-25.77824],[-65.29029,-25.77476],[-65.25896,-25.77609],[-65.25164,-25.76032],[-65.24529,-25.73085],[-65.24488,-25.72507],[-65.2418,-25.71968],[-65.23948,-25.712],[-65.2321,-25.70538],[-65.22648,-25.70239],[-65.21951,-25.70289],[-65.20311,-25.69811],[-65.19664,-25.69034],[-65.18525,-25.67189],[-65.1777,-25.66561],[-65.17056,-25.65212],[-65.16799,-25.62942],[-65.16398,-25.61948],[-65.15912,-25.61853],[-65.15739,-25.61907],[-65.15557,-25.61832],[-65.15478,-25.6163],[-65.15102,-25.61683],[-65.15051,-25.61857],[-65.14918,-25.61957],[-65.13883,-25.6219],[-65.13407,-25.62095],[-65.13238,-25.63022],[-65.12963,-25.63195],[-65.12728,-25.63488],[-65.12725,-25.63901],[-65.12325,-25.64579],[-65.11402,-25.64647],[-65.10835,-25.65172],[-65.09979,-25.65324],[-65.09734,-25.65797],[-65.09074,-25.66012],[-65.08859,-25.66215],[-65.08639,-25.66279],[-65.08212,-25.66226],[-65.07844,-25.65831],[-65.07137,-25.65628],[-65.06969,-25.65474],[-65.06248,-25.65693],[-65.06085,-25.65585],[-65.05888,-25.65625],[-65.05746,-25.65807],[-65.05453,-25.65923],[-65.05274,-25.65835],[-65.05082,-25.6589],[-65.04971,-25.65721],[-65.04946,-25.66042],[-65.04743,-25.66102],[-65.0464,-25.66315],[-65.04487,-25.66406],[-65.04411,-25.66762],[-65.04231,-25.66837],[-65.04156,-25.67077],[-65.03909,-25.66953],[-65.03789,-25.67135],[-65.03149,-25.67085],[-65.02771,-25.6722],[-65.02349,-25.67182],[-65.02103,-25.67017],[-65.01675,-25.67019],[-65.01127,-25.66674],[-65.00648,-25.66783],[-65.00368,-25.66613],[-65.00266,-25.66668],[-65.0016,-25.66571],[-64.99957,-25.6663],[-64.99593,-25.6648],[-64.99572,-25.66271],[-64.99226,-25.65968],[-64.99012,-25.66053],[-64.98833,-25.65924],[-64.98641,-25.65974],[-64.98008,-25.65709],[-64.97485,-25.65629],[-64.97271,-25.65699],[-64.96997,-25.65488],[-64.96811,-25.6563],[-64.96648,-25.65547],[-64.96708,-25.6516],[-64.9663,-25.65068],[-64.96321,-25.64999],[-64.96183,-25.64759],[-64.95722,-25.64725],[-64.95549,-25.6454],[-64.95274,-25.64502],[-64.95109,-25.64659],[-64.94919,-25.64546],[-64.94604,-25.64508],[-64.94158,-25.64708],[-64.93934,-25.64615],[-64.93765,-25.64695],[-64.93553,-25.64434],[-64.93161,-25.64349],[-64.93005,-25.64088],[-64.92829,-25.64322],[-64.92365,-25.64038],[-64.92163,-25.64011],[-64.91979,-25.63811],[-64.91877,-25.63922],[-64.91556,-25.63915],[-64.91526,-25.64128],[-64.91184,-25.63978],[-64.9107,-25.64212],[-64.90841,-25.64047],[-64.90648,-25.64229],[-64.90401,-25.64151],[-64.90108,-25.6423],[-64.89249,-25.6406],[-64.88864,-25.63787],[-64.88533,-25.63693],[-64.879,-25.63958],[-64.87507,-25.63935],[-64.87212,-25.64193],[-64.8701,-25.64196],[-64.86647,-25.6453],[-64.86211,-25.64766],[-64.8547,-25.64663],[-64.85211,-25.64717],[-64.84655,-25.65233],[-64.84234,-25.65087],[-64.83576,-25.65153],[-64.8269,-25.64877],[-64.81681,-25.648],[-64.79439,-25.64393],[-64.76435,-25.63222],[-64.75647,-25.63247],[-64.74171,-25.62339],[-64.73267,-25.63182],[-64.68632,-25.61776],[-64.69355,-25.65357],[-64.69146,-25.65397],[-64.69791,-25.68229],[-64.69699,-25.6825],[-64.71622,-25.77858],[-64.71603,-25.7794],[-64.71477,-25.7793],[-64.71468,-25.77697],[-64.71109,-25.77413],[-64.70499,-25.77965],[-64.70183,-25.78152],[-64.70199,-25.7844],[-64.7002,-25.78506],[-64.69667,-25.78388],[-64.69472,-25.78414],[-64.69308,-25.79201],[-64.69285,-25.79991],[-64.68373,-25.83513],[-64.6869,-25.83416],[-64.74333,-25.86831],[-64.75863,-25.87354],[-64.7551,-25.8867],[-64.74914,-25.89261],[-64.79833,-25.91844],[-64.79566,-25.92263],[-64.88679,-25.96808],[-64.88506,-25.96985],[-64.88262,-25.97459],[-64.88381,-25.9798],[-64.92091,-25.96327],[-64.93251,-25.97325],[-64.96565,-25.96508],[-64.96537,-25.96962],[-64.97197,-25.97004],[-64.97554,-25.98331],[-64.98056,-25.981],[-64.99283,-26.02777],[-64.99782,-26.02782]]]]}},{"type":"Feature","properties":{"nombre":"Río Piedras"},"geometry":{"type":"MultiPolygon","coordinates":[[[[-65.08122,-25.10096],[-65.0804,-25.10386],[-65.07691,-25.10447],[-65.07315,-25.1068],[-65.07053,-25.10711],[-65.06738,-25.10613],[-65.06664,-25.10695],[-65.0662,-25.11228],[-65.06551,-25.11307],[-65.06413,-25.11276],[-65.06252,-25.10964],[-65.05716,-25.11149],[-65.05641,-25.11463],[-65.05487,-25.11683],[-65.04888,-25.12067],[-65.04557,-25.12124],[-65.04111,-25.11989],[-65.04033,-25.12309],[-65.03339,-25.12331],[-65.03064,-25.12574],[-65.02861,-25.1249],[-65.02618,-25.12522],[-65.02411,-25.12891],[-65.02088,-25.12892],[-65.0145,-25.13112],[-65.01123,-25.13133],[-65.00984,-25.13232],[-65.00661,-25.13193],[-65.00488,-25.13086],[-65.00403,-25.13172],[-65.00413,-25.13373],[-64.99709,-25.13696],[-64.99035,-25.13847],[-64.98905,-25.14223],[-64.98676,-25.14245],[-64.98536,-25.14532],[-64.97868,-25.14878],[-64.97636,-25.14895],[-64.97582,-25.15111],[-64.97665,-25.15253],[-64.97627,-25.15465],[-64.97263,-25.15465],[-64.96827,-25.16319],[-64.96598,-25.16425],[-64.9646,-25.16615],[-64.96273,-25.16489],[-64.9607,-25.16505],[-64.9595,-25.16239],[-64.95763,-25.16187],[-64.95209,-25.1668],[-64.94943,-25.17125],[-64.93674,-25.17505],[-64.93566,-25.17675],[-64.93634,-25.17975],[-64.93417,-25.18248],[-64.93471,-25.18826],[-64.9314,-25.19143],[-64.93249,-25.19308],[-64.92884,-25.19359],[-64.92514,-25.19883],[-64.92236,-25.20053],[-64.92209,-25.20136],[-64.92513,-25.20337],[-64.92531,-25.20471],[-64.92338,-25.20533],[-64.922,-25.2069],[-64.91758,-25.20627],[-64.91565,-25.20813],[-64.91437,-25.21091],[-64.9162,-25.21263],[-64.91587,-25.21663],[-64.91474,-25.21833],[-64.91067,-25.22025],[-64.90941,-25.22453],[-64.90907,-25.2294],[-64.90536,-25.23226],[-64.9033,-25.23503],[-64.89986,-25.23568],[-64.89949,-25.24014],[-64.89414,-25.24429],[-64.89371,-25.2505],[-64.89587,-25.25314],[-64.89655,-25.25804],[-64.89482,-25.26151],[-64.89441,-25.26472],[-64.8908,-25.2669],[-64.89129,-25.27166],[-64.89426,-25.27534],[-64.89423,-25.27843],[-64.89541,-25.28241],[-64.89417,-25.28566],[-64.89091,-25.28682],[-64.8865,-25.28657],[-64.88513,-25.28731],[-64.88341,-25.28985],[-64.88256,-25.29346],[-64.88329,-25.29853],[-64.87488,-25.3001],[-64.86962,-25.30271],[-64.86664,-25.30572],[-64.86592,-25.3096],[-64.86269,-25.30843],[-64.86097,-25.31018],[-64.85857,-25.30993],[-64.84959,-25.31441],[-64.84772,-25.31849],[-64.84149,-25.3204],[-64.84141,-25.32536],[-64.83691,-25.3296],[-64.83394,-25.33635],[-64.83007,-25.33857],[-64.82941,-25.34344],[-64.82815,-25.3455],[-64.82065,-25.35011],[-64.81746,-25.35026],[-64.81068,-25.34891],[-64.80529,-25.35011],[-64.80207,-25.35449],[-64.79784,-25.35381],[-64.79536,-25.35745],[-64.81685,-25.3745],[-64.84909,-25.39807],[-64.92044,-25.40019],[-64.91392,-25.37769],[-64.91352,-25.37407],[-64.93547,-25.37923],[-65.05962,-25.41387],[-65.05957,-25.40551],[-65.06076,-25.40255],[-65.06007,-25.39594],[-65.06132,-25.3922],[-65.06623,-25.38862],[-65.07171,-25.38886],[-65.06985,-25.39278],[-65.07247,-25.39275],[-65.0725,-25.39512],[-65.07512,-25.39509],[-65.07777,-25.39744],[-65.083,-25.39738],[-65.08303,-25.39975],[-65.08565,-25.39972],[-65.0883,-25.40207],[-65.10399,-25.40188],[-65.10402,-25.40426],[-65.1171,-25.4041],[-65.11968,-25.40169],[-65.11971,-25.40407],[-65.12229,-25.40166],[-65.12233,-25.40404],[-65.13279,-25.40391],[-65.13282,-25.40629],[-65.13547,-25.40863],[-65.13544,-25.40625],[-65.13805,-25.40622],[-65.13809,-25.4086],[-65.1407,-25.40857],[-65.14335,-25.41091],[-65.14597,-25.41088],[-65.146,-25.41325],[-65.14862,-25.41322],[-65.14869,-25.41797],[-65.1513,-25.41794],[-65.15127,-25.41556],[-65.15388,-25.41553],[-65.15392,-25.41791],[-65.15917,-25.41536],[-65.17034,-25.4148],[-65.17385,-25.41297],[-65.18043,-25.41609],[-65.18315,-25.41549],[-65.18462,-25.41409],[-65.18657,-25.40954],[-65.1825,-25.39779],[-65.18086,-25.3887],[-65.17211,-25.38466],[-65.16288,-25.37907],[-65.15925,-25.37528],[-65.16141,-25.37247],[-65.16283,-25.36869],[-65.16285,-25.36468],[-65.16404,-25.36089],[-65.16872,-25.35502],[-65.16807,-25.34848],[-65.16997,-25.34238],[-65.17145,-25.32932],[-65.17286,-25.32659],[-65.17241,-25.32321],[-65.17314,-25.31942],[-65.17621,-25.31143],[-65.17646,-25.30827],[-65.17471,-25.3039],[-65.17617,-25.30079],[-65.18268,-25.29919],[-65.18857,-25.29963],[-65.19861,-25.29341],[-65.2,-25.29365],[-65.20045,-25.29474],[-65.202,-25.29452],[-65.20271,-25.29203],[-65.20557,-25.29041],[-65.20787,-25.29051],[-65.21903,-25.28789],[-65.22169,-25.286],[-65.22413,-25.2866],[-65.22759,-25.28539],[-65.23003,-25.28604],[-65.23159,-25.28509],[-65.23554,-25.28502],[-65.23945,-25.28255],[-65.25147,-25.27905],[-65.25264,-25.27839],[-65.25297,-25.27663],[-65.24083,-25.26773],[-65.23821,-25.2643],[-65.23264,-25.26059],[-65.21425,-25.2394],[-65.2121,-25.23529],[-65.20753,-25.22097],[-65.20153,-25.21032],[-65.19864,-25.19969],[-65.19405,-25.18764],[-65.19236,-25.18551],[-65.18121,-25.17809],[-65.17904,-25.17723],[-65.17064,-25.17704],[-65.16941,-25.17562],[-65.16741,-25.17136],[-65.16467,-25.16803],[-65.16186,-25.15885],[-65.15694,-25.1562],[-65.15737,-25.15377],[-65.16068,-25.15117],[-65.16014,-25.13995],[-65.1569,-25.13263],[-65.14958,-25.1208],[-65.14757,-25.11481],[-65.13753,-25.11082],[-65.11554,-25.11219],[-65.10568,-25.11101],[-65.09642,-25.10274],[-65.09209,-25.10374],[-65.0875,-25.10123],[-65.08228,-25.10017],[-65.08122,-25.10096]]]]}},{"type":"Feature","properties":{"nombre":"Salta"},"geometry":{"type":"MultiPolygon","coordinates":[[[[-65.1492,-24.70492],[-65.13864,-24.70668],[-65.11974,-24.70657],[-65.0942,-24.71551],[-65.09344,-24.7183],[-65.09416,-24.72511],[-65.08682,-24.73268],[-65.08464,-24.7366],[-65.08102,-24.74771],[-65.06023,-24.75804],[-65.04044,-24.77984],[-65.03663,-24.78512],[-65.03637,-24.78845],[-65.03491,-24.79117],[-65.01889,-24.80551],[-65.01677,-24.81],[-65.0245,-24.81617],[-65.02928,-24.81279],[-65.03664,-24.81403],[-65.03852,-24.81806],[-65.04053,-24.82928],[-65.0439,-24.84034],[-65.05329,-24.86562],[-65.06626,-24.87473],[-65.07721,-24.87996],[-65.08127,-24.88328],[-65.08454,-24.88788],[-65.08389,-24.89031],[-65.08432,-24.89634],[-65.08571,-24.89892],[-65.08977,-24.90325],[-65.08912,-24.90611],[-65.08973,-24.90826],[-65.09521,-24.91131],[-65.09613,-24.91432],[-65.09516,-24.91747],[-65.0959,-24.92421],[-65.09412,-24.93136],[-65.10019,-24.9468],[-65.09472,-24.94803],[-65.0905,-24.94721],[-65.08895,-24.94885],[-65.08667,-24.94912],[-65.08272,-24.95271],[-65.0786,-24.95512],[-65.0745,-24.95486],[-65.06787,-24.95831],[-65.06719,-24.95991],[-65.0639,-24.9609],[-65.06488,-24.96298],[-65.06393,-24.96528],[-65.0657,-24.96676],[-65.065,-24.97178],[-65.06581,-24.97627],[-65.06763,-24.98063],[-65.06708,-24.98669],[-65.07079,-24.99249],[-65.06629,-24.99582],[-65.0656,-25.00298],[-65.06744,-25.00973],[-65.07179,-25.01749],[-65.07376,-25.0271],[-65.07308,-25.03383],[-65.07399,-25.038],[-65.07378,-25.04502],[-65.07486,-25.04746],[-65.07576,-25.05363],[-65.07525,-25.05835],[-65.07736,-25.07155],[-65.07701,-25.07628],[-65.07286,-25.08427],[-65.07331,-25.08729],[-65.07764,-25.0972],[-65.08015,-25.09793],[-65.08188,-25.1003],[-65.08804,-25.1014],[-65.09148,-25.10357],[-65.09642,-25.10274],[-65.10568,-25.11101],[-65.11554,-25.11219],[-65.13753,-25.11082],[-65.14757,-25.11481],[-65.14958,-25.1208],[-65.1569,-25.13263],[-65.16014,-25.13995],[-65.16068,-25.15117],[-65.15737,-25.15377],[-65.15694,-25.1562],[-65.16186,-25.15885],[-65.16467,-25.16803],[-65.17064,-25.17704],[-65.17904,-25.17723],[-65.18121,-25.17809],[-65.18957,-25.18337],[-65.19405,-25.18764],[-65.20062,-25.20565],[-65.20153,-25.21032],[-65.20753,-25.22097],[-65.2121,-25.23529],[-65.21425,-25.2394],[-65.23264,-25.26059],[-65.23821,-25.2643],[-65.24083,-25.26773],[-65.25297,-25.27663],[-65.25264,-25.27839],[-65.2563,-25.2788],[-65.25824,-25.28038],[-65.26115,-25.28099],[-65.26265,-25.28286],[-65.26242,-25.28433],[-65.26491,-25.28395],[-65.2704,-25.28476],[-65.27105,-25.28565],[-65.26996,-25.28643],[-65.2706,-25.2879],[-65.27643,-25.28754],[-65.28688,-25.29004],[-65.29257,-25.29527],[-65.2986,-25.29883],[-65.29926,-25.29697],[-65.29906,-25.29324],[-65.29693,-25.28832],[-65.29296,-25.28369],[-65.2917,-25.27907],[-65.28839,-25.27288],[-65.28409,-25.26903],[-65.27842,-25.25807],[-65.2797,-25.25579],[-65.28413,-25.25222],[-65.28795,-25.24508],[-65.28769,-25.24025],[-65.28549,-25.24016],[-65.28059,-25.23773],[-65.27983,-25.23357],[-65.27559,-25.23097],[-65.27421,-25.22423],[-65.27118,-25.22177],[-65.27265,-25.21856],[-65.27742,-25.2145],[-65.27868,-25.21163],[-65.27862,-25.20673],[-65.28069,-25.20072],[-65.27751,-25.19989],[-65.27699,-25.19886],[-65.27912,-25.19359],[-65.27882,-25.19158],[-65.27694,-25.18957],[-65.27664,-25.18713],[-65.27495,-25.18552],[-65.2754,-25.18368],[-65.27306,-25.17995],[-65.26711,-25.17419],[-65.26524,-25.17117],[-65.2656,-25.16357],[-65.25806,-25.16157],[-65.24904,-25.16065],[-65.2474,-25.15929],[-65.24445,-25.15868],[-65.24281,-25.16017],[-65.23792,-25.15447],[-65.23118,-25.15652],[-65.22873,-25.15547],[-65.2263,-25.15038],[-65.22766,-25.14277],[-65.22899,-25.13994],[-65.23476,-25.1352],[-65.23693,-25.12834],[-65.24456,-25.11539],[-65.25426,-25.11096],[-65.26641,-25.10685],[-65.2684,-25.10297],[-65.26909,-25.09775],[-65.27518,-25.09345],[-65.27487,-25.09151],[-65.27259,-25.08777],[-65.27228,-25.08463],[-65.27524,-25.08345],[-65.27722,-25.08152],[-65.27805,-25.07899],[-65.28069,-25.07617],[-65.28038,-25.07333],[-65.28351,-25.0708],[-65.28614,-25.06977],[-65.28796,-25.06709],[-65.29025,-25.06696],[-65.29223,-25.06517],[-65.29502,-25.06504],[-65.29584,-25.0634],[-65.3057,-25.06016],[-65.30395,-25.05015],[-65.3071,-25.03785],[-65.30372,-25.03246],[-65.30465,-25.03056],[-65.30701,-25.02997],[-65.31111,-25.02366],[-65.31651,-25.01974],[-65.31788,-25.00876],[-65.31987,-25.00483],[-65.32356,-25.00043],[-65.32291,-24.99887],[-65.32017,-24.99695],[-65.32335,-24.9898],[-65.32313,-24.98275],[-65.32407,-24.97965],[-65.3232,-24.97022],[-65.32439,-24.96735],[-65.32223,-24.96264],[-65.32281,-24.96225],[-65.32037,-24.96053],[-65.32027,-24.95563],[-65.31702,-24.9512],[-65.32174,-24.94895],[-65.32215,-24.9474],[-65.32504,-24.94514],[-65.33029,-24.94314],[-65.33569,-24.93731],[-65.33688,-24.93505],[-65.3365,-24.93325],[-65.33769,-24.93147],[-65.33992,-24.93064],[-65.34374,-24.9266],[-65.34415,-24.92361],[-65.34272,-24.9205],[-65.34378,-24.91919],[-65.34353,-24.91669],[-65.34879,-24.91229],[-65.35052,-24.90704],[-65.34779,-24.90261],[-65.34898,-24.90142],[-65.34794,-24.89867],[-65.35005,-24.89593],[-65.34836,-24.8939],[-65.34838,-24.88984],[-65.34984,-24.88698],[-65.34686,-24.88147],[-65.3423,-24.87584],[-65.34277,-24.86234],[-65.34369,-24.86092],[-65.35248,-24.85677],[-65.35498,-24.85416],[-65.37174,-24.85729],[-65.37415,-24.8565],[-65.37546,-24.85837],[-65.37744,-24.85585],[-65.38033,-24.85533],[-65.38387,-24.85651],[-65.38622,-24.85425],[-65.388,-24.85529],[-65.38783,-24.85329],[-65.38893,-24.8518],[-65.39336,-24.85038],[-65.39368,-24.85208],[-65.39763,-24.8509],[-65.40431,-24.85166],[-65.4102,-24.85329],[-65.41323,-24.85224],[-65.41832,-24.85723],[-65.42323,-24.85814],[-65.42828,-24.86114],[-65.43325,-24.86053],[-65.43652,-24.85917],[-65.44736,-24.86281],[-65.46526,-24.86088],[-65.4701,-24.86278],[-65.47539,-24.8715],[-65.47658,-24.87194],[-65.4904,-24.87358],[-65.50542,-24.87421],[-65.5143,-24.87632],[-65.51716,-24.87601],[-65.51499,-24.85755],[-65.51977,-24.85787],[-65.52061,-24.84548],[-65.53178,-24.84477],[-65.52626,-24.84035],[-65.50361,-24.83226],[-65.4641,-24.81969],[-65.45478,-24.81847],[-65.45212,-24.80719],[-65.4498,-24.8033],[-65.46081,-24.79941],[-65.46961,-24.79398],[-65.47108,-24.78742],[-65.47392,-24.78283],[-65.47818,-24.78246],[-65.48008,-24.78024],[-65.47938,-24.7769],[-65.48471,-24.76322],[-65.48472,-24.75977],[-65.48246,-24.75519],[-65.48031,-24.74541],[-65.47883,-24.7426],[-65.47862,-24.72953],[-65.47943,-24.72461],[-65.47803,-24.72022],[-65.47871,-24.71813],[-65.47747,-24.71447],[-65.47703,-24.70765],[-65.47779,-24.70543],[-65.47519,-24.70711],[-65.46516,-24.70629],[-65.46036,-24.70961],[-65.45664,-24.71095],[-65.44519,-24.71342],[-65.433,-24.71464],[-65.43046,-24.71395],[-65.42315,-24.71412],[-65.40961,-24.71106],[-65.40251,-24.71103],[-65.39593,-24.71188],[-65.38691,-24.71591],[-65.38119,-24.71608],[-65.37758,-24.7178],[-65.36846,-24.71893],[-65.35787,-24.7183],[-65.34917,-24.72146],[-65.3426,-24.72162],[-65.32122,-24.71785],[-65.31337,-24.71859],[-65.31084,-24.71742],[-65.30861,-24.7176],[-65.30228,-24.71341],[-65.29941,-24.71436],[-65.2951,-24.71819],[-65.29302,-24.71901],[-65.28991,-24.71947],[-65.28173,-24.71884],[-65.26697,-24.71391],[-65.26361,-24.7114],[-65.25855,-24.71043],[-65.25323,-24.71099],[-65.23933,-24.71588],[-65.22294,-24.71657],[-65.20449,-24.71213],[-65.1492,-24.70492]]]]}},{"type":"Feature","properties":{"nombre":"San Antonio de los Cobres"},"geometry":{"type":"MultiPolygon","coordinates":[[[[-66.98372,-23.9066],[-66.98197,-23.91081],[-66.97944,-23.92265],[-66.96992,-23.93635],[-66.96154,-23.94433],[-66.95808,-23.95088],[-66.95551,-23.95356],[-66.95463,-23.95729],[-66.94955,-23.96508],[-66.951,-23.97089],[-66.94112,-23.98404],[-66.93928,-23.98427],[-66.93803,-23.98344],[-66.93541,-23.98035],[-66.9252,-23.97323],[-66.91515,-23.97024],[-66.90609,-23.97207],[-66.88707,-23.97173],[-66.88252,-23.97302],[-66.88064,-23.97439],[-66.88235,-23.98225],[-66.87991,-23.99385],[-66.86733,-24.00904],[-66.86257,-24.01809],[-66.84005,-24.06806],[-66.83737,-24.07074],[-66.82436,-24.07995],[-66.80117,-24.09455],[-66.79737,-24.09637],[-66.7938,-24.09685],[-66.79023,-24.09613],[-66.78643,-24.09423],[-66.78452,-24.09161],[-66.77524,-24.0878],[-66.76335,-24.08733],[-66.76001,-24.08828],[-66.75216,-24.08709],[-66.74574,-24.08923],[-66.74098,-24.09256],[-66.7386,-24.09566],[-66.73384,-24.10422],[-66.73265,-24.11065],[-66.72908,-24.11921],[-66.72646,-24.12231],[-66.72242,-24.12564],[-66.71956,-24.12659],[-66.71409,-24.1323],[-66.70743,-24.13278],[-66.69958,-24.13682],[-66.68958,-24.13754],[-66.68292,-24.13968],[-66.67864,-24.14206],[-66.67364,-24.14729],[-66.67174,-24.15086],[-66.66603,-24.15752],[-66.66031,-24.16181],[-66.65294,-24.16585],[-66.64628,-24.17251],[-66.6408,-24.17465],[-66.62914,-24.17608],[-66.62557,-24.17751],[-66.61939,-24.18179],[-66.61534,-24.18274],[-66.60392,-24.18322],[-66.59964,-24.18536],[-66.59083,-24.18798],[-66.57989,-24.18893],[-66.57227,-24.18869],[-66.5668,-24.18608],[-66.55871,-24.18727],[-66.55705,-24.18846],[-66.55706,-24.19181],[-66.54875,-24.19368],[-66.54676,-24.19598],[-66.54558,-24.19834],[-66.5468,-24.20413],[-66.54363,-24.20764],[-66.53324,-24.20745],[-66.51839,-24.20154],[-66.51206,-24.19743],[-66.5058,-24.1974],[-66.50005,-24.19868],[-66.49582,-24.20237],[-66.49122,-24.20927],[-66.48686,-24.21237],[-66.48336,-24.213],[-66.48148,-24.21016],[-66.47234,-24.20392],[-66.46901,-24.19845],[-66.47305,-24.19155],[-66.47519,-24.19012],[-66.47733,-24.18727],[-66.47876,-24.18346],[-66.47543,-24.18108],[-66.47115,-24.18025],[-66.4603,-24.17395],[-66.45568,-24.17013],[-66.44822,-24.16871],[-66.44566,-24.16473],[-66.43484,-24.16794],[-66.43371,-24.16615],[-66.43073,-24.16449],[-66.42576,-24.16561],[-66.42249,-24.16395],[-66.42062,-24.16074],[-66.42043,-24.15774],[-66.42032,-24.15467],[-66.42211,-24.1495],[-66.42175,-24.14783],[-66.41949,-24.14343],[-66.41481,-24.14339],[-66.41425,-24.12868],[-66.40872,-24.12576],[-66.40307,-24.12445],[-66.39772,-24.1254],[-66.39698,-24.12838],[-66.39363,-24.12894],[-66.38755,-24.12719],[-66.38178,-24.12778],[-66.38233,-24.12358],[-66.38174,-24.12221],[-66.37579,-24.11728],[-66.37642,-24.11577],[-66.37295,-24.10615],[-66.371,-24.09649],[-66.36952,-24.09316],[-66.36229,-24.08736],[-66.36324,-24.08471],[-66.36954,-24.08257],[-66.3705,-24.08007],[-66.36907,-24.06532],[-66.368,-24.06139],[-66.37018,-24.05009],[-66.36684,-24.04486],[-66.36464,-24.03838],[-66.3584,-24.03397],[-66.35578,-24.02904],[-66.35054,-24.02368],[-66.34971,-24.02118],[-66.35233,-24.01744],[-66.35286,-24.015],[-66.35251,-24.00839],[-66.35126,-24.00613],[-66.35376,-24.0012],[-66.35334,-23.99864],[-66.34912,-23.99495],[-66.34944,-23.99156],[-66.34635,-23.9881],[-66.33945,-23.98435],[-66.34721,-23.98204],[-66.35453,-23.98424],[-66.35929,-23.98448],[-66.36288,-23.98346],[-66.36481,-23.98171],[-66.36181,-23.97681],[-66.36814,-23.97191],[-66.36773,-23.96915],[-66.36529,-23.96448],[-66.36519,-23.95891],[-66.364,-23.95396],[-66.36062,-23.94921],[-66.36072,-23.94749],[-66.36417,-23.94117],[-66.36405,-23.93891],[-66.3622,-23.93659],[-66.36669,-23.93366],[-66.36669,-23.93207],[-66.36613,-23.93035],[-66.36193,-23.926],[-66.36062,-23.92089],[-66.36134,-23.9166],[-66.3599,-23.91234],[-66.15479,-24.01612],[-66.23653,-24.43778],[-66.5021,-24.24271],[-66.50664,-24.25504],[-66.50692,-24.26012],[-66.50535,-24.264],[-66.50617,-24.27053],[-66.50566,-24.27489],[-66.50996,-24.29521],[-66.50628,-24.29861],[-66.50524,-24.30297],[-66.5013,-24.30904],[-66.49607,-24.32285],[-66.48899,-24.33522],[-66.48742,-24.34055],[-66.4893,-24.34635],[-66.49066,-24.35724],[-66.48783,-24.3771],[-66.48573,-24.38049],[-66.47861,-24.38415],[-66.42977,-24.40221],[-66.42028,-24.40877],[-66.41132,-24.41727],[-66.40606,-24.42575],[-66.40528,-24.42939],[-66.40563,-24.45819],[-66.40198,-24.47442],[-66.36748,-24.52461],[-66.36064,-24.53867],[-66.3583,-24.55199],[-66.35886,-24.56433],[-66.3663,-24.57424],[-66.36772,-24.60715],[-66.38927,-24.62213],[-66.40809,-24.65794],[-66.41504,-24.6674],[-66.41715,-24.67428],[-66.41783,-24.68001],[-66.41627,-24.68396],[-66.41276,-24.68911],[-66.40861,-24.69964],[-66.41163,-24.70321],[-66.41612,-24.71659],[-66.42619,-24.73156],[-66.42567,-24.74734],[-66.42371,-24.7554],[-66.41881,-24.76209],[-66.41105,-24.76703],[-66.40885,-24.77385],[-66.40861,-24.78162],[-66.41263,-24.78695],[-66.41428,-24.79331],[-66.41312,-24.79762],[-66.41011,-24.79894],[-66.40868,-24.80122],[-66.40636,-24.81117],[-66.40361,-24.81318],[-66.404,-24.82356],[-66.41176,-24.81258],[-66.42048,-24.81493],[-66.4599,-24.83051],[-66.47811,-24.83595],[-66.48233,-24.83828],[-66.48842,-24.83731],[-66.4943,-24.8405],[-66.49789,-24.84026],[-66.52497,-24.84466],[-66.53692,-24.85054],[-66.53577,-24.85516],[-66.55599,-24.87101],[-66.56737,-24.89854],[-66.59635,-24.93681],[-66.58861,-24.96372],[-66.59333,-24.99694],[-66.61498,-25.01935],[-66.61858,-25.04044],[-66.62363,-25.05022],[-66.60901,-25.0632],[-66.61469,-25.07061],[-66.61355,-25.08622],[-66.61441,-25.09618],[-66.6257,-25.106],[-66.62428,-25.11498],[-66.6265,-25.12526],[-66.62065,-25.14217],[-66.60087,-25.1439],[-66.59049,-25.15921],[-66.57131,-25.17072],[-66.55744,-25.17096],[-66.54496,-25.1809],[-66.53731,-25.20312],[-66.55159,-25.2275],[-66.54807,-25.25058],[-66.53705,-25.26564],[-66.55539,-25.28726],[-66.55952,-25.29878],[-66.55819,-25.30065],[-66.87927,-25.24173],[-67.38346,-25.24003],[-67.32769,-25.20062],[-67.34796,-25.13748],[-67.32977,-25.0701],[-67.29189,-24.95124],[-67.29799,-24.85421],[-67.28876,-24.79399],[-66.99997,-24.79619],[-67.00237,-24.7817],[-67.00376,-24.75628],[-67.01563,-24.7478],[-67.01792,-24.74056],[-67.01629,-24.73666],[-67.01909,-24.726],[-67.01915,-24.72082],[-67.02312,-24.70957],[-67.02386,-24.69482],[-67.022,-24.68985],[-67.02884,-24.67642],[-67.02663,-24.66814],[-67.03096,-24.66176],[-67.03125,-24.65766],[-67.03363,-24.64885],[-67.03908,-24.63771],[-67.03561,-24.62988],[-67.02848,-24.62582],[-67.02202,-24.61913],[-67.01517,-24.61581],[-67.01275,-24.61907],[-67.00674,-24.61811],[-67.00135,-24.60917],[-66.99627,-24.60472],[-66.99595,-24.59849],[-66.98518,-24.59906],[-66.98214,-24.59397],[-66.98454,-24.58668],[-66.99129,-24.57439],[-66.99549,-24.57464],[-67.02777,-24.54638],[-67.05145,-24.54331],[-67.06108,-24.5339],[-67.06248,-24.52892],[-67.06192,-24.51973],[-67.0566,-24.51319],[-67.05471,-24.50797],[-67.05907,-24.50387],[-67.05522,-24.50042],[-67.05529,-24.49638],[-67.05207,-24.49191],[-67.05557,-24.48602],[-67.05277,-24.47369],[-67.04884,-24.468],[-67.04762,-24.46353],[-67.04995,-24.45981],[-67.05175,-24.4527],[-67.05659,-24.44664],[-67.06721,-24.43823],[-67.07541,-24.42819],[-67.0706,-24.42376],[-67.06977,-24.4196],[-67.07462,-24.41531],[-67.07261,-24.40596],[-67.07397,-24.37882],[-67.07495,-24.37413],[-67.07891,-24.37171],[-67.08032,-24.36484],[-67.07477,-24.3655],[-67.07121,-24.36064],[-67.07321,-24.35595],[-67.08221,-24.34684],[-67.09512,-24.34311],[-67.09174,-24.33357],[-67.09214,-24.3136],[-67.09505,-24.30921],[-67.09781,-24.29984],[-67.10094,-24.29441],[-67.1021,-24.28452],[-67.10173,-24.28047],[-67.10337,-24.2737],[-67.10571,-24.269],[-67.10353,-24.266],[-67.10406,-24.26226],[-67.10563,-24.25933],[-67.10167,-24.1909],[-67.3306,-24.03729],[-67.32262,-24.03416],[-67.31337,-24.00371],[-67.30942,-23.99434],[-67.27036,-23.87254],[-67.26852,-23.86504],[-67.23666,-23.77054],[-67.23377,-23.7596],[-67.21305,-23.69492],[-66.99759,-23.88501],[-66.98855,-23.89512],[-66.98722,-23.89923],[-66.98497,-23.90272],[-66.98505,-23.90514],[-66.98372,-23.9066]]]]}},{"type":"Feature","properties":{"nombre":"San Carlos"},"geometry":{"type":"MultiPolygon","coordinates":[[[[-65.85457,-25.18653],[-65.85334,-25.18797],[-65.85,-25.18829],[-65.84841,-25.19021],[-65.84314,-25.19244],[-65.83803,-25.19739],[-65.83928,-25.21861],[-65.83824,-25.22564],[-65.831,-25.2397],[-65.82996,-25.24369],[-65.83099,-25.24627],[-65.83099,-25.25025],[-65.82918,-25.2526],[-65.82479,-25.2547],[-65.8235,-25.25704],[-65.82272,-25.2615],[-65.82477,-25.2683],[-65.82914,-25.27698],[-65.82939,-25.28354],[-65.8281,-25.28612],[-65.82165,-25.29127],[-65.8172,-25.30119],[-65.81232,-25.30042],[-65.81023,-25.29928],[-65.80464,-25.30155],[-65.79487,-25.30129],[-65.7919,-25.30533],[-65.79335,-25.30722],[-65.79352,-25.30987],[-65.79008,-25.31657],[-65.79127,-25.31938],[-65.79282,-25.32047],[-65.79418,-25.32422],[-65.79279,-25.33685],[-65.7933,-25.33965],[-65.79647,-25.34149],[-65.79741,-25.34349],[-65.7955,-25.35362],[-65.79613,-25.35543],[-65.7936,-25.35715],[-65.79189,-25.36163],[-65.79136,-25.37068],[-65.79274,-25.37148],[-65.79189,-25.37453],[-65.78929,-25.37675],[-65.78672,-25.38313],[-65.77893,-25.39009],[-65.77914,-25.39171],[-65.78564,-25.40061],[-65.78721,-25.40749],[-65.78545,-25.41011],[-65.78081,-25.41353],[-65.77825,-25.41779],[-65.77919,-25.42123],[-65.77718,-25.4241],[-65.77655,-25.42677],[-65.77735,-25.42974],[-65.77591,-25.43155],[-65.77675,-25.43346],[-65.77611,-25.43842],[-65.77852,-25.44292],[-65.77921,-25.44612],[-65.77903,-25.44861],[-65.77745,-25.45037],[-65.77724,-25.45228],[-65.77937,-25.45313],[-65.78022,-25.45532],[-65.77965,-25.45725],[-65.78153,-25.46174],[-65.77986,-25.46342],[-65.77679,-25.46479],[-65.76938,-25.46699],[-65.76847,-25.4687],[-65.76941,-25.47434],[-65.7674,-25.47959],[-65.76059,-25.48086],[-65.75578,-25.48428],[-65.75542,-25.49145],[-65.75266,-25.4955],[-65.75284,-25.49829],[-65.75094,-25.49924],[-65.7499,-25.50142],[-65.74851,-25.50921],[-65.74702,-25.51309],[-65.74884,-25.51685],[-65.75046,-25.52694],[-65.75259,-25.52933],[-65.7535,-25.53201],[-65.75203,-25.53402],[-65.75155,-25.5365],[-65.75348,-25.5451],[-65.74946,-25.54959],[-65.75031,-25.55489],[-65.75168,-25.55708],[-65.75769,-25.55989],[-65.76059,-25.56842],[-65.76575,-25.56677],[-65.77159,-25.56834],[-65.77262,-25.57052],[-65.77638,-25.57198],[-65.7768,-25.57361],[-65.77469,-25.57695],[-65.77479,-25.57914],[-65.77384,-25.58144],[-65.76915,-25.58564],[-65.76633,-25.59805],[-65.76361,-25.60496],[-65.76326,-25.60839],[-65.76618,-25.61276],[-65.76772,-25.61791],[-65.7672,-25.62024],[-65.76496,-25.62258],[-65.76444,-25.62429],[-65.7646,-25.62913],[-65.76596,-25.63443],[-65.77008,-25.64286],[-65.76993,-25.64862],[-65.77472,-25.64845],[-65.7799,-25.64589],[-65.78627,-25.64497],[-65.78824,-25.64305],[-65.79115,-25.64284],[-65.79415,-25.64064],[-65.79713,-25.64093],[-65.80139,-25.63694],[-65.80493,-25.63687],[-65.80681,-25.63816],[-65.8083,-25.64101],[-65.81255,-25.64273],[-65.81317,-25.6448],[-65.81781,-25.64744],[-65.81968,-25.65035],[-65.82138,-25.65089],[-65.82311,-25.6538],[-65.82747,-25.65788],[-65.8308,-25.65934],[-65.83298,-25.66231],[-65.84132,-25.67012],[-65.84132,-25.67332],[-65.84465,-25.67973],[-65.84451,-25.68409],[-65.8483,-25.68712],[-65.84945,-25.68904],[-65.84931,-25.69737],[-65.85236,-25.69804],[-65.85119,-25.70096],[-65.84666,-25.70251],[-65.84761,-25.70893],[-65.8508,-25.70977],[-65.84962,-25.71337],[-65.84493,-25.71581],[-65.84302,-25.71811],[-65.84427,-25.72116],[-65.84387,-25.72217],[-65.84245,-25.7225],[-65.84245,-25.7242],[-65.84565,-25.72663],[-65.84904,-25.73318],[-65.84699,-25.73401],[-65.84854,-25.73697],[-65.84563,-25.74047],[-65.84711,-25.74151],[-65.84655,-25.74286],[-65.8448,-25.74396],[-65.84569,-25.748],[-65.84407,-25.74928],[-65.84631,-25.75015],[-65.84641,-25.75164],[-65.8501,-25.75228],[-65.85218,-25.75545],[-65.85396,-25.75593],[-65.85379,-25.75817],[-65.85524,-25.75835],[-65.85524,-25.75996],[-65.85356,-25.75978],[-65.85306,-25.76098],[-65.85488,-25.76193],[-65.85626,-25.76137],[-65.8553,-25.76307],[-65.85655,-25.76504],[-65.8552,-25.76704],[-65.85378,-25.7657],[-65.8524,-25.76582],[-65.85374,-25.76985],[-65.85612,-25.77018],[-65.85681,-25.77138],[-65.85813,-25.77051],[-65.85962,-25.77195],[-65.8613,-25.77195],[-65.8606,-25.77515],[-65.86338,-25.77354],[-65.86546,-25.77435],[-65.86519,-25.77575],[-65.86793,-25.77614],[-65.86918,-25.77531],[-65.8709,-25.77702],[-65.86898,-25.77783],[-65.79597,-25.78275],[-65.79791,-25.80029],[-65.79581,-25.80127],[-65.79317,-25.80893],[-65.7978,-25.81496],[-65.79904,-25.81877],[-65.79839,-25.82189],[-65.79869,-25.83539],[-65.79593,-25.84432],[-65.79734,-25.84742],[-65.80357,-25.85527],[-65.80458,-25.85856],[-65.79911,-25.87351],[-65.79737,-25.88201],[-65.79799,-25.88575],[-65.79661,-25.88972],[-65.7966,-25.89505],[-65.79722,-25.89958],[-65.80573,-25.90719],[-65.80685,-25.91331],[-65.80503,-25.91668],[-65.89318,-25.9575],[-65.89352,-25.95325],[-65.89471,-25.95206],[-65.89454,-25.94602],[-65.89779,-25.94406],[-65.8978,-25.93872],[-65.90076,-25.93516],[-65.90668,-25.93237],[-65.94142,-25.93365],[-65.94047,-25.92994],[-65.94632,-25.92968],[-65.94841,-25.92814],[-65.94843,-25.92495],[-65.96081,-25.92259],[-65.96386,-25.93446],[-66.02581,-25.92487],[-66.20197,-25.92118],[-66.18125,-25.88064],[-66.17683,-25.85301],[-66.20479,-25.82884],[-66.21232,-25.82081],[-66.23247,-25.78797],[-66.23027,-25.77007],[-66.22687,-25.75482],[-66.21535,-25.73027],[-66.21704,-25.72604],[-66.14436,-25.69724],[-66.06493,-25.69845],[-66.06017,-25.70188],[-66.04439,-25.70472],[-66.04668,-25.69491],[-66.04012,-25.69391],[-66.02447,-25.69334],[-66.01116,-25.69732],[-65.99347,-25.70748],[-65.98526,-25.71951],[-65.98094,-25.72194],[-65.94049,-25.72847],[-65.93626,-25.72801],[-65.94439,-25.69723],[-65.95574,-25.6948],[-65.95857,-25.69139],[-65.95506,-25.68295],[-65.96614,-25.67638],[-65.97838,-25.67474],[-65.98005,-25.66624],[-65.98212,-25.66294],[-65.98111,-25.65594],[-65.98266,-25.64942],[-65.98617,-25.6419],[-65.99151,-25.63828],[-65.98342,-25.61091],[-65.97534,-25.58882],[-65.96914,-25.57661],[-65.96611,-25.56059],[-65.95385,-25.55413],[-65.94572,-25.54887],[-65.94658,-25.53553],[-65.94899,-25.52352],[-65.95297,-25.51653],[-65.95577,-25.49989],[-65.95512,-25.4936],[-65.95717,-25.48082],[-65.95663,-25.47349],[-65.94514,-25.47365],[-65.95447,-25.44669],[-65.95751,-25.42996],[-65.95427,-25.42655],[-65.95894,-25.42212],[-65.95225,-25.40159],[-65.97438,-25.38729],[-65.97095,-25.38173],[-65.9799,-25.38289],[-66.01019,-25.37688],[-66.00794,-25.36728],[-66.00473,-25.36079],[-66.00423,-25.35386],[-66.00279,-25.35171],[-66.00081,-25.34227],[-66.00042,-25.32758],[-65.99912,-25.32375],[-65.99985,-25.32225],[-65.99928,-25.31912],[-66.00046,-25.3131],[-66.00156,-25.31137],[-65.97979,-25.30317],[-65.97152,-25.29607],[-65.96473,-25.29204],[-65.96208,-25.2887],[-65.95943,-25.28778],[-65.95393,-25.28314],[-65.95047,-25.26887],[-65.94701,-25.26238],[-65.9464,-25.2596],[-65.94599,-25.25664],[-65.94701,-25.24552],[-65.946,-25.24367],[-65.9352,-25.24051],[-65.89974,-25.24438],[-65.87775,-25.24492],[-65.86715,-25.24195],[-65.86552,-25.23639],[-65.86593,-25.23268],[-65.86471,-25.23009],[-65.86329,-25.22916],[-65.86268,-25.22712],[-65.8637,-25.22212],[-65.86046,-25.20803],[-65.85906,-25.18876],[-65.85741,-25.18361],[-65.8558,-25.18334],[-65.85457,-25.18446],[-65.85457,-25.18653]]]]}},{"type":"Feature","properties":{"nombre":"San José de Metán"},"geometry":{"type":"MultiPolygon","coordinates":[[[[-64.78426,-25.35789],[-64.78101,-25.35963],[-64.78007,-25.36152],[-64.7921,-25.46274],[-64.79958,-25.51617],[-64.79325,-25.51687],[-64.78821,-25.51475],[-64.78008,-25.51437],[-64.7792,-25.51114],[-64.77761,-25.51247],[-64.77356,-25.51016],[-64.77003,-25.51183],[-64.76912,-25.51334],[-64.77096,-25.5305],[-64.77234,-25.53028],[-64.77938,-25.56687],[-64.77839,-25.5699],[-64.79439,-25.64393],[-64.81681,-25.648],[-64.8269,-25.64877],[-64.83576,-25.65153],[-64.84234,-25.65087],[-64.84615,-25.65243],[-64.85211,-25.64717],[-64.8547,-25.64663],[-64.86211,-25.64766],[-64.86647,-25.6453],[-64.8701,-25.64196],[-64.87212,-25.64193],[-64.87507,-25.63935],[-64.879,-25.63958],[-64.88443,-25.63708],[-64.88729,-25.6372],[-64.89249,-25.6406],[-64.90108,-25.6423],[-64.90401,-25.64151],[-64.90648,-25.64229],[-64.90841,-25.64047],[-64.9107,-25.64212],[-64.91184,-25.63978],[-64.91526,-25.64128],[-64.91556,-25.63915],[-64.91877,-25.63922],[-64.91979,-25.63811],[-64.92163,-25.64011],[-64.92365,-25.64038],[-64.92829,-25.64322],[-64.93005,-25.64088],[-64.93161,-25.64349],[-64.93553,-25.64434],[-64.93765,-25.64695],[-64.93934,-25.64615],[-64.94158,-25.64708],[-64.94604,-25.64508],[-64.94919,-25.64546],[-64.95109,-25.64659],[-64.95274,-25.64502],[-64.95549,-25.6454],[-64.95722,-25.64725],[-64.96183,-25.64759],[-64.96321,-25.64999],[-64.9663,-25.65068],[-64.96708,-25.6516],[-64.96648,-25.65547],[-64.96811,-25.6563],[-64.96997,-25.65488],[-64.97271,-25.65699],[-64.97485,-25.65629],[-64.98008,-25.65709],[-64.98641,-25.65974],[-64.98833,-25.65924],[-64.99012,-25.66053],[-64.99226,-25.65968],[-64.99572,-25.66271],[-64.99593,-25.6648],[-64.99957,-25.6663],[-65.0016,-25.66571],[-65.00266,-25.66668],[-65.00368,-25.66613],[-65.00648,-25.66783],[-65.01127,-25.66674],[-65.01675,-25.67019],[-65.02103,-25.67017],[-65.02349,-25.67182],[-65.02771,-25.6722],[-65.03149,-25.67085],[-65.03789,-25.67135],[-65.03909,-25.66953],[-65.04156,-25.67077],[-65.04231,-25.66837],[-65.04411,-25.66762],[-65.04487,-25.66406],[-65.0464,-25.66315],[-65.04743,-25.66102],[-65.04946,-25.66042],[-65.04971,-25.65721],[-65.05082,-25.6589],[-65.05274,-25.65835],[-65.05453,-25.65923],[-65.05746,-25.65807],[-65.05888,-25.65625],[-65.06085,-25.65585],[-65.06248,-25.65693],[-65.06969,-25.65474],[-65.07137,-25.65628],[-65.07844,-25.65831],[-65.08212,-25.66226],[-65.08639,-25.66279],[-65.08859,-25.66215],[-65.09074,-25.66012],[-65.09734,-25.65797],[-65.09979,-25.65324],[-65.10835,-25.65172],[-65.11402,-25.64647],[-65.12325,-25.64579],[-65.12725,-25.63901],[-65.12728,-25.63488],[-65.12963,-25.63195],[-65.13238,-25.63022],[-65.13219,-25.62866],[-65.13342,-25.6272],[-65.13324,-25.62371],[-65.13682,-25.61414],[-65.143,-25.60421],[-65.14619,-25.60201],[-65.14815,-25.6018],[-65.15185,-25.59629],[-65.15967,-25.595],[-65.16412,-25.58772],[-65.16564,-25.58064],[-65.16348,-25.57398],[-65.16424,-25.57111],[-65.16329,-25.56667],[-65.16185,-25.56334],[-65.15459,-25.55333],[-65.15364,-25.54956],[-65.15367,-25.54513],[-65.15224,-25.54092],[-65.14933,-25.5378],[-65.14959,-25.53581],[-65.15917,-25.527],[-65.16339,-25.51773],[-65.1612,-25.5155],[-65.15881,-25.50884],[-65.15565,-25.50661],[-65.15375,-25.49884],[-65.15475,-25.49663],[-65.15891,-25.49378],[-65.16092,-25.48626],[-65.16632,-25.4812],[-65.16463,-25.47875],[-65.16368,-25.47542],[-65.16394,-25.47321],[-65.16274,-25.47054],[-65.16251,-25.46744],[-65.16694,-25.46193],[-65.16676,-25.45373],[-65.16366,-25.44331],[-65.17247,-25.43826],[-65.17589,-25.43762],[-65.17981,-25.43498],[-65.18252,-25.43079],[-65.18231,-25.42702],[-65.18356,-25.42127],[-65.18728,-25.4131],[-65.18657,-25.40955],[-65.18462,-25.41409],[-65.18315,-25.41549],[-65.18043,-25.41609],[-65.17385,-25.41297],[-65.17034,-25.4148],[-65.15917,-25.41536],[-65.15392,-25.41791],[-65.15388,-25.41553],[-65.15127,-25.41556],[-65.1513,-25.41794],[-65.14869,-25.41797],[-65.14862,-25.41322],[-65.146,-25.41325],[-65.14597,-25.41088],[-65.14335,-25.41091],[-65.1407,-25.40857],[-65.13809,-25.4086],[-65.13805,-25.40622],[-65.13544,-25.40625],[-65.13547,-25.40863],[-65.13282,-25.40629],[-65.13279,-25.40391],[-65.12233,-25.40404],[-65.12229,-25.40166],[-65.11971,-25.40407],[-65.11968,-25.40169],[-65.1171,-25.4041],[-65.10402,-25.40426],[-65.10399,-25.40188],[-65.0883,-25.40207],[-65.08565,-25.39972],[-65.08303,-25.39975],[-65.083,-25.39738],[-65.07777,-25.39744],[-65.07512,-25.39509],[-65.0725,-25.39512],[-65.07247,-25.39275],[-65.06985,-25.39278],[-65.07171,-25.38886],[-65.06623,-25.38862],[-65.06132,-25.3922],[-65.06007,-25.39594],[-65.06076,-25.40255],[-65.05957,-25.40551],[-65.05962,-25.41387],[-64.93547,-25.37923],[-64.91352,-25.37407],[-64.91392,-25.37769],[-64.92044,-25.40019],[-64.84909,-25.39807],[-64.81685,-25.3745],[-64.79536,-25.35745],[-64.79371,-25.35866],[-64.79186,-25.35774],[-64.79043,-25.35829],[-64.78825,-25.35771],[-64.7872,-25.3583],[-64.78531,-25.35742],[-64.78426,-25.35789]]]]}},{"type":"Feature","properties":{"nombre":"San José de los Cerrillos"},"geometry":{"type":"MultiPolygon","coordinates":[[[[-65.39175,-24.85131],[-65.38893,-24.8518],[-65.38783,-24.85329],[-65.388,-24.85529],[-65.38622,-24.85425],[-65.38387,-24.85651],[-65.38033,-24.85533],[-65.37744,-24.85585],[-65.37546,-24.85837],[-65.37415,-24.8565],[-65.37174,-24.85729],[-65.35498,-24.85416],[-65.35248,-24.85677],[-65.34369,-24.86092],[-65.34277,-24.86234],[-65.3423,-24.87584],[-65.34686,-24.88147],[-65.34984,-24.88698],[-65.34838,-24.88984],[-65.34836,-24.8939],[-65.35005,-24.89593],[-65.34794,-24.89867],[-65.34898,-24.90142],[-65.34779,-24.90261],[-65.35052,-24.90704],[-65.34879,-24.91229],[-65.34353,-24.91669],[-65.34378,-24.91919],[-65.34272,-24.9205],[-65.34415,-24.92361],[-65.34374,-24.9266],[-65.33992,-24.93064],[-65.33769,-24.93147],[-65.3365,-24.93325],[-65.33688,-24.93505],[-65.33569,-24.93731],[-65.33029,-24.94314],[-65.32504,-24.94514],[-65.32215,-24.9474],[-65.32174,-24.94895],[-65.31702,-24.9512],[-65.32027,-24.95563],[-65.32037,-24.96053],[-65.32281,-24.96225],[-65.32223,-24.96264],[-65.32439,-24.96735],[-65.3232,-24.97022],[-65.32407,-24.97965],[-65.32313,-24.98275],[-65.32335,-24.9898],[-65.32017,-24.99695],[-65.32291,-24.99887],[-65.39165,-24.98766],[-65.38431,-24.97255],[-65.40199,-24.96885],[-65.40142,-24.95164],[-65.41327,-24.94598],[-65.4128,-24.94297],[-65.41623,-24.94155],[-65.42343,-24.94177],[-65.43661,-24.95272],[-65.43729,-24.95142],[-65.44512,-24.95109],[-65.44679,-24.95235],[-65.45255,-24.95241],[-65.45368,-24.9533],[-65.45318,-24.95914],[-65.45446,-24.96091],[-65.45911,-24.96002],[-65.46168,-24.96159],[-65.46333,-24.9609],[-65.46362,-24.95868],[-65.4704,-24.95938],[-65.47172,-24.96066],[-65.47371,-24.95772],[-65.47402,-24.9551],[-65.47634,-24.95187],[-65.53222,-24.94967],[-65.52867,-24.944],[-65.52043,-24.93499],[-65.52918,-24.93451],[-65.52711,-24.92312],[-65.52928,-24.92237],[-65.52807,-24.92124],[-65.5322,-24.92082],[-65.53099,-24.91489],[-65.53183,-24.91342],[-65.54716,-24.91107],[-65.54671,-24.90252],[-65.54496,-24.90222],[-65.5439,-24.88939],[-65.54187,-24.87923],[-65.53456,-24.87899],[-65.53456,-24.87834],[-65.51389,-24.87955],[-65.5143,-24.87632],[-65.50542,-24.87421],[-65.4904,-24.87358],[-65.47539,-24.8715],[-65.4701,-24.86278],[-65.46526,-24.86088],[-65.44736,-24.86281],[-65.43652,-24.85917],[-65.43325,-24.86053],[-65.42828,-24.86114],[-65.42323,-24.85814],[-65.41832,-24.85723],[-65.41323,-24.85224],[-65.4102,-24.85329],[-65.40431,-24.85166],[-65.39763,-24.8509],[-65.39368,-24.85208],[-65.39336,-24.85038],[-65.39175,-24.85131]]]]}},{"type":"Feature","properties":{"nombre":"San Lorenzo"},"geometry":{"type":"MultiPolygon","coordinates":[[[[-65.56352,-24.65544],[-65.56181,-24.6556],[-65.56022,-24.65937],[-65.55785,-24.65942],[-65.55444,-24.66318],[-65.55146,-24.66395],[-65.54715,-24.66316],[-65.5438,-24.66437],[-65.5421,-24.66381],[-65.53687,-24.66474],[-65.53157,-24.66978],[-65.52549,-24.67048],[-65.52287,-24.67286],[-65.51977,-24.67318],[-65.51471,-24.67583],[-65.51136,-24.67993],[-65.5071,-24.67964],[-65.50333,-24.68151],[-65.49567,-24.68271],[-65.49256,-24.68531],[-65.49017,-24.68891],[-65.48548,-24.692],[-65.48247,-24.69745],[-65.47936,-24.69971],[-65.47851,-24.70125],[-65.46516,-24.70629],[-65.47519,-24.70711],[-65.47786,-24.70551],[-65.47703,-24.70765],[-65.47747,-24.71447],[-65.47871,-24.71813],[-65.47803,-24.72022],[-65.47943,-24.72461],[-65.47862,-24.72953],[-65.47883,-24.7426],[-65.48031,-24.74541],[-65.48246,-24.75519],[-65.48472,-24.75977],[-65.48471,-24.76322],[-65.47938,-24.7769],[-65.48008,-24.78024],[-65.47818,-24.78246],[-65.47392,-24.78283],[-65.47108,-24.78742],[-65.46961,-24.79398],[-65.46081,-24.79941],[-65.4498,-24.8033],[-65.45212,-24.80719],[-65.45478,-24.81847],[-65.4641,-24.81969],[-65.48155,-24.82497],[-65.52626,-24.84035],[-65.53177,-24.84477],[-65.53608,-24.8445],[-65.5451,-24.81491],[-65.5538,-24.82213],[-65.55815,-24.82043],[-65.5608,-24.82134],[-65.56115,-24.81961],[-65.56424,-24.81856],[-65.56771,-24.81478],[-65.57011,-24.81584],[-65.57267,-24.81542],[-65.57365,-24.81424],[-65.57811,-24.81467],[-65.57862,-24.81376],[-65.58222,-24.81217],[-65.58594,-24.8115],[-65.58893,-24.80837],[-65.59212,-24.80835],[-65.59677,-24.80639],[-65.59944,-24.80646],[-65.59804,-24.80535],[-65.59654,-24.80226],[-65.59612,-24.79813],[-65.59458,-24.79606],[-65.59313,-24.78105],[-65.59841,-24.7656],[-65.59931,-24.76061],[-65.59924,-24.73684],[-65.5937,-24.72156],[-65.59449,-24.71965],[-65.59427,-24.70639],[-65.59284,-24.70245],[-65.58985,-24.69814],[-65.58764,-24.69586],[-65.58424,-24.6955],[-65.58268,-24.69239],[-65.58439,-24.68929],[-65.58545,-24.68487],[-65.58441,-24.68379],[-65.57945,-24.68187],[-65.57933,-24.67805],[-65.58275,-24.67232],[-65.58185,-24.66635],[-65.58265,-24.66241],[-65.58148,-24.66109],[-65.5811,-24.65775],[-65.58176,-24.6562],[-65.58075,-24.6458],[-65.58136,-24.64455],[-65.57078,-24.64876],[-65.56688,-24.64929],[-65.56656,-24.65262],[-65.56352,-24.65544]]]]}},{"type":"Feature","properties":{"nombre":"San Ramón de la Nueva Orán"},"geometry":{"type":"MultiPolygon","coordinates":[[[[-64.47521,-22.48933],[-64.47245,-22.4879],[-64.4696,-22.4875],[-64.46812,-22.48871],[-64.4696,-22.49115],[-64.46803,-22.49266],[-64.46109,-22.49152],[-64.45887,-22.49501],[-64.46017,-22.50117],[-64.45694,-22.50444],[-64.4532,-22.50497],[-64.44857,-22.50347],[-64.44491,-22.5064],[-64.44498,-22.50841],[-64.44971,-22.51239],[-64.45187,-22.51525],[-64.45165,-22.51794],[-64.44831,-22.52156],[-64.44551,-22.52289],[-64.44159,-22.52299],[-64.432,-22.52129],[-64.42891,-22.5217],[-64.42557,-22.52511],[-64.42589,-22.52873],[-64.42474,-22.5334],[-64.42275,-22.53468],[-64.41854,-22.53505],[-64.41464,-22.53671],[-64.41265,-22.53775],[-64.41185,-22.53937],[-64.41256,-22.54621],[-64.41508,-22.54921],[-64.41615,-22.55299],[-64.41513,-22.55517],[-64.40885,-22.5578],[-64.40958,-22.56295],[-64.41799,-22.57631],[-64.42008,-22.57772],[-64.42682,-22.57933],[-64.4302,-22.58173],[-64.42903,-22.58561],[-64.42537,-22.58667],[-64.42499,-22.58776],[-64.42542,-22.59073],[-64.42707,-22.59258],[-64.42954,-22.59828],[-64.42912,-22.6005],[-64.42622,-22.6028],[-64.42782,-22.60621],[-64.42757,-22.60829],[-64.42829,-22.60937],[-64.42764,-22.61416],[-64.43017,-22.6202],[-64.43455,-22.62365],[-64.4329,-22.62795],[-64.43389,-22.63135],[-64.43318,-22.63244],[-64.43158,-22.63261],[-64.42673,-22.62982],[-64.42504,-22.62969],[-64.42404,-22.63165],[-64.42399,-22.63436],[-64.42509,-22.63724],[-64.42658,-22.63836],[-64.4282,-22.63847],[-64.43164,-22.63578],[-64.43507,-22.63481],[-64.43975,-22.63588],[-64.44135,-22.63879],[-64.44048,-22.64048],[-64.43494,-22.64291],[-64.43374,-22.64871],[-64.43161,-22.65074],[-64.42548,-22.65232],[-64.42055,-22.65527],[-64.41654,-22.65545],[-64.41367,-22.65664],[-64.4134,-22.65816],[-64.41712,-22.66545],[-64.41829,-22.66979],[-64.41798,-22.67434],[-64.41592,-22.67857],[-64.40661,-22.68215],[-64.4034,-22.68204],[-64.39676,-22.68348],[-64.39443,-22.68688],[-64.39478,-22.69027],[-64.39757,-22.69279],[-64.39907,-22.69667],[-64.39855,-22.7047],[-64.39682,-22.71086],[-64.3923,-22.70973],[-64.39106,-22.71049],[-64.39073,-22.7121],[-64.39703,-22.71361],[-64.40103,-22.71562],[-64.40318,-22.71773],[-64.4028,-22.71896],[-64.39776,-22.72046],[-64.39466,-22.71855],[-64.41674,-22.77344],[-64.4153,-22.77551],[-64.41427,-22.77476],[-64.41312,-22.77586],[-64.41149,-22.77401],[-64.40925,-22.77637],[-64.40964,-22.77848],[-64.40779,-22.77913],[-64.40768,-22.78064],[-64.40359,-22.78115],[-64.40196,-22.7824],[-64.40103,-22.78075],[-64.39945,-22.78175],[-64.39962,-22.78296],[-64.39826,-22.78386],[-64.39749,-22.78261],[-64.39695,-22.78432],[-64.39586,-22.78372],[-64.39619,-22.78552],[-64.39439,-22.78598],[-64.39526,-22.78784],[-64.39396,-22.78769],[-64.39341,-22.78874],[-64.38789,-22.79167],[-64.38574,-22.79149],[-64.38552,-22.79301],[-64.38447,-22.79355],[-64.38204,-22.79261],[-64.38177,-22.79357],[-64.38077,-22.7936],[-64.38062,-22.79475],[-64.3765,-22.79761],[-64.37457,-22.80109],[-64.37231,-22.80231],[-64.36753,-22.80277],[-64.3657,-22.80115],[-64.3612,-22.80271],[-64.3588,-22.80455],[-64.35056,-22.80294],[-64.34933,-22.80624],[-64.34491,-22.80927],[-64.33759,-22.80708],[-64.33261,-22.8091],[-64.3301,-22.81219],[-64.32906,-22.81534],[-64.33008,-22.82022],[-64.32853,-22.8327],[-64.32681,-22.8362],[-64.32691,-22.83873],[-64.32801,-22.84103],[-64.32771,-22.84542],[-64.32887,-22.85596],[-64.32803,-22.86167],[-64.32908,-22.86283],[-64.33176,-22.86304],[-64.33551,-22.8577],[-64.33763,-22.85599],[-64.33959,-22.85603],[-64.34093,-22.86105],[-64.33912,-22.8677],[-64.3368,-22.8733],[-64.33435,-22.87402],[-64.32946,-22.87159],[-64.32447,-22.8743],[-64.32054,-22.86846],[-64.31478,-22.86713],[-64.31319,-22.86932],[-64.31277,-22.87217],[-64.31722,-22.88135],[-64.31503,-22.8827],[-64.32099,-22.88711],[-64.32228,-22.88963],[-64.32059,-22.89696],[-64.31889,-22.90056],[-64.324,-22.90658],[-64.32397,-22.91337],[-64.32509,-22.91629],[-64.33423,-22.92557],[-64.34011,-22.92696],[-64.34234,-22.92953],[-64.34253,-22.93586],[-64.34127,-22.94049],[-64.33847,-22.94363],[-64.32797,-22.95117],[-64.32722,-22.95336],[-64.32953,-22.95869],[-64.33458,-22.96441],[-64.33532,-22.96748],[-64.33439,-22.97078],[-64.3305,-22.97396],[-64.32915,-22.97624],[-64.32779,-22.97923],[-64.32711,-22.98464],[-64.32792,-22.98612],[-64.33072,-22.98748],[-64.33434,-22.99323],[-64.33406,-23.00226],[-64.33272,-23.0089],[-64.3295,-23.01551],[-64.32459,-23.02058],[-64.31639,-23.02111],[-64.31107,-23.02017],[-64.30344,-23.02489],[-64.29652,-23.02505],[-64.2895,-23.02789],[-64.28366,-23.0292],[-64.28159,-23.02895],[-64.27859,-23.03355],[-64.27034,-23.04134],[-64.27029,-23.04908],[-64.27164,-23.0545],[-64.27648,-23.06287],[-64.27682,-23.06492],[-64.27612,-23.06652],[-64.27273,-23.06828],[-64.26875,-23.06693],[-64.26098,-23.07015],[-64.24937,-23.06827],[-64.24763,-23.06879],[-64.2415,-23.08317],[-64.24025,-23.09435],[-64.2388,-23.09633],[-64.23532,-23.09732],[-64.23018,-23.09205],[-64.22829,-23.0915],[-64.2257,-23.09273],[-64.22072,-23.09886],[-64.21856,-23.09927],[-64.21726,-23.09804],[-64.21692,-23.09185],[-64.21508,-23.08799],[-64.21372,-23.08739],[-64.2116,-23.08878],[-64.20821,-23.10183],[-64.20794,-23.10689],[-64.20947,-23.11445],[-64.20445,-23.11975],[-64.20341,-23.1228],[-64.20825,-23.12675],[-64.21333,-23.12851],[-64.21431,-23.13057],[-64.21351,-23.13509],[-64.21137,-23.1375],[-64.20979,-23.13772],[-64.20812,-23.13687],[-64.19843,-23.12547],[-64.19337,-23.12624],[-64.19119,-23.12768],[-64.19075,-23.12908],[-64.19118,-23.1361],[-64.19369,-23.14124],[-64.19817,-23.14474],[-64.20736,-23.15001],[-64.20917,-23.15256],[-64.20912,-23.15626],[-64.20791,-23.15683],[-64.20534,-23.15597],[-64.19764,-23.14868],[-64.18871,-23.14799],[-64.18628,-23.1485],[-64.18395,-23.14974],[-64.1828,-23.15269],[-64.18416,-23.15694],[-64.18879,-23.1634],[-64.20263,-23.17658],[-64.20379,-23.17903],[-64.20368,-23.18207],[-64.20148,-23.18442],[-64.19624,-23.18704],[-64.18688,-23.18845],[-64.1729,-23.19492],[-64.16938,-23.19731],[-64.16802,-23.2007],[-64.1684,-23.20168],[-64.16991,-23.20225],[-64.17775,-23.20148],[-64.18097,-23.20195],[-64.19617,-23.19768],[-64.20233,-23.19465],[-64.20525,-23.19231],[-64.21176,-23.18289],[-64.21408,-23.18213],[-64.21709,-23.1835],[-64.22125,-23.18714],[-64.22343,-23.19142],[-64.22694,-23.20491],[-64.22626,-23.2111],[-64.22388,-23.21716],[-64.21396,-23.22575],[-64.19884,-23.23125],[-64.18149,-23.23263],[-64.17763,-23.23454],[-64.37552,-23.23671],[-64.37954,-23.24176],[-64.38294,-23.2715],[-64.38261,-23.27406],[-64.39087,-23.27599],[-64.3961,-23.27434],[-64.39946,-23.27551],[-64.40299,-23.27568],[-64.40875,-23.27192],[-64.42647,-23.26711],[-64.43711,-23.26932],[-64.44411,-23.26271],[-64.44694,-23.26197],[-64.4501,-23.26273],[-64.45174,-23.26162],[-64.45451,-23.26916],[-64.46604,-23.32145],[-64.50971,-23.32793],[-64.53583,-23.33908],[-64.58054,-23.33532],[-64.59008,-23.33647],[-64.72477,-23.37335],[-64.72795,-23.38373],[-64.73612,-23.38233],[-64.75577,-23.38624],[-64.75651,-23.39334],[-64.75988,-23.40085],[-64.76866,-23.39715],[-64.77187,-23.39296],[-64.77838,-23.39841],[-64.77984,-23.40353],[-64.786,-23.40471],[-64.78819,-23.41095],[-64.80719,-23.41101],[-64.81041,-23.4139],[-64.81341,-23.41195],[-64.81799,-23.41114],[-64.81921,-23.41731],[-64.82667,-23.41809],[-64.83283,-23.41736],[-64.84115,-23.41805],[-64.84959,-23.41059],[-64.85469,-23.41322],[-64.8647,-23.40915],[-64.87641,-23.41217],[-64.88773,-23.41065],[-64.89504,-23.4174],[-64.90219,-23.42038],[-64.90699,-23.41975],[-64.90413,-23.41261],[-64.90382,-23.40861],[-64.90406,-23.40755],[-64.90946,-23.40611],[-64.91053,-23.40082],[-64.90939,-23.39914],[-64.90488,-23.39764],[-64.90048,-23.38933],[-64.90295,-23.38244],[-64.90213,-23.38019],[-64.90243,-23.37692],[-64.90069,-23.37415],[-64.90015,-23.37033],[-64.89718,-23.36906],[-64.89374,-23.36489],[-64.89242,-23.35945],[-64.89339,-23.35776],[-64.89566,-23.35668],[-64.90078,-23.35688],[-64.90467,-23.35426],[-64.90497,-23.35189],[-64.89947,-23.33853],[-64.89968,-23.33541],[-64.90298,-23.32499],[-64.90875,-23.3203],[-64.91039,-23.31558],[-64.91018,-23.31081],[-64.91184,-23.30927],[-64.92267,-23.30595],[-64.92835,-23.30103],[-64.9299,-23.29496],[-64.93575,-23.29029],[-64.93711,-23.28692],[-64.94026,-23.28378],[-64.9402,-23.27951],[-64.94219,-23.2769],[-64.94293,-23.27236],[-64.94581,-23.27104],[-64.94728,-23.26915],[-64.95217,-23.27012],[-64.95288,-23.2756],[-64.95606,-23.28143],[-64.96223,-23.28351],[-64.96464,-23.28611],[-64.97266,-23.28297],[-64.97576,-23.28355],[-64.98034,-23.28135],[-64.98694,-23.28106],[-65.00097,-23.28492],[-65.00411,-23.28749],[-65.01011,-23.28511],[-65.01039,-23.28273],[-65.01424,-23.27832],[-65.01591,-23.267],[-65.01888,-23.26265],[-65.02897,-23.25634],[-65.0336,-23.25523],[-65.03591,-23.25244],[-65.03765,-23.24753],[-65.03653,-23.23775],[-65.03865,-23.2269],[-65.04145,-23.22486],[-65.04504,-23.22514],[-65.04714,-23.22794],[-65.05061,-23.22938],[-65.05504,-23.22882],[-65.05976,-23.22563],[-65.06043,-23.22145],[-65.07197,-23.22032],[-65.07331,-23.2181],[-65.07478,-23.21379],[-65.07335,-23.21282],[-65.07188,-23.20888],[-65.0726,-23.20479],[-65.07174,-23.20191],[-65.06969,-23.19949],[-65.06721,-23.19907],[-65.06415,-23.19733],[-65.06319,-23.19223],[-65.05987,-23.19116],[-65.05761,-23.18387],[-65.05585,-23.18152],[-65.05648,-23.17805],[-65.05021,-23.17102],[-65.04569,-23.16174],[-65.04609,-23.15993],[-65.04502,-23.15574],[-65.04656,-23.15212],[-65.0543,-23.1461],[-65.06064,-23.14303],[-65.06399,-23.14029],[-65.06901,-23.13937],[-65.07169,-23.13765],[-65.07155,-23.1323],[-65.06959,-23.12888],[-65.06941,-23.12632],[-65.06777,-23.1243],[-65.0647,-23.12299],[-65.06221,-23.11878],[-65.06396,-23.11602],[-65.06467,-23.11062],[-65.06659,-23.10458],[-65.06357,-23.0999],[-65.0633,-23.09714],[-65.0674,-23.09333],[-65.06647,-23.08382],[-65.06247,-23.07807],[-65.06131,-23.07097],[-65.06276,-23.06424],[-65.06452,-23.06288],[-65.06669,-23.0593],[-65.06972,-23.05773],[-65.07058,-23.05639],[-65.07004,-23.05485],[-65.06693,-23.05158],[-65.06639,-23.04857],[-65.06797,-23.04495],[-65.05917,-23.04081],[-65.057,-23.04068],[-65.05213,-23.03788],[-65.04819,-23.03698],[-65.04183,-23.03304],[-65.0336,-23.02469],[-65.02833,-23.02176],[-65.02509,-23.01898],[-65.02291,-23.01871],[-65.02087,-23.01958],[-65.01909,-23.02171],[-65.01907,-23.02422],[-65.01603,-23.0315],[-65.01162,-23.03927],[-65.00113,-23.04385],[-64.99389,-23.04796],[-64.9909,-23.04832],[-64.97926,-23.04221],[-64.97342,-23.04166],[-64.97085,-23.04001],[-64.96777,-23.03396],[-64.96263,-23.03141],[-64.96019,-23.03101],[-64.95718,-23.03326],[-64.94955,-23.0356],[-64.94345,-23.03455],[-64.9417,-23.0319],[-64.94048,-23.03176],[-64.9368,-23.03275],[-64.92793,-23.03784],[-64.92098,-23.03968],[-64.91849,-23.0452],[-64.91713,-23.04582],[-64.91202,-23.04492],[-64.90604,-23.04663],[-64.90242,-23.04795],[-64.89868,-23.05168],[-64.89462,-23.05157],[-64.87842,-23.0436],[-64.87434,-23.04566],[-64.87251,-23.04832],[-64.86881,-23.04771],[-64.86573,-23.04819],[-64.86097,-23.04565],[-64.85952,-23.04564],[-64.85527,-23.04661],[-64.85235,-23.04901],[-64.85082,-23.04934],[-64.84848,-23.04832],[-64.84432,-23.04862],[-64.84199,-23.04601],[-64.83276,-23.04803],[-64.83139,-23.04953],[-64.8266,-23.04941],[-64.82524,-23.05023],[-64.82359,-23.05348],[-64.82095,-23.05555],[-64.81469,-23.05868],[-64.80391,-23.06153],[-64.80165,-23.06168],[-64.79616,-23.05938],[-64.78888,-23.05481],[-64.78274,-23.05451],[-64.77839,-23.05632],[-64.77197,-23.05643],[-64.77081,-23.05542],[-64.76864,-23.05532],[-64.76366,-23.05679],[-64.75263,-23.05662],[-64.74584,-23.05907],[-64.74159,-23.05921],[-64.73423,-23.06383],[-64.72025,-23.05725],[-64.71421,-23.05048],[-64.70818,-23.04628],[-64.70329,-23.04754],[-64.69564,-23.04727],[-64.68719,-23.03842],[-64.68342,-23.03858],[-64.6818,-23.03773],[-64.68119,-23.03564],[-64.6794,-23.03412],[-64.67642,-23.0346],[-64.67315,-23.03624],[-64.66821,-23.0423],[-64.66285,-23.05488],[-64.65578,-23.06619],[-64.65419,-23.07094],[-64.64637,-23.07639],[-64.64092,-23.07877],[-64.63836,-23.08159],[-64.63152,-23.08663],[-64.61998,-23.08675],[-64.61649,-23.08568],[-64.61155,-23.08555],[-64.60459,-23.08339],[-64.5995,-23.08342],[-64.5963,-23.08103],[-64.59325,-23.08108],[-64.58348,-23.07729],[-64.57897,-23.07784],[-64.57309,-23.07359],[-64.57079,-23.07313],[-64.56639,-23.07001],[-64.56339,-23.07021],[-64.56343,-23.06135],[-64.56428,-23.05914],[-64.56105,-23.05544],[-64.56582,-23.04862],[-64.56423,-23.04647],[-64.56429,-23.04532],[-64.56501,-23.04264],[-64.56645,-23.0421],[-64.56664,-23.04103],[-64.56557,-23.038],[-64.56411,-23.03679],[-64.56491,-23.03444],[-64.5629,-23.03349],[-64.56296,-23.03144],[-64.5612,-23.02853],[-64.56111,-23.01544],[-64.56236,-23.00986],[-64.56122,-23.00946],[-64.56081,-23.00831],[-64.56236,-23.00555],[-64.55729,-22.99698],[-64.55161,-22.98369],[-64.55003,-22.96554],[-64.5483,-22.96292],[-64.54024,-22.95762],[-64.5282,-22.94575],[-64.52686,-22.93953],[-64.53734,-22.93277],[-64.54518,-22.92467],[-64.55033,-22.92097],[-64.56027,-22.91534],[-64.56223,-22.91323],[-64.57377,-22.90727],[-64.57247,-22.90601],[-64.5695,-22.90505],[-64.5671,-22.90211],[-64.5653,-22.90139],[-64.55955,-22.90056],[-64.55834,-22.89954],[-64.5535,-22.90019],[-64.55149,-22.89905],[-64.54845,-22.90038],[-64.54539,-22.89843],[-64.5423,-22.90001],[-64.54011,-22.89994],[-64.53921,-22.90227],[-64.53368,-22.90323],[-64.53078,-22.90478],[-64.52969,-22.9061],[-64.52861,-22.91179],[-64.5262,-22.91404],[-64.51933,-22.91381],[-64.51297,-22.91093],[-64.50911,-22.90818],[-64.50046,-22.90732],[-64.49785,-22.90798],[-64.49722,-22.90327],[-64.49589,-22.90149],[-64.49524,-22.89856],[-64.49971,-22.89717],[-64.5001,-22.89614],[-64.49462,-22.89288],[-64.49249,-22.88994],[-64.49222,-22.88678],[-64.49484,-22.88417],[-64.50045,-22.8809],[-64.50103,-22.87867],[-64.5,-22.87705],[-64.49063,-22.87358],[-64.48629,-22.86901],[-64.48745,-22.86432],[-64.49014,-22.8624],[-64.49199,-22.86265],[-64.49689,-22.86648],[-64.50346,-22.86585],[-64.50391,-22.86419],[-64.49949,-22.86123],[-64.4994,-22.8583],[-64.50046,-22.85745],[-64.50361,-22.85765],[-64.50494,-22.85446],[-64.50651,-22.85287],[-64.50997,-22.85273],[-64.51216,-22.85097],[-64.51241,-22.85022],[-64.51076,-22.84878],[-64.51016,-22.84671],[-64.5113,-22.84454],[-64.51022,-22.84172],[-64.51144,-22.83761],[-64.51306,-22.83584],[-64.51816,-22.83383],[-64.5198,-22.83115],[-64.51994,-22.82903],[-64.51341,-22.82713],[-64.51139,-22.82499],[-64.51196,-22.82362],[-64.51563,-22.82176],[-64.52153,-22.81402],[-64.52176,-22.80967],[-64.51852,-22.80591],[-64.5188,-22.80288],[-64.51673,-22.80005],[-64.51707,-22.79736],[-64.51581,-22.79327],[-64.51688,-22.79179],[-64.51609,-22.77963],[-64.51736,-22.77655],[-64.51536,-22.77235],[-64.51691,-22.76651],[-64.51565,-22.76318],[-64.52,-22.75271],[-64.52673,-22.74591],[-64.5276,-22.74391],[-64.52903,-22.74329],[-64.53105,-22.73924],[-64.53887,-22.72962],[-64.54096,-22.71938],[-64.53809,-22.71609],[-64.53714,-22.71266],[-64.53762,-22.7113],[-64.53993,-22.70877],[-64.54247,-22.70746],[-64.54831,-22.71096],[-64.55076,-22.71079],[-64.5516,-22.70704],[-64.55323,-22.70466],[-64.56432,-22.69813],[-64.56859,-22.69462],[-64.57113,-22.68734],[-64.57455,-22.68617],[-64.57781,-22.68276],[-64.57941,-22.68218],[-64.58209,-22.68389],[-64.58362,-22.68363],[-64.58558,-22.68185],[-64.58572,-22.67924],[-64.58476,-22.67585],[-64.57913,-22.67484],[-64.57751,-22.67366],[-64.57712,-22.67235],[-64.57376,-22.67086],[-64.56549,-22.66954],[-64.55653,-22.66475],[-64.55116,-22.66422],[-64.54704,-22.66169],[-64.54507,-22.65206],[-64.54406,-22.65033],[-64.53569,-22.64919],[-64.53384,-22.64726],[-64.53368,-22.64341],[-64.53504,-22.6415],[-64.53498,-22.63776],[-64.53046,-22.63454],[-64.52925,-22.63204],[-64.52431,-22.62882],[-64.522,-22.62236],[-64.51668,-22.61693],[-64.50523,-22.60993],[-64.50331,-22.60677],[-64.50346,-22.60099],[-64.50447,-22.59819],[-64.50816,-22.59458],[-64.50488,-22.58472],[-64.50173,-22.58014],[-64.5046,-22.56099],[-64.50025,-22.55252],[-64.50063,-22.55021],[-64.50226,-22.54766],[-64.50209,-22.54617],[-64.50069,-22.54426],[-64.49607,-22.54322],[-64.49444,-22.54171],[-64.49393,-22.53911],[-64.49505,-22.53486],[-64.49986,-22.53114],[-64.49955,-22.52712],[-64.50091,-22.52572],[-64.50263,-22.52531],[-64.50347,-22.52198],[-64.50251,-22.51954],[-64.49797,-22.5149],[-64.49818,-22.51223],[-64.49715,-22.50787],[-64.49466,-22.50517],[-64.49188,-22.50364],[-64.49105,-22.49778],[-64.48945,-22.49593],[-64.48885,-22.49291],[-64.48628,-22.48938],[-64.48507,-22.48502],[-64.48374,-22.48308],[-64.48169,-22.48109],[-64.47723,-22.48217],[-64.47521,-22.48933]]]]}},{"type":"Feature","properties":{"nombre":"Santa Victoria Este"},"geometry":{"type":"MultiPolygon","coordinates":[[[[-62.81118,-21.99877],[-62.80987,-22.00054],[-62.80961,-22.00271],[-62.81338,-22.01379],[-62.80966,-22.02521],[-62.81148,-22.03023],[-62.81465,-22.03438],[-62.81424,-22.04216],[-62.80756,-22.05097],[-62.7992,-22.06005],[-62.79696,-22.06676],[-62.79989,-22.08532],[-62.80268,-22.08991],[-62.81298,-22.09672],[-62.81394,-22.10501],[-62.81239,-22.11084],[-62.80686,-22.11675],[-62.80509,-22.12],[-62.80461,-22.12357],[-62.80561,-22.12794],[-62.8044,-22.13959],[-62.79596,-22.14817],[-62.79358,-22.1551],[-62.78885,-22.16495],[-62.78371,-22.1679],[-62.78094,-22.16846],[-62.77875,-22.16796],[-62.77545,-22.16533],[-62.77487,-22.15724],[-62.77372,-22.15439],[-62.77078,-22.15232],[-62.76513,-22.15231],[-62.74922,-22.1621],[-62.73802,-22.17117],[-62.72879,-22.18321],[-62.72778,-22.19058],[-62.72619,-22.19538],[-62.72063,-22.20205],[-62.71707,-22.20366],[-62.69717,-22.20597],[-62.69025,-22.20874],[-62.68492,-22.21234],[-62.68134,-22.21892],[-62.67853,-22.22674],[-62.67221,-22.23323],[-62.66023,-22.25068],[-62.65697,-22.2514],[-62.65463,-22.25066],[-62.6516,-22.2481],[-62.64794,-22.24224],[-62.6409,-22.23626],[-62.63551,-22.23924],[-62.63253,-22.24157],[-62.63004,-22.24814],[-62.63134,-22.25332],[-62.63477,-22.25815],[-62.636,-22.26585],[-62.6308,-22.27238],[-62.63139,-22.27917],[-62.63065,-22.28246],[-62.63369,-22.28717],[-62.64032,-22.29219],[-62.64231,-22.29467],[-62.64002,-22.3008],[-62.63664,-22.30528],[-62.634,-22.30741],[-62.62532,-22.30988],[-62.61387,-22.30646],[-62.60796,-22.30571],[-62.60377,-22.30669],[-62.59982,-22.31199],[-62.59979,-22.31818],[-62.5969,-22.32167],[-62.59341,-22.32161],[-62.58859,-22.32028],[-62.58261,-22.31533],[-62.57675,-22.31176],[-62.57278,-22.30974],[-62.56919,-22.30977],[-62.56764,-22.31265],[-62.57096,-22.32964],[-62.57065,-22.33356],[-62.56938,-22.33525],[-62.56643,-22.33696],[-62.55871,-22.33806],[-62.54254,-22.32838],[-62.54034,-22.32857],[-62.53954,-22.32992],[-62.54268,-22.33488],[-62.54293,-22.33986],[-62.53954,-22.34726],[-62.53814,-22.35302],[-62.53081,-22.36059],[-62.53089,-22.36695],[-62.53458,-22.36799],[-62.53347,-22.36955],[-62.52601,-22.37475],[-62.5186,-22.37824],[-62.51477,-22.37947],[-62.51095,-22.37963],[-62.50421,-22.37681],[-62.49022,-22.38057],[-62.48029,-22.38082],[-62.46892,-22.37201],[-62.46389,-22.37207],[-62.46063,-22.37616],[-62.45969,-22.37978],[-62.46371,-22.3863],[-62.46705,-22.38464],[-62.46872,-22.38662],[-62.46547,-22.4026],[-62.46131,-22.40663],[-62.4596,-22.40725],[-62.45753,-22.40585],[-62.45871,-22.40378],[-62.45777,-22.39988],[-62.45394,-22.39975],[-62.44796,-22.40229],[-62.44678,-22.40404],[-62.4466,-22.40658],[-62.44839,-22.41086],[-62.44799,-22.4177],[-62.44728,-22.42124],[-62.44568,-22.42334],[-62.44326,-22.42406],[-62.43899,-22.41961],[-62.43445,-22.41921],[-62.42539,-22.42561],[-62.42016,-22.43315],[-62.41823,-22.43734],[-62.41302,-22.44219],[-62.40952,-22.44326],[-62.40732,-22.44178],[-62.4043,-22.44233],[-62.40325,-22.44673],[-62.40537,-22.4497],[-62.40484,-22.45135],[-62.39356,-22.45373],[-62.38969,-22.45393],[-62.38626,-22.45316],[-62.38517,-22.45374],[-62.38294,-22.45864],[-62.38266,-22.46812],[-62.38187,-22.47176],[-62.38061,-22.47358],[-62.37493,-22.47475],[-62.373,-22.47346],[-62.37333,-22.46381],[-62.37122,-22.4605],[-62.3579,-22.46564],[-62.35595,-22.46568],[-62.35181,-22.4586],[-62.34949,-22.45632],[-62.3451,-22.45502],[-62.34243,-22.45669],[-62.34141,-22.59072],[-62.34159,-22.8886],[-62.48811,-22.75212],[-63.12355,-22.76484],[-63.12165,-22.49155],[-63.13371,-22.49146],[-63.13219,-21.99933],[-62.81118,-21.99877]]]]}},{"type":"Feature","properties":{"nombre":"Santa Victoria Oeste"},"geometry":{"type":"MultiPolygon","coordinates":[[[[-64.99142,-22.0876],[-64.98868,-22.08882],[-64.98735,-22.09392],[-64.98428,-22.09431],[-64.9814,-22.09777],[-64.97063,-22.10004],[-64.96856,-22.10389],[-64.96666,-22.10297],[-64.96539,-22.10327],[-64.9652,-22.1023],[-64.96108,-22.10432],[-64.96027,-22.10253],[-64.95694,-22.1025],[-64.95557,-22.1035],[-64.95565,-22.10432],[-64.9533,-22.10481],[-64.95261,-22.10696],[-64.94839,-22.10718],[-64.94437,-22.10978],[-64.94171,-22.10901],[-64.94117,-22.10984],[-64.93793,-22.1097],[-64.93723,-22.1132],[-64.93617,-22.11401],[-64.93572,-22.11589],[-64.93373,-22.11641],[-64.93264,-22.11783],[-64.93157,-22.11737],[-64.92671,-22.11826],[-64.92372,-22.12113],[-64.91713,-22.12149],[-64.90679,-22.11918],[-64.90265,-22.11956],[-64.89892,-22.12146],[-64.89723,-22.12359],[-64.89332,-22.12338],[-64.89252,-22.12503],[-64.89119,-22.12515],[-64.89058,-22.1271],[-64.88642,-22.12921],[-64.88526,-22.12777],[-64.88383,-22.12742],[-64.88415,-22.12592],[-64.88304,-22.12555],[-64.88325,-22.12417],[-64.88183,-22.12394],[-64.88139,-22.12233],[-64.87972,-22.12242],[-64.88054,-22.12096],[-64.87828,-22.11741],[-64.87444,-22.11729],[-64.87215,-22.11924],[-64.87148,-22.12126],[-64.86878,-22.12256],[-64.86733,-22.12193],[-64.86757,-22.12327],[-64.86486,-22.12253],[-64.8626,-22.12293],[-64.86168,-22.122],[-64.8618,-22.12488],[-64.86068,-22.12467],[-64.85599,-22.12859],[-64.85454,-22.12852],[-64.85047,-22.13161],[-64.84941,-22.13151],[-64.84824,-22.13343],[-64.84496,-22.13417],[-64.84288,-22.13678],[-64.84162,-22.13657],[-64.84004,-22.13916],[-64.83595,-22.1391],[-64.834,-22.14255],[-64.83219,-22.14407],[-64.83042,-22.14134],[-64.82854,-22.14259],[-64.82686,-22.14193],[-64.82632,-22.14304],[-64.81957,-22.14512],[-64.81871,-22.14474],[-64.81758,-22.14658],[-64.81769,-22.14822],[-64.8161,-22.14821],[-64.81526,-22.14914],[-64.81566,-22.14983],[-64.81268,-22.1508],[-64.81249,-22.15307],[-64.81048,-22.15264],[-64.80732,-22.1558],[-64.8037,-22.15667],[-64.80433,-22.15724],[-64.80396,-22.15805],[-64.80252,-22.15777],[-64.80041,-22.15961],[-64.7977,-22.16022],[-64.79732,-22.16176],[-64.79618,-22.16189],[-64.79571,-22.16098],[-64.79462,-22.16201],[-64.79421,-22.16113],[-64.79319,-22.16121],[-64.79342,-22.16295],[-64.79454,-22.1632],[-64.79307,-22.16481],[-64.79022,-22.16424],[-64.78854,-22.1689],[-64.78567,-22.16889],[-64.78339,-22.17326],[-64.77982,-22.17593],[-64.77916,-22.17726],[-64.77758,-22.17746],[-64.77672,-22.17645],[-64.7745,-22.1776],[-64.76993,-22.17755],[-64.7688,-22.17853],[-64.7664,-22.17857],[-64.7645,-22.17735],[-64.76219,-22.17791],[-64.76033,-22.18021],[-64.75886,-22.17978],[-64.75793,-22.18096],[-64.75621,-22.17953],[-64.75329,-22.17892],[-64.7491,-22.18183],[-64.74524,-22.18337],[-64.74429,-22.18568],[-64.74598,-22.18655],[-64.74597,-22.18742],[-64.74879,-22.18501],[-64.7692,-22.18479],[-64.77178,-22.18714],[-64.77433,-22.18711],[-64.77691,-22.18946],[-64.78204,-22.19178],[-64.78721,-22.19648],[-64.78724,-22.19885],[-64.79012,-22.19912],[-64.78889,-22.22943],[-64.78734,-22.24173],[-64.78814,-22.25891],[-64.79604,-22.26742],[-64.80446,-22.26692],[-64.82558,-22.30361],[-64.82513,-22.30561],[-64.80809,-22.33115],[-64.81347,-22.35461],[-64.80141,-22.3632],[-64.79256,-22.37927],[-64.78676,-22.38307],[-64.77303,-22.39921],[-64.77342,-22.40053],[-64.77109,-22.40164],[-64.77137,-22.40226],[-64.77015,-22.40216],[-64.76392,-22.40901],[-64.7641,-22.41012],[-64.76271,-22.41205],[-64.76525,-22.41203],[-64.76522,-22.40965],[-64.76778,-22.40962],[-64.76775,-22.40725],[-64.7703,-22.40722],[-64.77033,-22.4096],[-64.77289,-22.40957],[-64.77544,-22.40954],[-64.77541,-22.40716],[-64.778,-22.40951],[-64.77803,-22.41189],[-64.78314,-22.41183],[-64.78311,-22.40946],[-64.79078,-22.40937],[-64.79075,-22.407],[-64.79586,-22.40694],[-64.79583,-22.40456],[-64.80094,-22.40451],[-64.80097,-22.40688],[-64.80608,-22.40683],[-64.80103,-22.41164],[-64.8062,-22.41633],[-64.81387,-22.41625],[-64.81645,-22.4186],[-64.81901,-22.41857],[-64.81904,-22.42094],[-64.82415,-22.42089],[-64.82418,-22.42326],[-64.82674,-22.42323],[-64.82683,-22.43036],[-64.82941,-22.43271],[-64.83197,-22.43268],[-64.83456,-22.43518],[-64.84445,-22.43653],[-64.8553,-22.43606],[-64.85944,-22.432],[-64.87234,-22.43264],[-64.88112,-22.43488],[-64.8876,-22.43193],[-64.89318,-22.43087],[-64.90997,-22.4209],[-64.91823,-22.41496],[-64.92618,-22.41147],[-64.93093,-22.40386],[-64.93978,-22.39574],[-64.94302,-22.39385],[-64.95238,-22.398],[-64.95323,-22.40101],[-64.95645,-22.40158],[-64.96058,-22.39888],[-64.97005,-22.38776],[-64.97187,-22.37932],[-64.99188,-22.36908],[-64.98988,-22.36171],[-64.99782,-22.35766],[-64.9993,-22.35549],[-65.00548,-22.3528],[-65.00986,-22.35474],[-65.01662,-22.35314],[-65.03034,-22.36141],[-65.03239,-22.36142],[-65.04357,-22.35494],[-65.04886,-22.35306],[-65.06348,-22.35624],[-65.07894,-22.36555],[-65.07898,-22.36792],[-65.08162,-22.37031],[-65.08164,-22.37502],[-65.17627,-22.34828],[-65.23155,-22.40473],[-65.21326,-22.44709],[-65.28403,-22.39807],[-65.2849,-22.39542],[-65.28439,-22.38963],[-65.28066,-22.38527],[-65.28048,-22.38036],[-65.27962,-22.37863],[-65.27375,-22.37132],[-65.27225,-22.36829],[-65.27192,-22.36434],[-65.27082,-22.3625],[-65.2683,-22.36082],[-65.26756,-22.35507],[-65.26558,-22.35322],[-65.26496,-22.351],[-65.26499,-22.34575],[-65.26273,-22.33826],[-65.24845,-22.33377],[-65.24336,-22.33332],[-65.24295,-22.32882],[-65.24053,-22.32607],[-65.23557,-22.32584],[-65.22927,-22.3231],[-65.22661,-22.32015],[-65.22798,-22.31611],[-65.2327,-22.30993],[-65.23378,-22.30511],[-65.2366,-22.29957],[-65.23829,-22.29793],[-65.23907,-22.29203],[-65.23693,-22.28868],[-65.23718,-22.28634],[-65.2403,-22.27925],[-65.23806,-22.27746],[-65.23614,-22.27395],[-65.2369,-22.27093],[-65.23307,-22.26088],[-65.23326,-22.25797],[-65.23068,-22.25275],[-65.23163,-22.25018],[-65.23046,-22.24168],[-65.23125,-22.2371],[-65.23033,-22.23463],[-65.23008,-22.22482],[-65.22562,-22.21733],[-65.22545,-22.21436],[-65.22665,-22.20913],[-65.22411,-22.2064],[-65.22461,-22.19977],[-65.22236,-22.19703],[-65.22358,-22.19233],[-65.22031,-22.18066],[-65.22048,-22.16959],[-65.21669,-22.1615],[-65.21584,-22.15546],[-65.21379,-22.15001],[-65.20353,-22.1487],[-65.19406,-22.14473],[-65.19422,-22.14233],[-65.19213,-22.13754],[-65.19154,-22.13161],[-65.19265,-22.12586],[-65.19218,-22.12233],[-65.19474,-22.11414],[-65.19562,-22.10773],[-65.19437,-22.10008],[-65.19164,-22.09796],[-65.18855,-22.09351],[-65.18657,-22.08535],[-64.99337,-22.08243],[-64.99561,-22.08568],[-64.99142,-22.0876]]]]}},{"type":"Feature","properties":{"nombre":"Seclantás"},"geometry":{"type":"MultiPolygon","coordinates":[[[[-66.59517,-25.10048],[-66.58675,-25.10147],[-66.58401,-25.10077],[-66.57842,-25.10136],[-66.57532,-25.1024],[-66.57001,-25.10646],[-66.56431,-25.10571],[-66.56092,-25.10622],[-66.55932,-25.10747],[-66.55665,-25.10739],[-66.55592,-25.1088],[-66.5523,-25.11011],[-66.54925,-25.11424],[-66.54655,-25.11476],[-66.53844,-25.11855],[-66.53548,-25.11867],[-66.53469,-25.11972],[-66.52675,-25.12175],[-66.51908,-25.12537],[-66.50953,-25.12672],[-66.50842,-25.12786],[-66.49758,-25.12304],[-66.49392,-25.12318],[-66.49127,-25.12419],[-66.49047,-25.12574],[-66.487,-25.12374],[-66.48558,-25.12388],[-66.48069,-25.12064],[-66.47592,-25.12121],[-66.47321,-25.11962],[-66.46843,-25.12012],[-66.46665,-25.11883],[-66.46246,-25.11967],[-66.46047,-25.11882],[-66.44302,-25.12055],[-66.44153,-25.1194],[-66.43567,-25.12416],[-66.43289,-25.12753],[-66.4218,-25.13469],[-66.41427,-25.13463],[-66.41272,-25.13282],[-66.40969,-25.13241],[-66.40679,-25.12973],[-66.40427,-25.12958],[-66.3999,-25.12775],[-66.40792,-25.1428],[-66.40663,-25.15634],[-66.40488,-25.16076],[-66.40041,-25.16652],[-66.39527,-25.16887],[-66.39361,-25.17192],[-66.38579,-25.17978],[-66.38284,-25.18084],[-66.37964,-25.18635],[-66.36999,-25.18721],[-66.36073,-25.18417],[-66.35572,-25.18583],[-66.35083,-25.18502],[-66.35016,-25.1787],[-66.34848,-25.17543],[-66.35487,-25.15938],[-66.35536,-25.15131],[-66.35651,-25.14849],[-66.32822,-25.14645],[-66.32042,-25.16461],[-66.31144,-25.17036],[-66.30887,-25.17282],[-66.30875,-25.17563],[-66.30554,-25.17622],[-66.29847,-25.1801],[-66.28663,-25.17802],[-66.28086,-25.18107],[-66.27804,-25.18564],[-66.27779,-25.18974],[-66.27086,-25.19443],[-66.25839,-25.19925],[-66.2557,-25.20277],[-66.25416,-25.20335],[-66.25352,-25.20534],[-66.25133,-25.20745],[-66.24401,-25.21109],[-66.24815,-25.22115],[-66.24701,-25.22969],[-66.24406,-25.23578],[-66.23622,-25.24106],[-66.23532,-25.24317],[-66.23572,-25.24654],[-66.23495,-25.24926],[-66.23277,-25.25113],[-66.23238,-25.25289],[-66.23046,-25.25476],[-66.21645,-25.25761],[-66.20923,-25.25763],[-66.11181,-25.27664],[-66.09188,-25.27705],[-66.0446,-25.29063],[-66.04381,-25.29207],[-66.04161,-25.29296],[-66.03931,-25.29239],[-66.03646,-25.29392],[-66.03165,-25.29312],[-66.02715,-25.29376],[-66.02248,-25.29168],[-66.01807,-25.29224],[-66.01661,-25.29337],[-66.01552,-25.29669],[-66.0142,-25.29725],[-66.01314,-25.30054],[-66.00829,-25.30658],[-66.00156,-25.31137],[-66.00046,-25.3131],[-65.99928,-25.31912],[-65.99985,-25.32225],[-65.99912,-25.32375],[-66.00073,-25.33127],[-66.00087,-25.34271],[-66.00279,-25.35171],[-66.00423,-25.35386],[-66.00473,-25.36079],[-66.00794,-25.36728],[-66.01019,-25.37688],[-66.04634,-25.37042],[-66.05545,-25.36682],[-66.06809,-25.36459],[-66.06982,-25.36234],[-66.09253,-25.36255],[-66.09486,-25.35895],[-66.12212,-25.35546],[-66.12666,-25.35954],[-66.14287,-25.35358],[-66.14976,-25.35292],[-66.16505,-25.3596],[-66.18535,-25.35296],[-66.20953,-25.36549],[-66.23688,-25.37121],[-66.58839,-25.34498],[-66.58572,-25.3418],[-66.58559,-25.3377],[-66.58459,-25.33643],[-66.58319,-25.32867],[-66.58199,-25.32602],[-66.58166,-25.32141],[-66.58041,-25.31883],[-66.57535,-25.31259],[-66.56803,-25.30633],[-66.56513,-25.30245],[-66.56234,-25.30105],[-66.55819,-25.30065],[-66.55952,-25.29878],[-66.55539,-25.28726],[-66.53705,-25.26564],[-66.54807,-25.25058],[-66.55159,-25.2275],[-66.53731,-25.20312],[-66.54496,-25.1809],[-66.55744,-25.17096],[-66.57131,-25.17072],[-66.59049,-25.15921],[-66.60087,-25.1439],[-66.62065,-25.14217],[-66.6265,-25.12526],[-66.62428,-25.11498],[-66.6257,-25.106],[-66.60313,-25.10166],[-66.59987,-25.10205],[-66.59517,-25.10048]]]]}},{"type":"Feature","properties":{"nombre":"Tartagal"},"geometry":{"type":"MultiPolygon","coordinates":[[[[-63.13334,-22.37514],[-63.13371,-22.49146],[-63.12165,-22.49155],[-63.12288,-22.71564],[-63.31817,-22.71546],[-63.51142,-22.71337],[-63.51182,-22.76049],[-63.57965,-22.76064],[-63.66733,-22.74681],[-63.67254,-22.65923],[-63.67288,-22.62875],[-63.72741,-22.60019],[-63.74062,-22.55561],[-63.76431,-22.54377],[-63.79689,-22.54374],[-63.81175,-22.54298],[-63.8689,-22.54374],[-63.86323,-22.53567],[-63.86261,-22.51924],[-63.86022,-22.50285],[-63.86341,-22.50112],[-63.85977,-22.49937],[-63.85939,-22.49697],[-63.8572,-22.49583],[-63.85924,-22.49424],[-63.85836,-22.49223],[-63.85982,-22.48987],[-63.86358,-22.48672],[-63.86528,-22.48224],[-63.86487,-22.48008],[-63.8519,-22.47577],[-63.85037,-22.47354],[-63.85111,-22.4627],[-63.84865,-22.45901],[-63.85012,-22.45702],[-63.84941,-22.45416],[-63.85022,-22.45081],[-63.84681,-22.44753],[-63.8433,-22.44612],[-63.84233,-22.44377],[-63.84111,-22.44235],[-63.8396,-22.44218],[-63.83729,-22.43834],[-63.83831,-22.43185],[-63.84283,-22.43028],[-63.84475,-22.42792],[-63.84514,-22.42319],[-63.84344,-22.41918],[-63.84598,-22.41545],[-63.84565,-22.40893],[-63.84647,-22.40512],[-63.83416,-22.38305],[-63.83008,-22.35766],[-63.69905,-22.3605],[-63.69909,-22.37408],[-63.64299,-22.36388],[-63.60501,-22.36356],[-63.61912,-22.33764],[-63.61694,-22.33572],[-63.60445,-22.343],[-63.57099,-22.38468],[-63.52878,-22.34687],[-63.52875,-22.3446],[-63.44236,-22.2642],[-63.41271,-22.2928],[-63.42386,-22.30276],[-63.40009,-22.32453],[-63.13319,-22.32485],[-63.13334,-22.37514]]]]}},{"type":"Feature","properties":{"nombre":"Tolar Grande"},"geometry":{"type":"MultiPolygon","coordinates":[[[[-67.07121,-24.36064],[-67.07477,-24.3655],[-67.08032,-24.36484],[-67.07891,-24.37171],[-67.07495,-24.37413],[-67.07397,-24.37882],[-67.07261,-24.40596],[-67.07462,-24.41531],[-67.06977,-24.4196],[-67.0706,-24.42376],[-67.07541,-24.42819],[-67.06721,-24.43823],[-67.05659,-24.44664],[-67.05175,-24.4527],[-67.04995,-24.45981],[-67.04762,-24.46353],[-67.04884,-24.468],[-67.05277,-24.47369],[-67.05557,-24.48602],[-67.05207,-24.49191],[-67.05529,-24.49638],[-67.05522,-24.50042],[-67.05907,-24.50387],[-67.05471,-24.50797],[-67.0566,-24.51319],[-67.06192,-24.51973],[-67.06248,-24.52892],[-67.06108,-24.5339],[-67.05145,-24.54331],[-67.02777,-24.54638],[-66.99549,-24.57464],[-66.99129,-24.57439],[-66.98454,-24.58668],[-66.98214,-24.59397],[-66.98518,-24.59906],[-66.99595,-24.59849],[-66.99627,-24.60472],[-67.00135,-24.60917],[-67.00674,-24.61811],[-67.01275,-24.61907],[-67.01517,-24.61581],[-67.02202,-24.61913],[-67.02848,-24.62582],[-67.03561,-24.62988],[-67.03908,-24.63771],[-67.03363,-24.64885],[-67.03125,-24.65766],[-67.03096,-24.66176],[-67.02663,-24.66814],[-67.02884,-24.67642],[-67.022,-24.68985],[-67.02386,-24.69482],[-67.02312,-24.70957],[-67.01915,-24.72082],[-67.01909,-24.726],[-67.01629,-24.73666],[-67.01792,-24.74056],[-67.01563,-24.7478],[-67.00376,-24.75628],[-67.00237,-24.7817],[-66.99997,-24.79619],[-67.28876,-24.79399],[-67.29799,-24.85421],[-67.29189,-24.95124],[-67.32977,-25.0701],[-67.34796,-25.13748],[-67.32769,-25.20062],[-67.38346,-25.24003],[-67.8646,-25.2384],[-68.50703,-25.16833],[-68.50028,-25.16176],[-68.49602,-25.16131],[-68.49034,-25.16296],[-68.48771,-25.16265],[-68.48646,-25.15946],[-68.48414,-25.1577],[-68.4831,-25.15454],[-68.47776,-25.15372],[-68.47157,-25.15035],[-68.46966,-25.14675],[-68.46849,-25.1391],[-68.46547,-25.13431],[-68.46543,-25.13104],[-68.45975,-25.12566],[-68.45861,-25.12597],[-68.45751,-25.12813],[-68.45446,-25.12962],[-68.44859,-25.13019],[-68.4453,-25.13399],[-68.44468,-25.1324],[-68.44323,-25.13161],[-68.44376,-25.12916],[-68.44126,-25.12661],[-68.44153,-25.12356],[-68.4377,-25.12279],[-68.4378,-25.12513],[-68.43551,-25.12782],[-68.43476,-25.13147],[-68.43331,-25.13143],[-68.43165,-25.13004],[-68.42496,-25.13061],[-68.42438,-25.13439],[-68.41912,-25.13631],[-68.41816,-25.13856],[-68.41609,-25.13913],[-68.41022,-25.14526],[-68.34424,-25.11077],[-68.34794,-25.11027],[-68.35029,-25.10587],[-68.35393,-25.10407],[-68.35742,-25.09983],[-68.35638,-25.09499],[-68.35671,-25.09227],[-68.35922,-25.08834],[-68.36094,-25.08317],[-68.36262,-25.08192],[-68.36707,-25.08243],[-68.36712,-25.07937],[-68.36491,-25.07007],[-68.36738,-25.06778],[-68.37197,-25.06835],[-68.37377,-25.06551],[-68.3731,-25.06271],[-68.36951,-25.05975],[-68.37106,-25.05345],[-68.37464,-25.04941],[-68.37618,-25.04866],[-68.37725,-25.04526],[-68.37927,-25.04254],[-68.37945,-25.04099],[-68.37635,-25.03714],[-68.3782,-25.03245],[-68.37879,-25.03181],[-68.39047,-25.03833],[-68.39396,-25.0354],[-68.39849,-25.03302],[-68.40702,-25.03033],[-68.40731,-25.02809],[-68.40611,-25.02258],[-68.40774,-25.01995],[-68.41151,-25.01791],[-68.41261,-25.01634],[-68.41246,-25.00839],[-68.41554,-25.00592],[-68.41519,-25.00142],[-68.41364,-25.00004],[-68.41349,-24.99876],[-68.41611,-24.99652],[-68.4168,-24.99409],[-68.41488,-24.99173],[-68.41244,-24.98159],[-68.40866,-24.97274],[-68.41462,-24.9668],[-68.41747,-24.96617],[-68.41944,-24.96239],[-68.42283,-24.96183],[-68.42506,-24.96282],[-68.42699,-24.96175],[-68.42938,-24.95646],[-68.42825,-24.95243],[-68.42898,-24.94975],[-68.42889,-24.94444],[-68.42992,-24.94049],[-68.43206,-24.93755],[-68.43099,-24.92987],[-68.43516,-24.9259],[-68.43986,-24.91921],[-68.43411,-24.91337],[-68.43129,-24.9142],[-68.4313,-24.91238],[-68.43311,-24.90933],[-68.43259,-24.90587],[-68.4351,-24.90476],[-68.43714,-24.9057],[-68.44273,-24.90596],[-68.44478,-24.90492],[-68.44727,-24.90183],[-68.45512,-24.90339],[-68.45799,-24.90229],[-68.46046,-24.90234],[-68.46501,-24.90038],[-68.47111,-24.90132],[-68.4807,-24.8975],[-68.48407,-24.89734],[-68.48732,-24.89444],[-68.48615,-24.88805],[-68.49006,-24.88364],[-68.49157,-24.87771],[-68.49295,-24.87606],[-68.49458,-24.87577],[-68.49765,-24.877],[-68.50287,-24.87509],[-68.50842,-24.87594],[-68.51383,-24.8745],[-68.51801,-24.87465],[-68.52005,-24.87347],[-68.52049,-24.87057],[-68.5237,-24.86476],[-68.52433,-24.86216],[-68.53329,-24.85812],[-68.53305,-24.851],[-68.53218,-24.84916],[-68.53359,-24.84794],[-68.53435,-24.8457],[-68.5328,-24.84365],[-68.53244,-24.83923],[-68.53435,-24.83463],[-68.53332,-24.83267],[-68.53314,-24.82849],[-68.53431,-24.82659],[-68.53778,-24.82517],[-68.53784,-24.82225],[-68.53681,-24.8207],[-68.53802,-24.81734],[-68.54769,-24.80966],[-68.54857,-24.80708],[-68.54998,-24.80705],[-68.55334,-24.80508],[-68.55959,-24.80449],[-68.56273,-24.8026],[-68.56273,-24.79961],[-68.56876,-24.79413],[-68.56289,-24.78518],[-68.56149,-24.77291],[-68.56036,-24.76977],[-68.56196,-24.7629],[-68.55886,-24.76029],[-68.5504,-24.75782],[-68.54663,-24.75362],[-68.5456,-24.74889],[-68.54621,-24.74705],[-68.54591,-24.74341],[-68.54414,-24.73731],[-68.54526,-24.72978],[-68.54379,-24.7272],[-68.54427,-24.72435],[-68.54048,-24.72118],[-68.53735,-24.7201],[-68.53543,-24.71345],[-68.53448,-24.71232],[-68.52301,-24.70906],[-68.52195,-24.70763],[-68.51976,-24.70708],[-68.5158,-24.70377],[-68.51504,-24.69865],[-68.50844,-24.68918],[-68.50391,-24.68443],[-68.50518,-24.68199],[-68.50387,-24.68061],[-68.50285,-24.67762],[-68.50211,-24.67686],[-68.49823,-24.67664],[-68.49713,-24.67586],[-68.49546,-24.6688],[-68.49263,-24.66538],[-68.49204,-24.66245],[-68.49375,-24.65842],[-68.49392,-24.65552],[-68.48929,-24.64959],[-68.48772,-24.64009],[-68.49362,-24.63792],[-68.49626,-24.63484],[-68.49567,-24.6318],[-68.49862,-24.62862],[-68.49791,-24.62572],[-68.50113,-24.62257],[-68.50333,-24.61816],[-68.50277,-24.61638],[-68.50094,-24.61481],[-68.50061,-24.61261],[-68.4958,-24.60759],[-68.49415,-24.60417],[-68.49589,-24.60111],[-68.49571,-24.60008],[-68.4901,-24.59992],[-68.48664,-24.60121],[-68.48523,-24.60328],[-68.48511,-24.60601],[-68.4839,-24.60898],[-68.47967,-24.61207],[-68.47664,-24.61613],[-68.47556,-24.62087],[-68.46803,-24.62365],[-68.46263,-24.62297],[-68.45995,-24.62027],[-68.45561,-24.61757],[-68.4549,-24.61046],[-68.45137,-24.60304],[-68.4436,-24.60424],[-68.44076,-24.6058],[-68.43487,-24.60675],[-68.43463,-24.60459],[-68.43658,-24.60345],[-68.43754,-24.6012],[-68.43589,-24.59882],[-68.43326,-24.59802],[-68.43294,-24.59395],[-68.43425,-24.58499],[-68.4322,-24.58059],[-68.43227,-24.57813],[-68.42596,-24.57165],[-68.42307,-24.56583],[-68.42083,-24.5636],[-68.41792,-24.5516],[-68.41395,-24.54731],[-68.41464,-24.543],[-68.41088,-24.53931],[-68.40965,-24.53501],[-68.4062,-24.52871],[-68.40315,-24.52608],[-68.40315,-24.52399],[-68.40603,-24.51827],[-68.40483,-24.51412],[-68.40302,-24.51213],[-68.40326,-24.5106],[-68.39503,-24.50523],[-68.394,-24.50291],[-68.39465,-24.4993],[-68.39218,-24.49537],[-68.39161,-24.49162],[-68.38782,-24.4841],[-68.3869,-24.48397],[-68.38581,-24.48634],[-68.38082,-24.48848],[-68.37647,-24.49199],[-68.36839,-24.49073],[-68.36607,-24.49191],[-68.36036,-24.4889],[-68.35143,-24.49069],[-68.34178,-24.49156],[-68.33435,-24.4903],[-68.33217,-24.49217],[-68.3292,-24.4908],[-68.3224,-24.48938],[-68.31798,-24.49044],[-68.31336,-24.49039],[-68.30851,-24.4918],[-68.30991,-24.48915],[-68.31017,-24.48489],[-68.30941,-24.48364],[-68.30606,-24.48171],[-68.30481,-24.47603],[-68.30293,-24.4742],[-68.29979,-24.46828],[-68.29862,-24.46435],[-68.29926,-24.46029],[-68.29722,-24.45552],[-68.29174,-24.45374],[-68.28578,-24.44554],[-68.27834,-24.44243],[-68.27588,-24.43932],[-68.26839,-24.4348],[-68.26733,-24.43067],[-68.26564,-24.42795],[-68.26553,-24.42486],[-68.26299,-24.42015],[-68.26227,-24.41578],[-68.26313,-24.41111],[-68.26208,-24.40746],[-68.26256,-24.40516],[-68.26087,-24.40283],[-68.2581,-24.40172],[-68.24902,-24.40172],[-68.2461,-24.39977],[-68.24546,-24.39611],[-67.86205,-24.24723],[-67.83211,-24.23535],[-67.82955,-24.23357],[-67.3306,-24.03729],[-67.10167,-24.1909],[-67.10563,-24.25933],[-67.10406,-24.26226],[-67.10353,-24.266],[-67.10571,-24.269],[-67.10337,-24.2737],[-67.10173,-24.28047],[-67.1021,-24.28452],[-67.10094,-24.29441],[-67.09781,-24.29984],[-67.09505,-24.30921],[-67.09214,-24.3136],[-67.09174,-24.33357],[-67.09512,-24.34311],[-67.08221,-24.34684],[-67.07321,-24.35595],[-67.07121,-24.36064]]]]}},{"type":"Feature","properties":{"nombre":"Urundel"},"geometry":{"type":"MultiPolygon","coordinates":[[[[-64.46604,-23.32145],[-64.47786,-23.37332],[-64.47922,-23.37429],[-64.47931,-23.37681],[-64.47823,-23.37667],[-64.47846,-23.38445],[-64.47621,-23.38471],[-64.47371,-23.43109],[-64.47362,-23.45292],[-64.31448,-23.47841],[-64.33956,-23.49686],[-64.34889,-23.50716],[-64.3554,-23.51792],[-64.35433,-23.518],[-64.35142,-23.52501],[-64.35154,-23.53164],[-64.35493,-23.53263],[-64.3639,-23.53339],[-64.36877,-23.53761],[-64.37002,-23.54484],[-64.37459,-23.54862],[-64.37911,-23.55383],[-64.38559,-23.56358],[-64.38594,-23.56878],[-64.38469,-23.57486],[-64.38618,-23.58127],[-64.39117,-23.58401],[-64.40216,-23.59655],[-64.40062,-23.60065],[-64.39545,-23.60421],[-64.39301,-23.60722],[-64.39319,-23.61007],[-64.4068,-23.61965],[-64.40894,-23.62786],[-64.41227,-23.63175],[-64.41904,-23.63569],[-64.42356,-23.63602],[-64.43336,-23.63296],[-64.43972,-23.63372],[-64.44085,-23.63794],[-64.44435,-23.63985],[-64.44833,-23.63942],[-64.44851,-23.6363],[-64.44667,-23.63296],[-64.44732,-23.62721],[-64.45261,-23.62748],[-64.46135,-23.62327],[-64.46188,-23.61965],[-64.46402,-23.62025],[-64.46438,-23.61763],[-64.46271,-23.61637],[-64.45974,-23.61648],[-64.45849,-23.61522],[-64.46444,-23.61237],[-64.46658,-23.61018],[-64.46759,-23.60755],[-64.46984,-23.60815],[-64.47258,-23.61067],[-64.47412,-23.60783],[-64.47549,-23.6098],[-64.47882,-23.60821],[-64.47769,-23.60361],[-64.47822,-23.60076],[-64.47935,-23.59945],[-64.48381,-23.59967],[-64.48987,-23.58893],[-64.49236,-23.58658],[-64.49171,-23.5828],[-64.4923,-23.58088],[-64.49593,-23.57836],[-64.49623,-23.57694],[-64.49474,-23.57245],[-64.4948,-23.56873],[-64.49587,-23.56714],[-64.50185,-23.56412],[-64.5034,-23.56127],[-64.5096,-23.56013],[-64.50977,-23.55783],[-64.51376,-23.55602],[-64.51489,-23.55369],[-64.52001,-23.55164],[-64.52019,-23.54644],[-64.521,-23.54532],[-64.52599,-23.54409],[-64.52819,-23.54012],[-64.53108,-23.5387],[-64.53483,-23.5384],[-64.53504,-23.53542],[-64.53228,-23.53292],[-64.53184,-23.53158],[-64.53409,-23.52903],[-64.53431,-23.5277],[-64.53248,-23.52524],[-64.53186,-23.52218],[-64.53256,-23.52136],[-64.53473,-23.52109],[-64.53905,-23.52375],[-64.5439,-23.524],[-64.54527,-23.52345],[-64.54596,-23.52022],[-64.54884,-23.51948],[-64.54969,-23.51615],[-64.55225,-23.51477],[-64.55269,-23.51405],[-64.55166,-23.51246],[-64.55341,-23.51225],[-64.55565,-23.5139],[-64.55803,-23.51375],[-64.56007,-23.51492],[-64.56197,-23.51357],[-64.56652,-23.51388],[-64.566,-23.50978],[-64.568,-23.50715],[-64.57338,-23.51052],[-64.57433,-23.51372],[-64.57587,-23.51448],[-64.57759,-23.51375],[-64.57849,-23.51004],[-64.58142,-23.51068],[-64.58365,-23.51212],[-64.58605,-23.51218],[-64.58779,-23.51029],[-64.59037,-23.50957],[-64.59102,-23.50675],[-64.59204,-23.50595],[-64.59372,-23.50526],[-64.5975,-23.5058],[-64.60048,-23.50387],[-64.60043,-23.50296],[-64.59893,-23.50313],[-64.59898,-23.50122],[-64.6024,-23.5005],[-64.60673,-23.4974],[-64.60942,-23.49743],[-64.6118,-23.49887],[-64.61156,-23.49536],[-64.61462,-23.49232],[-64.61807,-23.49245],[-64.61937,-23.49049],[-64.62188,-23.49146],[-64.62374,-23.49125],[-64.628,-23.48934],[-64.63097,-23.48652],[-64.6347,-23.48482],[-64.63619,-23.48559],[-64.63662,-23.48734],[-64.6379,-23.48812],[-64.63948,-23.48756],[-64.64155,-23.48482],[-64.64502,-23.48609],[-64.64715,-23.48415],[-64.65413,-23.48464],[-64.65769,-23.48317],[-64.65795,-23.48168],[-64.65959,-23.48073],[-64.65951,-23.47913],[-64.66142,-23.47839],[-64.66202,-23.47529],[-64.66331,-23.47453],[-64.66361,-23.47268],[-64.66237,-23.47177],[-64.66391,-23.47162],[-64.66458,-23.47033],[-64.66331,-23.46805],[-64.66465,-23.4679],[-64.66619,-23.46958],[-64.66707,-23.46929],[-64.66701,-23.4673],[-64.6684,-23.46585],[-64.66819,-23.4642],[-64.6707,-23.46423],[-64.6708,-23.46293],[-64.67276,-23.4632],[-64.67704,-23.45943],[-64.67693,-23.45787],[-64.67951,-23.45767],[-64.68004,-23.45461],[-64.68388,-23.45532],[-64.68455,-23.4547],[-64.68445,-23.45319],[-64.68253,-23.45243],[-64.68643,-23.45204],[-64.68791,-23.45326],[-64.68973,-23.45315],[-64.69,-23.45436],[-64.69098,-23.45481],[-64.69188,-23.45455],[-64.69185,-23.45279],[-64.69353,-23.45231],[-64.69603,-23.45481],[-64.69435,-23.45767],[-64.69589,-23.45969],[-64.69742,-23.45974],[-64.69931,-23.45844],[-64.70083,-23.45953],[-64.70246,-23.45893],[-64.70583,-23.46144],[-64.71085,-23.46124],[-64.7128,-23.46298],[-64.71343,-23.46174],[-64.71276,-23.4601],[-64.71418,-23.45993],[-64.71546,-23.46165],[-64.71875,-23.4619],[-64.71979,-23.46334],[-64.72314,-23.46446],[-64.72771,-23.46416],[-64.73452,-23.47062],[-64.73546,-23.47053],[-64.73563,-23.46902],[-64.73843,-23.46762],[-64.73935,-23.46993],[-64.73827,-23.47288],[-64.73829,-23.47578],[-64.73943,-23.47894],[-64.74628,-23.47874],[-64.74917,-23.48],[-64.75053,-23.47875],[-64.75024,-23.47613],[-64.75266,-23.47688],[-64.7562,-23.47563],[-64.75862,-23.47617],[-64.76115,-23.47566],[-64.76472,-23.47799],[-64.76517,-23.48014],[-64.76881,-23.48148],[-64.77019,-23.4843],[-64.77261,-23.48431],[-64.77347,-23.48664],[-64.77679,-23.48719],[-64.77745,-23.48915],[-64.77948,-23.48986],[-64.78105,-23.49126],[-64.78087,-23.49218],[-64.7858,-23.49421],[-64.78748,-23.49616],[-64.79043,-23.49428],[-64.79186,-23.49538],[-64.79371,-23.49445],[-64.79737,-23.49431],[-64.79888,-23.49541],[-64.80423,-23.49541],[-64.81029,-23.49229],[-64.81468,-23.49139],[-64.81779,-23.48836],[-64.83144,-23.48887],[-64.83684,-23.48716],[-64.84087,-23.4844],[-64.84569,-23.48696],[-64.84397,-23.49523],[-64.84504,-23.49725],[-64.84629,-23.49457],[-64.84807,-23.49291],[-64.85463,-23.48934],[-64.85863,-23.48556],[-64.86422,-23.48496],[-64.87137,-23.47888],[-64.87336,-23.47874],[-64.87145,-23.47535],[-64.87163,-23.47363],[-64.8731,-23.47242],[-64.87403,-23.46974],[-64.87116,-23.45998],[-64.86949,-23.45685],[-64.86949,-23.45322],[-64.868,-23.449],[-64.86844,-23.44742],[-64.87374,-23.44408],[-64.87822,-23.44416],[-64.88139,-23.44204],[-64.88644,-23.44222],[-64.88942,-23.44103],[-64.89487,-23.44044],[-64.89921,-23.43499],[-64.90048,-23.42996],[-64.90666,-23.42379],[-64.90699,-23.41975],[-64.90219,-23.42038],[-64.89504,-23.4174],[-64.88773,-23.41065],[-64.87641,-23.41217],[-64.8647,-23.40915],[-64.85469,-23.41322],[-64.84959,-23.41059],[-64.84115,-23.41805],[-64.83283,-23.41736],[-64.82667,-23.41809],[-64.81921,-23.41731],[-64.81799,-23.41114],[-64.81341,-23.41195],[-64.81041,-23.4139],[-64.80719,-23.41101],[-64.78819,-23.41095],[-64.786,-23.40471],[-64.77984,-23.40353],[-64.77838,-23.39841],[-64.77187,-23.39296],[-64.76866,-23.39715],[-64.75988,-23.40085],[-64.75651,-23.39334],[-64.75577,-23.38624],[-64.73612,-23.38233],[-64.72795,-23.38373],[-64.72477,-23.37335],[-64.59008,-23.33647],[-64.58054,-23.33532],[-64.53583,-23.33908],[-64.50971,-23.32793],[-64.46604,-23.32145]]]]}},{"type":"Feature","properties":{"nombre":"Vaqueros"},"geometry":{"type":"MultiPolygon","coordinates":[[[[-65.65344,-24.38031],[-65.6504,-24.38119],[-65.63684,-24.38234],[-65.63524,-24.38188],[-65.62998,-24.38336],[-65.62409,-24.40132],[-65.62412,-24.4037],[-65.62674,-24.40605],[-65.62677,-24.40843],[-65.62694,-24.42509],[-65.62435,-24.42511],[-65.62437,-24.42749],[-65.62697,-24.42747],[-65.6244,-24.42987],[-65.6218,-24.4299],[-65.62187,-24.43704],[-65.61927,-24.43706],[-65.6193,-24.43944],[-65.6141,-24.43948],[-65.61413,-24.44186],[-65.61153,-24.44189],[-65.61155,-24.44427],[-65.60635,-24.44431],[-65.60373,-24.44196],[-65.60375,-24.44433],[-65.60116,-24.44436],[-65.6012,-24.44912],[-65.6038,-24.44909],[-65.60123,-24.4515],[-65.60125,-24.45388],[-65.59866,-24.4539],[-65.59868,-24.45628],[-65.59608,-24.4563],[-65.59346,-24.45394],[-65.59086,-24.45397],[-65.59088,-24.45635],[-65.58568,-24.45639],[-65.58571,-24.45877],[-65.57791,-24.45884],[-65.57789,-24.45646],[-65.57009,-24.45653],[-65.57011,-24.45891],[-65.56751,-24.45893],[-65.56754,-24.46131],[-65.56494,-24.46133],[-65.56498,-24.46609],[-65.55979,-24.46613],[-65.55981,-24.46851],[-65.55721,-24.46853],[-65.55723,-24.47091],[-65.55466,-24.47332],[-65.55471,-24.47808],[-65.55211,-24.4781],[-65.55215,-24.48286],[-65.54955,-24.48288],[-65.54967,-24.49478],[-65.5471,-24.49718],[-65.54724,-24.51146],[-65.54466,-24.51386],[-65.54478,-24.52575],[-65.54738,-24.52573],[-65.54741,-24.52811],[-65.55001,-24.52809],[-65.55008,-24.53523],[-65.5475,-24.53763],[-65.54757,-24.54477],[-65.545,-24.54717],[-65.54502,-24.54955],[-65.54762,-24.54953],[-65.54769,-24.55667],[-65.54509,-24.55669],[-65.54512,-24.55907],[-65.54772,-24.55905],[-65.54781,-24.56857],[-65.54001,-24.56863],[-65.54006,-24.57339],[-65.53745,-24.57341],[-65.53748,-24.57579],[-65.52967,-24.57586],[-65.52972,-24.58062],[-65.52712,-24.58064],[-65.52714,-24.58302],[-65.52454,-24.58304],[-65.52456,-24.58542],[-65.52196,-24.58544],[-65.52198,-24.58782],[-65.5194,-24.59022],[-65.5142,-24.59026],[-65.51422,-24.59264],[-65.50902,-24.59268],[-65.50644,-24.59508],[-65.50124,-24.59513],[-65.49866,-24.59753],[-65.49605,-24.59755],[-65.49347,-24.59995],[-65.48827,-24.59999],[-65.48829,-24.60237],[-65.48569,-24.60239],[-65.48311,-24.60479],[-65.48313,-24.60717],[-65.47539,-24.61437],[-65.47279,-24.61439],[-65.47281,-24.61677],[-65.47021,-24.61679],[-65.47023,-24.61917],[-65.46763,-24.61919],[-65.46505,-24.62159],[-65.45724,-24.62165],[-65.45726,-24.62403],[-65.45466,-24.62405],[-65.45468,-24.62643],[-65.45208,-24.62645],[-65.45221,-24.64073],[-65.447,-24.64077],[-65.44703,-24.64315],[-65.44182,-24.64319],[-65.44184,-24.64557],[-65.42883,-24.64567],[-65.42885,-24.64805],[-65.42625,-24.64807],[-65.42627,-24.65045],[-65.4211,-24.65524],[-65.42112,-24.65762],[-65.41592,-24.65766],[-65.41594,-24.66004],[-65.41073,-24.66008],[-65.40815,-24.66248],[-65.40817,-24.66486],[-65.40557,-24.66488],[-65.40561,-24.66964],[-65.4004,-24.66968],[-65.40042,-24.67206],[-65.39782,-24.67207],[-65.39784,-24.67446],[-65.39524,-24.67447],[-65.39526,-24.67685],[-65.39265,-24.67687],[-65.39269,-24.68163],[-65.39011,-24.68403],[-65.39015,-24.68879],[-65.39278,-24.69115],[-65.39292,-24.70781],[-65.39553,-24.70779],[-65.39593,-24.71188],[-65.40961,-24.71106],[-65.42019,-24.71391],[-65.43046,-24.71395],[-65.433,-24.71464],[-65.45049,-24.71248],[-65.46036,-24.70961],[-65.46505,-24.70633],[-65.47787,-24.70174],[-65.48247,-24.69745],[-65.48548,-24.692],[-65.49017,-24.68891],[-65.49256,-24.68531],[-65.49567,-24.68271],[-65.50333,-24.68151],[-65.5071,-24.67964],[-65.51136,-24.67993],[-65.51471,-24.67583],[-65.51977,-24.67318],[-65.52287,-24.67286],[-65.52549,-24.67048],[-65.53157,-24.66978],[-65.53687,-24.66474],[-65.5421,-24.66381],[-65.5438,-24.66437],[-65.54715,-24.66316],[-65.55146,-24.66395],[-65.55444,-24.66318],[-65.55785,-24.65942],[-65.56022,-24.65937],[-65.56181,-24.6556],[-65.56449,-24.65511],[-65.56656,-24.65262],[-65.56688,-24.64929],[-65.57078,-24.64876],[-65.58136,-24.64455],[-65.58083,-24.63778],[-65.57862,-24.63218],[-65.58117,-24.62312],[-65.58053,-24.6189],[-65.58313,-24.61373],[-65.58185,-24.60881],[-65.58168,-24.60373],[-65.58336,-24.60136],[-65.58375,-24.59391],[-65.5834,-24.58968],[-65.58119,-24.58374],[-65.5825,-24.58053],[-65.58234,-24.57375],[-65.5929,-24.57107],[-65.59885,-24.56809],[-65.60073,-24.5678],[-65.60173,-24.56931],[-65.6061,-24.56745],[-65.60894,-24.56728],[-65.61893,-24.55958],[-65.62077,-24.55896],[-65.62361,-24.55988],[-65.62714,-24.55835],[-65.62843,-24.55631],[-65.62979,-24.55635],[-65.63076,-24.55327],[-65.63209,-24.55293],[-65.63179,-24.54742],[-65.6345,-24.54337],[-65.634,-24.5347],[-65.66077,-24.52891],[-65.65822,-24.51673],[-65.65479,-24.5058],[-65.65395,-24.49598],[-65.65746,-24.47509],[-65.65956,-24.4686],[-65.66063,-24.45547],[-65.65824,-24.44343],[-65.65273,-24.43645],[-65.65223,-24.42837],[-65.65587,-24.42347],[-65.65971,-24.41161],[-65.66063,-24.3915],[-65.65925,-24.38168],[-65.65958,-24.37178],[-65.65855,-24.3687],[-65.65665,-24.37678],[-65.65344,-24.38031]]]]}}]}